marketCap,currentPrice,sharesOutstanding,totalCash,totalDebt,bookValue,trailingPE,forwardPE,priceToBook,priceToSalesTrailing12Months,enterpriseToEbitda,enterpriseToRevenue,enterpriseValue,trailingEps,freeCashflow,operatingCashflow,totalRevenue,ebitda,debtToEquity,currentRatio,quickRatio,returnOnEquity,returnOnAssets,grossMargins,operatingMargins,profitMargins,revenueGrowth,earningsGrowth,earningsQuarterlyGrowth,ebitdaMargins,dividendYield,payoutRatio,beta,heldPercentInsiders,heldPercentInstitutions,sector,industry,country,longName,shortName,currency,_fetched_at,_ticker,ticker,region,net_cash_pct,fcfYield_pct,sector_key,_pb,_pet,_pef,_evbd,_evrv,_de,_cr,_nc,_fy,_gm,_om,_rg,_eg,n_valid,composite
11805696000.0,17.28,683200000,2762852608,1333200512,43.712,,,0.39531478,0.6111382,5.974,0.764,14752194560.0,-0.92,-682198976.0,-263839744,19317555200.0,2469271808.0,3.617,2.95,1.584,-0.01328,0.03362,0.23889999,0.09356,-0.03253,0.283,,-0.892,0.12783,,0.0,,0.083579995,0.06185,Industrials,Conglomerates,Turkey,Bera Holding A.S.,BERA HOLDING,TRY,1781966489,BERA.IS,BERA.IS,TR,12.109850160464914,-5.778557875791482,Industrials,93.75,,,85.71428571428572,73.33333333333333,81.25,87.5,93.75,31.25,62.5,68.75,66.66666666666666,,10,74.44642857142857
54468382720.0,1978.0,27537101,4204013824,0,1269.207,11.990059,,1.5584534,292.19376,,275.879,51427127296.0,164.97,1191695232.0,-1354174720,186411872.0,,,72.133,54.022,0.14162,0.07779,1.0,0.67160004,23.86016,1.079,-0.543,-0.543,0.0,8.4,0.35509998,0.367,0.74856,0.01049,Basic Materials,Steel,Turkey,Borusan Yatirim ve Pazarlama A.S.,BORUSAN YAT. PAZ.,TRY,1781966490,BRYAT.IS,BRYAT.IS,TR,7.718264457403006,2.1878660105001186,Basic Materials,46.15384615384615,90.0,,,0.0,,100.0,76.92307692307693,76.92307692307693,100.0,100.0,100.0,40.0,10,73.0
180235010048.0,62.15,2900000000,51830480896,37669056512,50.889,27.378855,,1.2212856,1.4336622,12.716,1.321,166073581568.0,2.27,31164393472.0,32945088512,125716512768.0,13059845120.0,26.648,1.81,1.045,0.049429998,0.02118,0.092250004,0.048249997,0.052399997,0.177,0.463,0.463,0.103879996,7.24,0.1101,0.422,0.94873,0.0046,Basic Materials,Steel,Turkey,Iskenderun Demir ve Çelik A.S.,ISKENDERUN DEMIR CELIK,TRY,1781966476,ISDMR.IS,ISDMR.IS,TR,7.8571995419916165,17.29097663306387,Basic Materials,76.92307692307692,60.0,,60.0,69.23076923076923,41.666666666666664,69.23076923076923,84.61538461538461,100.0,69.23076923076923,53.84615384615385,76.92307692307693,100.0,12,71.80555555555554
28596578304.0,48.2,593290008,12223258624,15703495680,64.272,,3.8163104,0.7499377,0.100651406,-20.035,0.113,32076816384.0,-3.7,6368514048.0,22758092800,284115042304.0,-1601040000.0,41.182,0.849,0.217,-0.06327,-0.02428,0.20427,-0.03683,-0.00773,0.075,,,-0.00564,,0.0,0.102,0.24271,0.40905,Consumer Cyclical,Department Stores,Turkey,Sok Marketler Ticaret A.S.,SOK MARKETLER TICARET,TRY,1781966518,SOKM.IS,SOKM.IS,TR,-12.170117064366387,22.270196036388004,Consumer Cyclical,61.53846153846153,,50.0,,92.3076923076923,92.3076923076923,30.76923076923077,92.3076923076923,100.0,84.61538461538461,38.46153846153847,69.23076923076923,,10,71.15384615384616
9717499904.0,2.99,3250000000,28190880,757140864,8.576,3.9866667,,0.3486474,2.3525472,8.315,5.018,20728645632.0,0.75,-273610016.0,1166071168,4130629120.0,2492899328.0,1.876,3.394,0.343,0.08276,0.03416,0.67595,0.40868,0.59321,0.225,,,0.60352004,10.29,0.0,0.364,0.71665,0.00375,Real Estate,REIT - Diversified,Turkey,Servet Gayrimenkul Yatirim Ortakligi A.S.,SERVET GMYO,TRY,1781966518,SRVGY.IS,SRVGY.IS,TR,-7.501414882442586,-2.8156420756677787,Real Estate,50.0,50.0,,0.0,0.0,50.0,100.0,100.0,100.0,100.0,100.0,100.0,,11,68.18181818181819
383999967232.0,15.36,24999970000,1148512108544,1325944930304,16.842,5.0360656,3.035573,0.9120057,0.9609084,,3.039,1214449582080.0,3.05,,-447026429952,399621816320.0,,,,,0.22368999,0.019550001,0.0,0.2606,0.19059,0.62,0.681,0.681,0.0,3.51,0.17709999,0.176,0.66977996,0.06375,Financial Services,Banks - Regional,Turkey,Türkiye Is Bankasi A.S.,IS BANKASI (C),TRY,1781966502,ISCTR.IS,ISCTR.IS,TR,-46.20646794295193,,Financial Services,85.71428571428572,84.61538461538461,75.0,,69.23076923076923,,,57.14285714285714,,50.0,28.57142857142857,71.42857142857143,81.81818181818183,9,67.05794205794206
55055200256.0,21.4,2572673138,81411072000,41769590784,35.197,19.633026,305.71426,0.60800636,0.5905129,2.716,0.329,30630918144.0,1.09,5292036608.0,26225461248,93232857088.0,11275992064.0,39.491,1.61,1.39,0.0337,0.02148,0.20335,0.11374,0.0301,-0.018,,,0.12094,1.43,0.2805,0.482,0.64142996,0.05085,Industrials,Conglomerates,Turkey,Dogan Sirketler Grubu Holding A.S.,DOGAN HOLDING,TRY,1781966493,DOHOL.IS,DOHOL.IS,TR,72.00315507285765,9.612237505980675,Industrials,75.0,50.0,0.0,92.85714285714286,93.33333333333333,62.5,75.0,100.0,87.5,50.0,75.0,20.0,,12,65.09920634920634
128999997440.0,6.45,20000000000,103226195968,130987640,4.965,6.028037,1.8428571,1.2990936,1.3775384,0.895,0.277,25904789504.0,1.07,-14267836416.0,4189372416,93645299712.0,28931463168.0,0.239,1.36,1.2,0.49388,0.11788999,0.51628,0.35029,0.22899,0.292,0.423,0.423,0.30895,2.33,0.0932,0.172,0.38050997,0.012920001,Financial Services,Insurance - Property & Casualty,Turkey,Türkiye Sigorta A.S.,TURKIYE SIGORTA,TRY,1781966524,TURSG.IS,TURSG.IS,TR,79.91876773172129,-11.060338526468733,Financial Services,71.42857142857143,69.23076923076923,87.5,0.0,84.61538461538461,66.66666666666667,66.66666666666666,100.0,50.0,100.0,57.14285714285714,28.57142857142857,54.54545454545454,13,64.33598452829222
49543090176.0,225.4,219800767,4102171904,3025956096,324.739,9.68213,16.321505,0.69409585,0.66893125,14.224,0.654,48466927616.0,23.28,-367018368.0,2554853120,74063052800.0,3407473920.0,4.239,1.374,1.021,0.05683,0.0211,0.101280004,0.01836,0.04204,-0.136,7.698,7.7,0.04601,5.57,0.5392,0.603,0.70974,0.026099999,Utilities,Utilities - Regulated Gas,Turkey,Aygaz A.S.,AYGAZ,TRY,1781966487,AYGAZ.IS,AYGAZ.IS,TR,2.1722823590066405,-0.740806370164196,Utilities,66.66666666666667,66.66666666666667,33.33333333333334,0.0,66.66666666666667,66.66666666666667,100.0,100.0,100.0,33.33333333333333,33.33333333333333,66.66666666666666,100.0,13,64.1025641025641
105011765248.0,21.6,4861655783,12986897408,2912340992,14.274,12.000001,,1.5132408,1.956934,7.155,1.769,94937210880.0,1.8,-3717030912.0,10252508160,53661372416.0,13269570560.0,4.197,2.3,1.54,0.13065,0.08229999,0.25877002,0.14067,0.14091,-0.21,-0.921,-0.921,0.24728,4.63,0.5556,-0.65,0.80051005,0.04113,Basic Materials,Building Materials,Turkey,OYAK Çimento Fabrikalari A.S.,OYAK CIMENTO,TRY,1781966512,OYAKC.IS,OYAKC.IS,TR,9.593740655827967,-3.539632824209469,Basic Materials,61.53846153846153,80.0,,90.0,46.15384615384615,91.66666666666667,84.61538461538461,92.3076923076923,23.076923076923077,84.61538461538461,84.61538461538461,7.6923076923076925,20.0,12,63.856837606837615
34474020864.0,229.5,150213600,5866132992,1521340032,151.515,478.125,,1.5147015,1.9829493,9.278,1.733,30129227776.0,0.48,73616936.0,3982806784,17385226240.0,3247366144.0,6.684,3.013,2.391,0.0034599998,0.04269,0.22093001,-0.06586,0.00424,-0.061,,,0.18679,9.8,45.9184,-0.342,0.60447,0.03275,Basic Materials,Building Materials,Turkey,Nuh Çimento Sanayi A.S.,NUH CIMENTO,TRY,1781966510,NUHCM.IS,NUHCM.IS,TR,12.60309314408147,0.21354322517358446,Basic Materials,53.84615384615385,20.0,,80.0,53.84615384615385,83.33333333333334,92.3076923076923,100.0,61.53846153846154,76.92307692307693,23.076923076923077,53.84615384615385,,11,63.51981351981352
83045269504.0,34.1,2435345180,68103815168,161142833152,51.928,,0.22561862,0.65667844,0.1156701,6.543,0.552,396017074176.0,-1.39,6878373376.0,80747749376,717949304832.0,60521127936.0,46.52,0.944,0.52,0.06724,0.03837,0.27865,0.023829998,0.005,0.062,1.431,1.431,0.084300004,2.05,0.4772,-0.029,0.48648,0.16317,Industrials,Conglomerates,Turkey,AG Anadolu Grubu Holding A.S.,ANADOLU GRUBU HOLDING,TRY,1781966484,AGHOL.IS,AGHOL.IS,TR,-112.03409723358008,8.282679335116965,Industrials,68.75,,91.66666666666667,78.57142857142857,86.66666666666667,56.25,25.0,18.75,81.25,68.75,43.75,40.0,100.0,12,63.28373015873016
603539963904.0,143.7,4200000000,627404767232,574670635008,107.344,5.1175213,4.246454,1.3386868,1.6633487,,1.524,553048342528.0,28.08,,-750386872320,362846322688.0,,,,,0.30111998,0.028859999,0.0,0.45462,0.32486,0.497,0.321,0.321,0.0,3.67,0.1876,0.498,0.85974,0.02497,Financial Services,Banks - Regional,Turkey,Turkiye Garanti Bankasi A.S.,GARANTI BANKASI,TRY,1781966475,GARAN.IS,GARAN.IS,TR,8.7374714812403,,Financial Services,64.28571428571428,76.92307692307692,50.0,,76.92307692307692,,,78.57142857142857,,50.0,85.71428571428571,50.0,36.36363636363637,9,63.19791319791321
37275000832.0,355.0,105000000,812173504,64766,287.615,,,1.2342889,,-792.613,,36462891008.0,-0.89,-35057884.0,44010828,,-46003380.0,0.0,38.878,38.779,-0.00341,-0.00106,0.0,0.0,0.0,,,,0.0,1.61,0.8536,0.344,0.81574994,0.008119999,Industrials,Conglomerates,Turkey,Eczacibasi Yatirim Holding Ortakligi A.S.,ECZACIBASI YATIRIM,TRY,1781966495,ECZYT.IS,ECZYT.IS,TR,2.1786954255486357,-0.09405200058346709,Industrials,50.0,,,,,93.75,100.0,87.5,62.5,6.25,37.5,,,7,62.5
220849995776.0,63.1,3500000000,30668234752,141977272320,69.609,8.259162,8.561737,0.90649194,0.892627,3.374,1.342,332127502336.0,7.64,-9174727680.0,66941292544,247415767040.0,98441404416.0,58.283,1.008,0.636,0.13071,0.07418,0.42007,0.19945,0.10799,0.087,0.556,0.556,0.39788,,0.0,0.479,0.8668,0.024130002,Communication Services,Telecom Services,Turkey,Türk Telekomünikasyon Anonim Sirketi,TURK TELEKOM,TRY,1781966482,TTKOM.IS,TTKOM.IS,TR,-50.40028965221111,-4.1542802152939995,Communication Services,50.0,50.0,50.0,50.0,50.0,50.0,50.0,50.0,50.0,100.0,100.0,50.0,100.0,13,61.53846153846154
14101360640.0,70.5,200019288,4432283648,6673577984,144.209,,,0.48887378,0.71659595,10.244,0.83,16342653952.0,-4.6,-3518020608.0,2047410816,19678259200.0,1595320192.0,23.136,1.995,1.278,-0.03573,-0.0010899999,0.32242,0.047059998,-0.04685,0.079,,,0.081070006,,0.0,-0.151,0.82204,0.00319,Healthcare,Drug Manufacturers - Specialty & Generic,Turkey,Deva Holding A.S.,DEVA HOLDING,TRY,1781966492,DEVA.IS,DEVA.IS,TR,-15.894170734434887,-24.94809329264839,Healthcare,75.0,,,50.0,50.0,25.0,100.0,50.0,25.0,75.0,50.0,100.0,,10,60.0
163660005376.0,490.0,334000000,14310330368,9775142912,89.218,22.9939,1400.0,5.492165,2.8852758,12.229,2.906,164808032256.0,21.31,1294488192.0,10450758656,56722481152.0,13476752384.0,23.206,1.623,0.772,0.2067,0.124139994,0.26111,0.19896999,0.13282,0.483,,2.192,0.23759001,,0.0,,0.78729,0.016970001,Basic Materials,Agricultural Inputs,Turkey,Gübre Fabrikalari Türk Anonim Sirketi,GUBRE FABRIK.,TRY,1781966497,GUBRF.IS,GUBRF.IS,TR,2.7711030838479154,0.7909618413038564,Basic Materials,7.692307692307693,70.0,0.0,70.0,38.46153846153846,50.0,61.53846153846154,69.23076923076923,69.23076923076923,92.3076923076923,92.3076923076923,92.3076923076923,,12,59.42307692307691
40546504704.0,109.8,369275855,20580220928,58252406784,117.261,12.28188,3.8191307,0.9363727,0.36685035,5.076,0.733,81009868800.0,8.94,-6815640576.0,8885035008,110526013440.0,15958567936.0,112.424,2.555,1.627,0.080579996,0.06736,0.27142,0.13559,0.02987,0.186,-0.381,-0.38,0.14439,5.22,0.90269995,0.181,0.47233,0.08655,Consumer Defensive,Confectioners,Turkey,Ülker Bisküvi Sanayi A.S.,ULKER BISKUVI,TRY,1781966524,ULKER.IS,ULKER.IS,TR,-92.91105640551936,-16.809440482616058,Consumer Defensive,87.5,83.33333333333334,60.0,71.42857142857143,50.0,0.0,100.0,12.5,25.0,62.5,100.0,100.0,20.0,13,59.40476190476191
43780001792.0,199.0,220000000,5211757056,32793477120,308.219,14.795539,1.8325813,0.64564484,0.17484893,5.39,0.289,72408793088.0,13.45,-14830529536.0,-3656961024,250387595264.0,13433323520.0,47.627,1.248,0.531,0.0464,0.051009998,0.1158,0.04645,0.011820001,-0.098,-0.24,-0.24,0.05365,15.08,2.0269,-0.09,0.605,0.06823,Consumer Cyclical,Auto & Truck Dealerships,Turkey,Dogus Otomotiv Servis ve Ticaret A.S.,DOGUS OTOMOTIV,TRY,1781966493,DOAS.IS,DOAS.IS,TR,-63.00072849480801,-33.875123181721776,Consumer Cyclical,69.23076923076923,20.0,70.0,90.0,84.61538461538461,76.92307692307692,69.23076923076923,61.53846153846154,38.46153846153847,46.15384615384615,69.23076923076923,23.076923076923077,50.0,13,59.11242603550296
43861123072.0,136.0,322508253,4714364928,6204154880,73.136,14.814815,,1.8595493,1.0760573,4.387,1.113,45350912000.0,9.18,1422944640.0,5782136832,40760954880.0,10336675840.0,24.673,1.422,0.938,0.13406,0.10977,0.54515,-0.11118,0.07261,-0.025,,,0.25359,5.87,0.8702,-0.212,0.94988996,0.00018999999,Consumer Defensive,Beverages - Brewers,Turkey,Türk Tuborg Bira ve Malt Sanayii A.S.,T.TUBORG,TRY,1781966520,TBORG.IS,TBORG.IS,TR,-3.3966069440457396,3.244204754320067,Consumer Defensive,37.5,33.33333333333334,,85.71428571428572,37.5,75.0,87.5,75.0,62.5,100.0,12.5,37.5,,11,58.54978354978355
2375589376.0,73.35,32387040,1329036672,4777210368,222.452,94.03846,,0.32973406,0.26444045,7.734,0.825,7411756032.0,0.78,-1054918016.0,282887616,8983456768.0,958322752.0,54.332,1.399,0.708,-0.053179998,0.03287,0.219,0.12738,-0.03644,-0.097,,,0.106680006,1.36,1.0235,0.593,,,Consumer Cyclical,"Furnishings, Fixtures & Appliances",Turkey,Isbir Holding A.S.,ISBIR HOLDING,TRY,1781966501,ISBIR.IS,ISBIR.IS,TR,-145.15024064495563,-44.406580811380095,Consumer Cyclical,76.92307692307692,0.0,,80.0,46.15384615384615,69.23076923076923,92.3076923076923,30.76923076923077,23.076923076923077,92.3076923076923,100.0,30.76923076923077,,11,58.32167832167831
319679004672.0,91.1,3509100000,56687661056,164687790080,46.86,10.305429,0.49610627,1.9440887,0.39335075,8.267,0.526,427679121408.0,8.84,-8236608000.0,84167057408,812707217408.0,51735584768.0,100.153,1.258,0.787,0.21429001,0.05588,0.07934,0.030150002,0.03814,-0.086,-0.352,-0.352,0.06366,10.64,1.0964,0.292,0.79687,0.048109997,Consumer Cyclical,Auto Manufacturers,Turkey,Ford Otomotiv Sanayi A.S.,FORD OTOSAN,TRY,1781966475,FROTO.IS,FROTO.IS,TR,-33.78392933086465,-2.576524538560485,Consumer Cyclical,23.076923076923066,80.0,90.0,70.0,69.23076923076923,30.769230769230774,76.92307692307693,76.92307692307693,69.23076923076923,38.46153846153847,61.53846153846154,46.15384615384615,25.0,13,58.25443786982249
45804150784.0,11.79,3885000000,9910402048,28971091968,8.662,10.526786,19.016129,1.3611176,1.3424432,9.788,1.929,65811615744.0,1.12,411574496.0,6795526144,34119991296.0,6723380224.0,83.739,0.89,0.569,0.13522,0.02851,0.15586,0.06914,0.12903,0.186,1.329,1.329,0.19705,4.92,0.9464,-0.013,0.65613,0.059510004,Consumer Cyclical,Textile Manufacturing,Turkey,Aksa Akrilik Kimya Sanayii A.S.,AKSA,TRY,1781966484,AKSA.IS,AKSA.IS,TR,-41.61345553568947,0.8985528362721408,Consumer Cyclical,30.769230769230774,60.0,10.0,60.0,15.384615384615387,53.84615384615385,38.46153846153847,69.23076923076923,76.92307692307693,69.23076923076923,84.61538461538461,84.61538461538461,100.0,13,57.92899408284024
1620375040.0,43.5,37250000,704579968,204620128,23.797,,,1.8279614,3.7657247,-25.552,3.525,1516752384.0,-0.09,-30141676.0,280667776,430295680.0,-59359208.0,13.684,1.753,1.553,0.26059,-0.024489999,-0.04522,-0.62584996,0.75677,278.379,,,-0.13795,,0.0,0.292,0.28596002,0.0,Financial Services,Asset Management,Turkey,Avrupa Yatirim Holding A.S.,AVRUPA YATIRIM HOLDING,TRY,1781966486,AVHOL.IS,AVHOL.IS,TR,30.854575493831355,-1.8601666438900468,Financial Services,28.57142857142857,,,,53.84615384615385,33.33333333333334,100.0,85.71428571428571,100.0,7.142857142857142,7.142857142857142,100.0,,9,57.305657305657306
12186000384.0,13.54,900000000,1040547008,9348849664,8.037,19.623188,,1.6847082,0.6286479,7.036,1.057,20494303232.0,0.69,-2766355712.0,1562807040,19384459264.0,2912877056.0,116.901,0.998,0.597,0.09041,0.08306,0.29549998,0.12803,0.03202,1.957,,,0.15027,,0.0,,0.58515,0.01771,Industrials,Farm & Heavy Construction Machinery,Turkey,Karsan Otomotiv Sanayii ve Ticaret A.S.,KARSAN OTOMOTIV,TRY,1781966504,KARSN.IS,KARSN.IS,TR,-68.17907758240884,-22.701096543802638,Industrials,37.5,58.33333333333333,,71.42857142857143,66.66666666666667,31.25,43.75,37.5,18.75,81.25,81.25,100.0,,11,57.061688311688314
124460531712.0,21.02,5921052630,32113219584,96605085696,20.152,14.29932,0.68827766,1.0430727,0.50137454,7.443,1.231,305477746688.0,1.47,10904826880.0,45557026816,248238637056.0,41040756736.0,40.961,1.027,0.638,0.08141,0.04496,0.38138,0.06792,0.03508,0.076,-0.11,-0.11,0.16533001,1.62,0.0866,0.506,0.67047995,0.04938,Consumer Defensive,Beverages - Non-Alcoholic,Turkey,Anadolu Efes Biracilik ve Malt Sanayii Anonim Sirketi,ANADOLU EFES,TRY,1781966483,AEFES.IS,AEFES.IS,TR,-51.81712244427279,8.761674669069889,Consumer Defensive,75.0,50.0,80.0,42.85714285714286,25.0,50.0,25.0,25.0,100.0,87.5,75.0,62.5,40.0,13,56.75824175824176
269009485824.0,40.02,6721875999,124155781120,155627061248,43.956,571.7143,6.4967537,0.9104559,1.2509153,14.695,1.441,309858697216.0,0.07,33616904192.0,64040026112,215050125312.0,21085386752.0,51.051,2.03,1.196,0.0023100001,0.010720001,0.091000006,0.03257,0.0021799998,0.115,-0.099,-0.1,0.098050006,1.37,3.5817,0.963,0.49699003,0.086990006,Basic Materials,Steel,Turkey,Eregli Demir ve Çelik Fabrikalari T.A.S.,EREGLI DEMIR CELIK,TRY,1781966474,EREGL.IS,EREGL.IS,TR,-11.698948099023596,12.496549736537517,Basic Materials,84.61538461538461,0.0,66.66666666666667,50.0,61.53846153846153,25.0,76.92307692307693,38.46153846153847,92.3076923076923,61.53846153846154,38.46153846153847,61.53846153846154,60.0,13,55.15779092702169
366433075200.0,43.38,8447051000,510139727872,1120378683392,32.097,7.7602863,4.571128,1.3515282,1.7444222,,4.65,976679337984.0,5.59,,-575702630400,210059853824.0,,,,,0.23477,0.01723,0.0,0.43077,0.26643,0.554,0.777,0.777,0.0,,0.0,0.385,0.61166,0.14501001,Financial Services,Banks - Regional,Turkey,Yapi ve Kredi Bankasi A.S.,YAPI VE KREDI BANK.,TRY,1781966528,YKBNK.IS,YKBNK.IS,TR,-166.53490004605348,,Financial Services,57.142857142857146,53.84615384615385,37.5,,30.769230769230774,,,21.428571428571427,,50.0,78.57142857142857,57.14285714285714,100.0,9,54.04456654456654
437189935104.0,226.9,1926795598,130056552448,55735943168,183.554,13.207217,10.940212,1.2361485,0.49622732,5.085,0.419,369277108224.0,17.18,83987783680.0,82215428096,881027514368.0,72616181760.0,15.479,1.1,0.725,0.103719994,0.061690003,0.09714,0.05171,0.03758,0.244,28.202,28.202,0.08242,5.95,1.0362,0.228,0.50668997,0.11517,Energy,Oil & Gas Refining & Marketing,Turkey,Türkiye Petrol Rafinerileri A.S.,TUPRAS,TRY,1781966523,TUPRS.IS,TUPRS.IS,TR,16.999615799096656,19.21082278804537,Energy,0.0,0.0,0.0,0.0,0.0,0.0,100.0,100.0,100.0,100.0,100.0,100.0,100.0,13,53.84615384615385
15124635648.0,77.75,194529076,5249856000,19660347392,89.211,,29.011194,0.8715293,0.4733628,19.375,1.058,33796261888.0,-6.0,1729627264.0,5414528512,31951466496.0,1744322304.0,97.03,1.207,0.656,-0.05436,0.0031,0.13444,0.07007,-0.03504,0.116,,,0.05459,,0.0,,0.71109,0.01205,Consumer Cyclical,Textile Manufacturing,Turkey,Kordsa Teknik Tekstil A.S.,KORDSA TEKNIK TEKSTIL,TRY,1781966505,KORDS.IS,KORDS.IS,TR,-95.27827134074178,11.43582764077174,Consumer Cyclical,38.46153846153846,,0.0,40.0,30.769230769230774,38.46153846153846,61.53846153846154,46.15384615384615,92.3076923076923,53.84615384615385,92.3076923076923,76.92307692307693,,11,51.888111888111894
224126107648.0,80.1,2798078602,25256202240,51659956224,29.82,12.714285,8.566844,2.6861167,1.1658959,7.368,1.366,262524403712.0,6.3,13056030720.0,35536945152,192235094016.0,35630190592.0,54.132,1.142,0.785,0.21987,0.092180006,0.36567003,0.13055,0.09177,0.107,2.138,2.138,0.18535,1.79,0.1701,0.252,0.7043,0.08384,Consumer Defensive,Beverages - Non-Alcoholic,Turkey,Coca-Cola Içecek Anonim Sirketi,COCA COLA ICECEK,TRY,1781966490,CCOLA.IS,CCOLA.IS,TR,-11.78075783365152,5.825305608976655,Consumer Defensive,12.5,66.66666666666667,0.0,57.142857142857146,12.5,12.5,50.0,37.5,75.0,75.0,87.5,87.5,100.0,13,51.83150183150183
138489937920.0,46.28,2992436056,47589761024,170715004928,81.002,12.243386,4.3578153,0.5713439,0.6224036,14.978,1.079,240012574720.0,3.78,-46927048704.0,37739909120,222508253184.0,16024516608.0,59.683,1.68,1.012,0.03601,0.00195,0.28687,-0.00298,0.045479998,-0.034,0.321,0.148,0.07202,1.27,0.1729,-0.02,0.59607,0.036760002,Industrials,Conglomerates,Turkey,Türkiye Sise Ve Cam Fabrikalari A.S.,SISE CAM,TRY,1781966517,SISE.IS,SISE.IS,TR,-88.90555209514531,-33.884807379369214,Industrials,87.5,75.0,66.66666666666667,28.57142857142857,60.0,50.0,81.25,25.0,12.5,75.0,31.25,13.333333333333334,60.0,13,51.23626373626374
163874996224.0,327.75,500000000,21156831232,69372747776,117.93,14.206762,10.335856,2.779191,0.4119361,23.786,0.533,212090912768.0,23.07,-38728757248.0,-5647157248,397816528896.0,8916810752.0,117.651,1.569,1.179,0.22183001,0.02036,0.06461,0.00955,0.028970001,1.878,,,0.02241,6.1,0.86730003,0.617,0.75478995,0.05741,Consumer Cyclical,Auto Manufacturers,Turkey,Tofas Türk Otomobil Fabrikasi Anonim Sirketi,TOFAS OTO. FAB.,TRY,1781966521,TOASO.IS,TOASO.IS,TR,-29.4223753806187,-23.633109467817672,Consumer Cyclical,15.384615384615387,40.0,30.0,30.0,61.53846153846153,23.076923076923066,100.0,84.61538461538461,46.15384615384615,23.076923076923077,46.15384615384615,100.0,,12,50.0
56431169536.0,82.35,685260100,4047663104,3892954880,96.666,,,0.8519024,5.737793,1873.265,5.722,56280387584.0,-1.24,-770102144.0,1480372992,9834995712.0,30044000.0,5.877,1.729,1.323,-0.0145000005,-0.0053600003,0.34004003,-0.11121,-0.0863,-0.013,,,0.0030500002,2.13,0.5742,0.235,0.81232,0.01356,Healthcare,Drug Manufacturers - Specialty & Generic,Turkey,"EIS Eczacibasi Ilaç, Sinai ve Finansal Yatirimlar Sanayi ve Ticaret A.S.",ECZACIBASI ILAC,TRY,1781966494,ECILC.IS,ECILC.IS,TR,0.27415385020738336,-1.3646751437762015,Healthcare,50.0,,,0.0,0.0,75.0,75.0,75.0,75.0,100.0,25.0,25.0,,10,50.0
1835400036352.0,402.5,4560000000,31005730816,53089816576,61.639,56.5309,19.924599,6.529957,9.925074,38.215,10.053,1859148185600.0,7.12,-49088790528.0,49231835136,184925585408.0,48649863168.0,18.777,1.54,0.588,0.14837,0.070989996,0.31925,0.20516,0.17581,0.15,0.861,0.861,0.26308,0.11,0.032899998,0.82,0.74195,0.093439996,Industrials,Aerospace & Defense,Turkey,ASELSAN Elektronik Sanayi ve Ticaret Anonim Sirketi,ASELSAN,TRY,1781966472,ASELS.IS,ASELS.IS,TR,-1.2032301036614248,-2.674555386060021,Industrials,18.75,0.0,25.0,14.285714285714292,13.333333333333329,75.0,68.75,75.0,43.75,87.5,100.0,46.666666666666664,80.0,13,49.848901098901095
40167899136.0,1653.0,24300000,4549061120,11047771136,335.95,12.180384,178.125,4.920375,2.0609477,9.765,2.446,47677792256.0,135.71,-599825088.0,3382618624,19490015232.0,4882686464.0,120.415,1.261,0.852,0.37543,0.11096,0.33591,0.08238,0.16152,0.38,-0.987,-0.987,0.25052,6.23,1.087,-0.371,0.89912003,0.00722,Industrials,Airports & Air Services,Turkey,Çelebi Hava Servisi A.S.,CELEBI,TRY,1781966491,CLEBI.IS,CLEBI.IS,TR,-16.1788646052828,-1.493294647970309,Industrials,25.0,83.33333333333334,8.333333333333343,57.142857142857146,33.33333333333334,25.0,62.5,56.25,50.0,93.75,56.25,73.33333333333333,20.0,13,49.5558608058608
553443000320.0,94.4,5862743582,4297370112,156867008,1.485,15.225807,25.444744,63.569023,157.43625,714.022,156.29,549412175872.0,6.2,270246144.0,569887424,3515346688.0,769460608.0,1.779,3.362,2.905,0.09986,0.03647,0.23339,0.18088,0.22332,-0.004,-0.266,-0.266,0.21889,6.44,0.3514,0.399,0.71793,0.01777,Industrials,Engineering & Construction,Turkey,Enka Insaat ve Sanayi A.S.,ENKA INSAAT,TRY,1781966473,ENKAI.IS,ENKAI.IS,TR,0.7481354180296736,0.04882998679967838,Industrials,6.25,66.66666666666667,16.666666666666657,0.0,0.0,87.5,93.75,81.25,68.75,56.25,87.5,26.666666666666668,40.0,13,48.5576923076923
126277828608.0,2.73,46255615357,5766568960,148684242944,3.522,,,0.77512777,2.199569,29.796,4.573,262534316032.0,-0.5,4434224640.0,5935832064,57410260992.0,8811083776.0,86.599,0.627,0.314,-0.14666,0.00119,0.07692,0.05731,-0.38531,0.362,-0.073,-0.073,0.15348,,0.0,-0.5,0.47055,0.06634,Consumer Cyclical,Textile Manufacturing,Turkey,Sasa Polyester Sanayi A.S.,SASA POLYESTER,TRY,1781966480,SASA.IS,SASA.IS,TR,-113.17717097247095,3.511483123268625,Consumer Cyclical,53.84615384615385,,,20.0,0.0,46.15384615384615,15.384615384615385,38.46153846153847,84.61538461538461,30.76923076923077,76.92307692307693,92.3076923076923,75.0,11,48.49650349650351
18403999744.0,21.4,860000000,49737015296,64388550656,5.572,13.544303,,3.8406317,3.344911,,6.008,33055535104.0,1.58,,8895218688,5502089216.0,,,,,0.27221,0.01219,0.0,0.54585,0.24735,5.551,,,0.0,,0.0,,0.0,0.9284,Financial Services,Banks - Regional,Turkey,ICBC Turkey Bank A.S.,ICBC TURKEY BANK,TRY,1781966499,ICBCT.IS,ICBCT.IS,TR,-79.6106040197954,,Financial Services,14.285714285714292,23.076923076923066,,,23.076923076923066,,,42.857142857142854,,50.0,92.85714285714286,92.85714285714286,,7,48.430141287284144
341133262848.0,47.48,7184778041,505797410816,741415518208,31.464,11.277909,10.64574,1.5090262,2.0232885,,3.451,581771198464.0,4.21,,-399357050880,168603369472.0,,,,,0.15443,0.0078799995,0.0,0.29503,0.17931,0.674,0.484,0.484,0.0,,0.0,0.724,0.91493,0.0038299998,Financial Services,Banks - Regional,Turkey,Türkiye Halk Bankasi A.S.,T. HALK BANKASI,TRY,1781966498,HALKB.IS,HALKB.IS,TR,-69.06922691293967,,Financial Services,42.85714285714286,30.769230769230774,0.0,,61.53846153846153,,,50.0,,50.0,50.0,85.71428571428571,63.63636363636363,9,48.27949827949828
104079605760.0,167.6,621000000,13384031232,6084089344,55.5,90.10753,20.192772,3.01982,0.59516186,18.346,0.553,96779730944.0,1.86,-3767647488.0,-562048576,174876131328.0,5275248640.0,17.653,1.366,0.52,0.03838,0.0334,0.093739994,0.059310004,0.00662,0.058,550.397,550.381,0.03017,0.26,0.2147,0.312,0.82422996,0.014830001,Healthcare,Medical Distribution,Turkey,Selçuk Ecza Deposu Ticaret ve Sanayi A.S.,SELCUK ECZA DEPOSU,TRY,1781966516,SELEC.IS,SELEC.IS,TR,7.013806244455936,-3.6199671016125112,Healthcare,0.0,0.0,0.0,25.0,75.0,50.0,50.0,100.0,50.0,25.0,75.0,75.0,100.0,13,48.07692307692308
86467108864.0,454.25,102122233,5980698112,21094146048,209.451,15.289465,9.365979,2.168765,1.5694762,6.84,1.889,104094720000.0,29.71,290048736.0,11287410688,55092969472.0,15217503232.0,49.96,1.288,1.114,0.20549,0.10258,0.28112,0.15696,0.1005,0.057,0.089,0.089,0.27621,,0.0,,0.56124,0.132,Healthcare,Medical Care Facilities,Turkey,MLP Saglik Hizmetleri A.S.,MLP SAGLIK,TRY,1781966510,MPARK.IS,MPARK.IS,TR,-17.478840375906664,0.33544400849137196,Healthcare,25.0,50.0,50.0,75.0,25.0,0.0,25.0,25.0,100.0,50.0,100.0,50.0,50.0,13,48.07692307692308
425619980288.0,81.85,5200000000,251334311936,827411791872,58.193,6.792531,4.682494,1.4065266,2.0301592,,,,12.05,,-680122777600,209648566272.0,,,,,0.22963,0.01929,0.0,0.42071998,0.29894,0.437,0.394,0.394,0.0,2.69,0.18270001,0.669,0.41277,0.20362,Financial Services,Banks - Regional,Turkey,Akbank T.A.S.,AKBANK,TRY,1781966470,AKBNK.IS,AKBNK.IS,TR,-135.35019656412547,,Financial Services,50.0,61.53846153846153,25.0,,,,,35.714285714285715,,50.0,71.42857142857143,42.857142857142854,45.45454545454545,8,47.74912587412587
127437340672.0,107.9,1181068970,32631820288,89490530304,85.286,24.411764,17.154213,1.2651548,0.5578109,5.101,0.807,184296046592.0,4.42,-23327692800.0,43556171776,228459757568.0,36131721216.0,88.843,0.927,0.823,0.05843,0.085159995,0.26551,0.15977,0.022850001,-0.077,,,0.15815,4.71,0.6493,0.444,0.8,0.032780003,Utilities,Utilities - Regulated Electric,Turkey,Enerjisa Enerji A.S.,ENERJISA ENERJI,TRY,1781966496,ENJSA.IS,ENJSA.IS,TR,-44.61699350926016,-18.305225671682166,Utilities,33.33333333333334,0.0,0.0,66.66666666666667,33.33333333333334,0.0,66.66666666666666,66.66666666666666,33.33333333333333,100.0,66.66666666666666,100.0,,12,47.22222222222222
122349281280.0,687.0,178092117,28937050112,36540760064,487.937,16.950407,8.453304,1.4079686,0.29176113,8.518,0.317,132845453312.0,40.53,7186661376.0,35096793088,419347431424.0,15595956224.0,40.965,0.799,0.343,0.09182,0.033859998,0.23768999,0.00106,0.01617,0.064,0.244,0.244,0.03719,2.19,0.2588,-0.079,0.49181998,0.10137,Consumer Defensive,Grocery Stores,Turkey,Migros Ticaret A.S.,MIGROS TICARET,TRY,1781966509,MGROS.IS,MGROS.IS,TR,-6.214756533468049,5.873889328007665,Consumer Defensive,62.5,16.666666666666657,20.0,28.57142857142857,87.5,37.5,12.5,50.0,87.5,50.0,50.0,50.0,60.0,13,47.13369963369963
454450184192.0,383.25,1185780000,29957855232,58075168768,159.369,21.327213,7.2066565,2.4047964,0.6136186,15.26,0.654,484385062912.0,17.97,8909208576.0,34487971840,740606935040.0,31742228480.0,30.439,1.068,0.532,0.13429,0.037750002,0.19339001,0.01324,0.0291,0.101,0.809,0.825,0.042859998,2.48,0.36169997,0.002,0.27569,0.23916,Consumer Defensive,Grocery Stores,Turkey,BIM Birlesik Magazalar A.S.,BIM MAGAZALAR,TRY,1781966472,BIMAS.IS,BIMAS.IS,TR,-6.187105762976379,1.960436784031748,Consumer Defensive,25.0,0.0,40.0,14.285714285714292,62.5,62.5,37.5,62.5,50.0,37.5,62.5,75.0,80.0,13,46.86813186813186
495086960640.0,195.3,2535007575,516264001536,1384498987008,281.881,20.322582,6.533958,0.6928455,0.17739552,10.05,0.642,1792753008640.0,9.61,200368750592.0,-8082999808,2790864977920.0,178379997184.0,121.022,0.865,0.739,0.03943,0.014479999,0.17177,0.042340003,0.00873,0.048,,,0.06392,3.5,1.4259,0.233,0.57186,0.08928,Industrials,Conglomerates,Turkey,Koç Holding A.S.,KOC HOLDING,TRY,1781966478,KCHOL.IS,KCHOL.IS,TR,-175.37019846970534,40.47142553158396,Industrials,62.5,41.666666666666664,41.666666666666664,50.0,80.0,18.75,12.5,12.5,100.0,37.5,50.0,33.33333333333333,,12,45.03472222222222
67912134656.0,103.5,656155917,79793414144,249242779648,120.811,,6.7120624,0.8567101,0.13279451,10.574,0.464,237301186560.0,-12.97,-36690235392.0,19825281024,511407652864.0,22441089024.0,318.086,0.955,0.62,-0.11971,0.00624,0.29073998,0.0129700005,-0.01569,-0.088,,,0.04388,,0.0,0.069,0.6614,0.02858,Consumer Cyclical,"Furnishings, Fixtures & Appliances",Turkey,Arçelik Anonim Sirketi,ARCELIK,TRY,1781966471,ARCLK.IS,ARCLK.IS,TR,-249.51264801544454,-54.02603758201619,Consumer Cyclical,46.15384615384615,,40.0,50.0,76.92307692307692,7.692307692307693,46.15384615384615,23.076923076923077,7.6923076923076925,100.0,53.84615384615385,38.46153846153847,,11,44.54545454545455
16903984128.0,169.0,100023579,6003714048,4741070848,113.834,,,1.484618,0.53932095,-6.16,0.499,15641341952.0,-38.92,-23610363904.0,-3064223232,31343089664.0,-2539333888.0,41.639,1.287,0.747,-0.34789002,-0.117989995,-0.01756,-0.10442001,-0.12422,-0.214,,,-0.081020005,,0.0,-0.195,0.91705,0.00021,Consumer Defensive,Packaged Foods,Turkey,Banvit Bandirma Vitaminli Yem Sanayii Anonim Sirketi,BANVIT,TRY,1781966488,BANVT.IS,BANVT.IS,TR,7.469500624462489,-139.67336768195054,Consumer Defensive,50.0,,,,75.0,25.0,75.0,100.0,12.5,12.5,25.0,25.0,,9,44.44444444444444
347057258496.0,35.0,9915921523,924430041088,1595019886592,33.128,4.5513654,6.2836623,1.0565082,1.4128715,,4.209,1033951576064.0,7.69,,-590507343872,245639643136.0,,,,,0.25109,0.015369999,0.0,0.37745997,0.29479,0.259,-0.206,-0.218,0.0,,0.0,0.274,0.89539003,0.00964,Financial Services,Banks - Regional,Turkey,Türkiye Vakiflar Bankasi Türk Anonim Ortakligi,VAKIFLAR BANKASI,TRY,1781966526,VAKBN.IS,VAKBN.IS,TR,-193.22167425918536,,Financial Services,78.57142857142857,92.3076923076923,12.5,,46.15384615384615,,,14.285714285714285,,50.0,64.28571428571429,21.428571428571427,18.181818181818183,9,44.19053169053169
9765000192.0,130.2,75000000,43812600,1097334912,32.973,,,3.9486852,2.591162,-12.583,2.871,10819942400.0,-12.46,-518956480.0,-475065888,3768579584.0,-859916032.0,43.328,1.022,0.356,-0.35414,-0.19732,-0.25441,-0.24212,-0.24796,-0.003,,,-0.22818,,0.0,,0.7721,0.0004,Consumer Cyclical,Packaging & Containers,Turkey,Kartonsan Karton Sanayi ve Ticaret A.S.,KARTONSAN,TRY,1781966504,KARTN.IS,KARTN.IS,TR,-10.788758743323946,-5.314454375793627,Consumer Cyclical,7.692307692307693,,,,7.692307692307693,84.61538461538461,53.84615384615385,100.0,53.84615384615385,7.6923076923076925,15.384615384615385,61.53846153846154,,9,43.589743589743584
91849998336.0,183.7,500000000,69331525632,238866186240,231.496,10.649275,5.067586,0.7935342,0.5624593,13.554,1.601,261384650752.0,17.25,28141125632.0,34156625920,163300704256.0,19285391360.0,206.368,0.969,0.77,0.08795,0.02869,0.14644,-0.14422,0.05283,0.389,,,0.1181,,0.0,0.005,0.52811,0.059660003,Industrials,Airlines,Turkey,Pegasus Hava Tasimaciligi Anonim Sirketi,PEGASUS,TRY,1781966513,PGSUS.IS,PGSUS.IS,TR,-184.57775033138134,30.638134068392542,Industrials,56.25,91.66666666666667,50.0,35.71428571428571,46.666666666666664,0.0,31.25,6.25,93.75,25.0,6.25,80.0,,12,43.56646825396825
25280000000.0,316.0,80000000,497365664,1904333312,1.798,33.22818,,175.75084,2.9483416,37.92,3.112,26683002880.0,9.51,-139194768.0,1172710656,8574311936.0,703668864.0,195.161,1.061,0.312,1.4118899,0.04986,0.18221001,0.18277,0.09511,1.312,,,0.08207,,0.0,,0.94324,1.0000001e-05,Industrials,Electrical Equipment & Parts,Turkey,Ulusoy Elektrik Imalat Taahhüt ve Ticaret A.S.,ULUSOY ELEKTRIK,TRY,1781966525,ULUSE.IS,ULUSE.IS,TR,-5.565536582278481,-0.5506122151898735,Industrials,0.0,25.0,,21.42857142857143,26.66666666666667,6.25,50.0,62.5,56.25,43.75,93.75,93.33333333333333,,11,43.53896103896104
50252894208.0,136.2,356570000,8960018432,15170192384,90.826,,9.855282,1.4995706,0.9871655,67.924,1.084,55186616320.0,-14.85,3830906880.0,6139561984,50906251264.0,812475008.0,42.773,0.772,0.395,-0.15544,-0.01505,0.029979998,-0.026770001,-0.104049996,-0.169,,,0.01596,0.24,0.0,0.041,0.68904,0.03395,Basic Materials,Agricultural Inputs,Turkey,Tekfen Holding Anonim Sirketi,TEKFEN HOLDING,TRY,1781966521,TKFEN.IS,TKFEN.IS,TR,-12.357843363798482,7.623256213151877,Basic Materials,69.23076923076923,,50.0,10.0,76.92307692307692,33.33333333333334,23.076923076923077,30.76923076923077,84.61538461538461,23.076923076923077,30.76923076923077,46.15384615384615,,11,43.44988344988346
56220000256.0,37.48,1500000000,55914647552,22963666944,20.947,8.2555065,,1.7892777,0.033059485,,0.017,28578777088.0,4.54,,25584197632,1700570857472.0,,62.518,1.231,1.005,0.22845,0.054569997,0.01677,0.00828,0.004,0.135,-0.432,-0.432,0.0,8.45,0.6985,-0.074,0.65745,0.07667,Financial Services,Capital Markets,Turkey,Is Yatirim Menkul Degerler Anonim Sirketi,IS Y. MEN. DEG.,TRY,1781966503,ISMEN.IS,ISMEN.IS,TR,58.61077989675631,,Financial Services,35.71428571428571,46.15384615384615,,,92.3076923076923,0.0,33.33333333333333,92.85714285714286,,92.85714285714286,14.285714285714285,14.285714285714285,9.090909090909092,10,43.08857808857809
28020000768.0,28.02,1000000000,2057073536,12599431168,12.91,80.057144,,2.1704106,0.32727063,15.338,0.452,38698463232.0,0.35,-5208196608.0,219511712,85617221632.0,2522978304.0,96.58,1.382,0.79,0.03274,0.04335,0.04067,0.040549997,0.00417,0.325,0.03,0.03,0.02947,1.26,0.71209997,1.059,0.23382,0.04185,Basic Materials,Copper,Turkey,Sarkuysan Elektrolitik Bakir Sanayi ve Ticaret A.S.,SARKUYSAN,TRY,1781966515,SARKY.IS,SARKY.IS,TR,-37.624401652550304,-18.587424929509552,Basic Materials,38.46153846153846,50.0,,40.0,92.3076923076923,0.0,30.76923076923077,15.384615384615385,7.6923076923076925,30.76923076923077,46.15384615384615,84.61538461538461,80.0,12,43.012820512820504
246808592384.0,113.4,2176442555,119809572864,206346862592,119.231,13.420119,9.043062,0.9510949,0.9988965,5.059,1.349,333270908928.0,8.45,2612114944.0,88345378816,247081254912.0,65873149952.0,70.932,1.692,1.531,0.073460005,0.04776,0.28053,0.15144,0.07368,0.089,0.151,0.149,0.26661,3.53,0.4303,0.677,0.46,0.13225001,Communication Services,Telecom Services,Turkey,Turkcell Iletisim Hizmetleri A.S.,TURKCELL,TRY,1781966481,TCELL.IS,TCELL.IS,TR,-35.06251094911637,1.058356566426144,Communication Services,0.0,0.0,0.0,0.0,0.0,0.0,100.0,100.0,100.0,50.0,50.0,100.0,50.0,13,42.30769230769231
106691420160.0,87.0,1226338236,4394010112,57313533952,52.304,14.548495,15.703971,1.6633527,2.6849413,13.549,4.165,165496668160.0,5.98,-12860141568.0,10132137984,39736967168.0,12214676480.0,81.843,0.629,0.41,0.07406,0.047470003,0.25907,0.23552,0.092989996,-0.21,0.082,0.082,0.30739,,0.0,-0.466,0.80129,0.01454,Utilities,Utilities - Independent Power Producers,Turkey,Aksa Enerji Üretim A.S.,AKSA ENERJI,TRY,1781966485,AKSEN.IS,AKSEN.IS,TR,-49.60054309956614,-12.053585516730646,Utilities,0.0,33.33333333333334,66.66666666666667,33.33333333333334,0.0,33.33333333333334,33.33333333333333,33.33333333333333,66.66666666666666,66.66666666666666,100.0,33.33333333333333,50.0,13,42.30769230769231
45016977408.0,103.6,434526825,16247097344,28630302720,180.448,24.666668,4.051623,0.5741266,4.9466214,-51.725,6.746,61392814080.0,4.2,-19409713152.0,-258987008,9100550144.0,-1186902016.0,32.302,0.887,0.621,0.01849,-0.01329,0.01829,-0.10827,0.19816999,0.559,,,-0.13042,3.07,0.6202,,0.59765,0.0346,Industrials,Conglomerates,Turkey,Alarko Holding A.S.,ALARKO HOLDING,TRY,1781966486,ALARK.IS,ALARK.IS,TR,-27.50785612229792,-43.11642911092179,Industrials,81.25,33.33333333333334,75.0,,20.0,68.75,18.75,43.75,6.25,12.5,12.5,86.66666666666667,,11,41.70454545454546
107894530048.0,297.0,363281250,10743760896,102667714560,212.294,50.510204,14.842579,1.3990033,1.2527304,8.302,2.328,200509734912.0,5.88,-5215269888.0,11012575232,86127493120.0,24151750656.0,131.94,0.783,0.459,0.0332,0.04494,0.39141998,0.09279,0.01816,0.276,,,0.28042,1.22,0.0,-0.091,0.5017,0.18685,Industrials,Airports & Air Services,Turkey,TAV Havalimanlari Holding A.S.,TAV HAVALIMANLARI,TRY,1781966519,TAVHL.IS,TAVHL.IS,TR,-85.19797400582307,-4.833674038600322,Industrials,43.75,8.333333333333343,33.33333333333334,64.28571428571428,40.0,12.5,6.25,31.25,37.5,100.0,62.5,60.0,,12,41.64186507936508
48426602496.0,41.04,240303646,4543648768,8189540352,8.381,164.16,,4.8967905,0.76463646,57.099,7.28,461053919232.0,0.25,-1388688768.0,9693710336,63332847616.0,8074650624.0,8.767,1.448,0.486,0.00382,0.026819998,0.08538,0.06348,0.00448,-0.18,,,0.1275,,0.0,0.375,0.0,0.11545,Basic Materials,Steel,Turkey,Kardemir Karabük Demir Çelik Sanayi Ve Ticaret A.S.,KARDEMIR (A),TRY,1781966507,KRDMA.IS,KRDMA.IS,TR,-7.528695791329048,-2.867615517968052,Basic Materials,15.384615384615387,30.0,,20.0,23.076923076923066,66.66666666666667,46.15384615384615,53.84615384615385,38.46153846153847,46.15384615384615,69.23076923076923,30.76923076923077,,11,39.976689976689975
50992132096.0,20.12,2534400000,4982797824,52093812736,26.799,,4.8133974,0.7507743,0.54862726,-13.105,1.055,98103140352.0,-2.59,-3243086080.0,5530415104,92944949248.0,-7486000128.0,76.699,0.555,0.366,-0.102589995,-0.05606,-0.019129999,-0.11102,-0.070539996,0.167,,,-0.08054,,0.0,0.064,0.51,0.04107,Basic Materials,Chemicals,Turkey,Petkim Petrokimya Holding Anonim Sirketi,PETKIM,TRY,1781966512,PETKM.IS,PETKM.IS,TR,-92.38879210484228,-6.359973483545316,Basic Materials,92.3076923076923,,83.33333333333334,,84.61538461538461,8.333333333333343,7.6923076923076925,7.6923076923076925,15.384615384615385,15.384615384615385,15.384615384615385,69.23076923076923,,10,39.93589743589743
46489198592.0,40.78,780226002,4543648768,8189540352,8.381,163.12,460.79095,4.865768,0.7340456,56.74,7.234,458156113920.0,0.25,-1388688768.0,9693710336,63332847616.0,8074650624.0,8.767,1.448,0.486,0.00382,0.026819998,0.08538,0.06348,0.00448,-0.18,,,0.1275,,0.0,0.375,0.0,0.10922,Basic Materials,Steel,Turkey,Kardemir Karabük Demir Çelik Sanayi Ve Ticaret A.S.,KARDEMIR (D),TRY,1781966508,KRDMD.IS,KRDMD.IS,TR,-7.842448771804373,-2.987121331532202,Basic Materials,23.076923076923066,40.0,16.666666666666657,30.0,30.769230769230774,66.66666666666667,46.15384615384615,46.15384615384615,30.76923076923077,46.15384615384615,69.23076923076923,30.76923076923077,,12,39.7008547008547
90500005888.0,9.05,10000000000,35387265024,164202528768,3.363,10.055556,,2.6910498,5.4262934,,13.15,219315273728.0,0.9,,8324130816,16678052864.0,,,,,0.34083998,0.05372,0.0,0.81162,0.58784,0.381,-0.2,0.455,0.0,,0.0,-0.593,1.8014799,0.0,Financial Services,Banks - Regional,Turkey,Türkiye Kalkinma ve Yatirim Bankasi A.S.,T. KALKINMA BANK.,TRY,1781966479,KLNMA.IS,KLNMA.IS,TR,-142.33729874384514,,Financial Services,21.42857142857143,38.46153846153846,,,15.384615384615387,,,28.57142857142857,,50.0,100.0,35.714285714285715,27.27272727272727,8,39.60414585414585
208437772288.0,100.8,2067834969,217577750528,913283481600,184.655,26.046513,3.6416185,0.5458829,0.80075586,,4.41,1147898822656.0,3.87,,-31878520832,260301275136.0,,,,,0.024249999,0.0035899999,0.0,0.2838,0.030569999,0.074,,,0.0,1.4,0.3653,0.362,0.34595,0.12988,Financial Services,Banks - Regional,Turkey,Haci Ömer Sabanci Holding A.S.,SABANCI HOLDING,TRY,1781966515,SAHOL.IS,SAHOL.IS,TR,-333.77142896669335,,Financial Services,92.85714285714286,15.384615384615387,62.5,,38.46153846153846,,,7.142857142857142,,50.0,42.857142857142854,7.142857142857142,,8,39.54326923076923
1.0499999964069888e+16,420000.0,29000,1148512108544,1325944930304,16.842,Infinity,,24937.658,26274.842,,65687.74,2.6250253850116096e+16,0.0,,-447026429952,399621816320.0,,,,,0.22368999,0.019550001,0.0,0.2606,0.19059,0.62,0.681,0.681,0.0,0.0,0.66870004,0.176,0.0,3.0000001e-05,Financial Services,Banks - Regional,Turkey,Türkiye Is Bankasi A.S.,IS BANKASI (B),TRY,1781966501,ISBTR.IS,ISBTR.IS,TR,-0.001689836403496763,,Financial Services,7.142857142857139,3.8461538461538396,,,7.692307692307693,,,64.28571428571429,,50.0,28.57142857142857,71.42857142857143,81.81818181818183,8,39.34815184815185
45030096896.0,450.0,100066875,7366918656,16567911424,167.036,,3.9345982,2.69403,0.95314986,11.954,1.148,54231085056.0,-11.3,-8695790592.0,5913593344,47243460608.0,4536648192.0,96.939,1.083,0.554,-0.072569996,0.03683,0.12618,-0.04185,-0.02392,-0.396,,,0.09603,16.96,0.0,0.195,0.75,0.054279998,Industrials,Farm & Heavy Construction Machinery,Turkey,Türk Traktör ve Ziraat Makineleri A.S.,TURK TRAKTOR,TRY,1781966522,TTRAK.IS,TTRAK.IS,TR,-20.432984608605892,-19.311063469580148,Industrials,31.25,,83.33333333333334,42.85714285714286,53.333333333333336,37.5,56.25,50.0,25.0,18.75,18.75,6.666666666666667,,11,38.51731601731602
80324976640.0,21.94,3661120138,15355089920,66266677248,37.941,274.25,1097.0,0.57826626,0.8814136,5.021,1.472,134183755776.0,0.08,-84334903296.0,-38850093056,91131994112.0,26723360768.0,46.018,1.986,0.314,0.02378,0.056550004,0.27258,0.24693,0.03297,-0.292,-0.704,-0.704,0.29323998,2.73,5.0524,0.669,0.49338,0.076409996,Real Estate,REIT - Residential,Turkey,Emlak Konut Gayrimenkul Yatirim Ortakligi A.S.,EMLAK KONUT GMYO,TRY,1781966495,EKGYO.IS,EKGYO.IS,TR,-63.38201323876538,-104.99212925261301,Real Estate,0.0,0.0,0.0,50.0,50.0,0.0,50.0,50.0,50.0,50.0,50.0,50.0,100.0,13,38.46153846153846
1.2374999934645043e+17,4950000.0,1000,1148512108544,1325944930304,16.842,Infinity,,293908.1,309667.78,,774170.1,3.0937525606416384e+17,0.0,,-447026429952,399621816320.0,,,,,0.22368999,0.019550001,0.0,0.2606,0.19059,0.62,0.681,0.681,0.0,0.0,0.161,0.176,0.0,0.0,Financial Services,Banks - Regional,Turkey,Türkiye Is Bankasi A.S.,IS BANKASI (A),TRY,1781966500,ISATR.IS,ISATR.IS,TR,-0.0001433800587450988,,Financial Services,0.0,3.8461538461538396,,,0.0,,,71.42857142857143,,50.0,28.57142857142857,71.42857142857143,81.81818181818183,8,38.386613386613384
9968000000.0,6.23,1600000000,279668992,25786726400,24.395,,1.3722467,0.25538018,0.15695928,45.103,0.559,35475058688.0,-3.97,-5202410496.0,8782711808,63506915328.0,786526016.0,66.067,0.825,0.556,-0.16941,-0.01731,0.05387,-0.11338,-0.10009,-0.522,,,0.01238,0.7,4.2702,0.301,0.77331,0.012200001,Consumer Cyclical,"Furnishings, Fixtures & Appliances",Turkey,Vestel Beyaz Esya Sanayi ve Ticaret A.S.,VESTEL BEYAZ ESYA,TRY,1781966527,VESBE.IS,VESBE.IS,TR,-255.8894202247191,-52.191116532905305,Consumer Cyclical,92.3076923076923,,80.0,10.0,53.84615384615385,61.53846153846153,23.076923076923077,15.384615384615385,15.384615384615385,15.384615384615385,30.76923076923077,7.6923076923076925,,11,36.85314685314685
448393609216.0,326.75,1372283353,6387999744,18300999680,15.808,33.341835,4.5369344,20.669914,17.8458,157.47,18.419,462803042304.0,9.8,1209500032.0,4284000000,25126000640.0,2939000064.0,83.896,0.976,0.731,0.15560001,0.026919998,0.16218,-0.02062,0.1266,0.211,,,0.116969995,2.11,0.8053,-0.003,0.49122003,0.08552,Industrials,Airlines,Turkey,Türk Hava Yollari Anonim Ortakligi,TURK HAVA YOLLARI,TRY,1781966481,THYAO.IS,THYAO.IS,TR,-2.656817512816351,0.2697406936987276,Industrials,12.5,16.666666666666657,58.33333333333333,7.142857142857139,6.666666666666671,43.75,37.5,68.75,75.0,31.25,25.0,53.333333333333336,,12,36.32440476190476
8151587328.0,24.3,335456275,2111773952,94944133120,80.125,,2.6045015,0.30327612,0.06902118,-19.029,0.93,109832323072.0,-88.37,-358355360.0,-1341895936,118102687744.0,-5771943936.0,269.546,0.368,0.131,-0.6254,-0.03563,0.14626001,-0.24829,-0.21905,-0.37,,,-0.04887,,0.0,,0.5277,0.02256,Consumer Cyclical,"Furnishings, Fixtures & Appliances",Turkey,Vestel Elektronik Sanayi ve Ticaret Anonim Sirketi,VESTEL,TRY,1781966528,VESTL.IS,VESTL.IS,TR,-1138.8255493396832,-4.39614207123906,Consumer Cyclical,84.61538461538461,,60.0,,38.46153846153846,15.384615384615387,7.6923076923076925,7.6923076923076925,61.53846153846154,61.53846153846154,7.6923076923076925,15.384615384615385,,10,35.99999999999999
126224998400.0,382.5,330000000,248159872,628901696,22.035,,,17.358747,7.906098,352.653,7.93,126605737984.0,-1.61,-327116800.0,12226178,15965523968.0,359009440.0,8.649,1.254,0.918,-0.13623,-0.01721,0.12791,-0.059,-0.05731,-0.235,,,0.02249,,0.0,-0.468,0.99459,0.0,Consumer Defensive,Confectioners,Turkey,Kent Gida Maddeleri Sanayii ve Ticaret A.S.,KENT GIDA,TRY,1781966478,KENT.IS,KENT.IS,TR,-0.3016374163804307,-0.259153736697532,Consumer Defensive,0.0,,,0.0,0.0,87.5,62.5,87.5,37.5,25.0,37.5,12.5,,10,35.0
147916275712.0,120.0,119470352,4543648768,8189540352,8.381,480.0,12.711865,14.318101,2.3355381,166.087,21.175,1341096198144.0,0.25,-1388688768.0,9693710336,63332847616.0,8074650624.0,8.767,1.448,0.486,0.00382,0.026819998,0.08538,0.06348,0.00448,-0.18,,,0.1275,,0.0,0.375,0.0,0.00369,Basic Materials,Steel,Turkey,Kardemir Karabük Demir Çelik Sanayi Ve Ticaret A.S.,KARDEMIR (B),TRY,1781966507,KRDMB.IS,KRDMB.IS,TR,-2.464834627866594,-0.938834324563338,Basic Materials,0.0,10.0,33.33333333333334,0.0,7.692307692307693,66.66666666666667,46.15384615384615,61.53846153846154,46.15384615384615,46.15384615384615,69.23076923076923,30.76923076923077,,12,34.80769230769231
42240000000.0,352.0,120000000,10726622208,43169148928,65.204,,15.540839,5.398442,0.8267303,297.96,1.462,74682523648.0,-20.44,-15533910016.0,-9224913920,51092840448.0,250646000.0,551.72,1.264,0.683,-0.30212,-0.0052300002,0.17312999,-0.22148001,-0.04803,-0.083,,,0.00491,,0.0,0.364,0.72186995,0.039809998,Consumer Cyclical,Auto Manufacturers,Turkey,Otokar Otomotiv ve Savunma Sanayi A.S.,OTOKAR,TRY,1781966511,OTKAR.IS,OTKAR.IS,TR,-76.80522424242425,-36.77535515151515,Consumer Cyclical,0.0,,20.0,0.0,23.076923076923066,0.0,84.61538461538461,53.84615384615385,30.76923076923077,76.92307692307693,23.076923076923077,53.84615384615385,,11,33.28671328671329
35068801024.0,4.16,8430000000,1976627840,12002343936,1.771,,,2.3489552,6.244615,-25.114,8.217,46144770048.0,-0.42,-298564832.0,1056168832,5615846912.0,-1837428352.0,75.094,0.583,0.322,-0.23468,-0.06107,-0.029849999,-0.12465999,-0.63181996,-0.187,,,-0.32719,,0.0,-0.23,0.55367,0.03554,Basic Materials,Agricultural Inputs,Turkey,Hektas Ticaret T.A.S.,HEKTAS,TRY,1781966498,HEKTS.IS,HEKTS.IS,TR,-28.58870506904046,-0.8513688044129923,Basic Materials,30.769230769230774,,,,15.384615384615387,16.666666666666657,15.384615384615385,23.076923076923077,53.84615384615385,7.6923076923076925,7.6923076923076925,15.384615384615385,,9,20.65527065527065
