symbol,n_obs,mean_return,median_return,win_rate,skew,t_stat,sharpe,sortino,gpr,tail_ratio,max_loss,accumulation,distribution,net_accumulation,ret_x_volz,va_sharpe,va_gpr,vol_anomaly_z,compression_score,persistence_1w,persistence_4w,liquidity,sample_penalty,stability,liquidity_pct,tradable_sharpe,va_gpr_capped,gpr_capped,z_tradable_sharpe,z_va_gpr,z_net_accum,z_persistence,z_liquidity,composite
NMR-USD,9.0,-0.04004370264215282,-0.046876824646991055,0.1111111111111111,0.4562196216009475,-4.229836397048837,-1.4099454656829455,-1.7235485471014178,0.02360602647714296,0.10546271161529532,-0.0826181761291227,0.0,0.02669145613026416,-0.02669145613026416,-0.014842602380593447,-0.5507031673422232,0.0,0.08017565447418915,-0.08017565447418915,-0.14217146546514556,-0.14667687755920186,360137101.5074997,0.5570860145311556,0.7877929034412997,0.6853932584269663,-0.4241079989753922,0.0,0.02360602647714296,-6.322478757454244,-0.12125923712187188,-0.7358660307698838,-0.17756660800584467,0.2622807746641199,2.074638556405182
RENDER-USD,6.0,-0.0661675959877616,-0.018827449038028687,0.3333333333333333,-0.883731573113947,-1.6710448556453064,-0.682201205605629,-0.6650388790607752,0.047194375068584905,0.06110763322068456,-0.19978488491303192,0.00281632411888417,0.005621353373290121,-0.002805029254405951,0.010677769640637136,-0.022902509957986514,0.5010046392503882,-0.002147557513050155,0.002147557513050155,-0.171257982143288,-0.21563971801721923,1983311082.1527822,0.4803844614152614,0.8885277489501235,0.7528089887640449,-0.21920841673151292,0.5010046392503882,0.047194375068584905,-3.189319094815515,-0.12065845193952958,-0.487499922674028,-0.5368536286022394,0.5693321906321805,1.1080551511914603
FORTH-USD,6.0,-0.052035283337622085,-0.043512436148155975,0.3333333333333333,-0.6196970236059152,-2.1909533490798605,-0.8944529592479284,-1.0820875471770472,0.034196294015683755,0.07207717123102737,-0.14198225112142238,0.0,0.0,0.0,0.03469384892927565,0.0,,0.3611328820905404,-0.3611328820905404,-0.0968798238143197,-0.10976671863350877,91788365.94438457,0.4803844614152614,0.9006179300274594,0.5393258426966292,-0.20870760580317818,2.100300048115261,0.034196294015683755,-3.0287491372521336,-0.11874063939138288,-0.4583338107799151,0.014730300620255588,0.016249324959209038,1.0261421855905093
MINA-USD,5.0,-0.06402143268132798,-0.05695316306943421,0.2,-0.7002071059867955,-2.4908449732449256,-1.1139397363178596,-1.349533285368022,0.024004328162254826,0.05162235253446073,-0.1525103312098246,0.0,0.0,0.0,0.04166410511775048,0.0,,-0.16340036779238415,0.16340036779238415,-0.155361805264889,-0.285018968684424,78280836.94177356,0.4472135954999579,0.5,0.48314606741573035,-0.12034419533655258,2.100300048115261,0.024004328162254826,-1.677566912792081,-0.11874063939138288,-0.4583338107799151,-0.8983100897612795,-0.012400256334583115,0.7606085349391031
CELO-USD,7.0,-0.0673735900841195,-0.05255828568121901,0.14285714285714285,0.11969268730481784,-3.437224520221751,-1.2991487544000078,-1.6435012938392397,0.028922540329241197,0.10365160088101172,-0.1355171556047322,0.0,0.0,0.0,0.02486391151849064,0.0,,0.20624595149192546,-0.20624595149192546,-0.12984126823988698,-0.08917272652334485,49346759.561674654,0.5091750772173156,0.48661634005901244,0.43820224719101125,-0.1410546174892507,2.100300048115261,0.028922540329241197,-1.9942540361841619,-0.11874063939138288,-0.4583338107799151,0.12202219895717013,-0.09544819642948749,0.7108696226584504
KNC-USD,5.0,-0.04295386766458211,-0.027902619643690785,0.2,-0.5067842390119343,-2.313890731991631,-1.0348033938480068,-1.1345483967590597,0.01188141933574607,0.026128834178149648,-0.09883516790920555,0.0,0.009710382280334735,-0.009710382280334735,0.0020329403270316583,-0.178969879194543,0.0,0.541055033253246,-0.541055033253246,-0.05417222133984184,-0.1666083955862518,32805069.53219205,0.4472135954999579,0.5,0.39325842696629215,-0.0909957029434911,0.0,0.01188141933574607,-1.228793364704739,-0.12125923712187188,-0.5593003499623499,-0.2814071064589442,-0.1689317356597067,0.569917128219172
APE-USD,6.0,0.019501534785568837,-0.00018321705679075206,0.3333333333333333,1.354132576857018,1.1773822770020919,0.48066430180855446,3.4199042983520944,6.772912148134289,7.919287398410606,-0.01132767136352042,0.0,0.0,0.0,-0.005950052955833468,0.0,,-0.13102256274413052,0.13102256274413052,-0.17664896999979526,-0.35557313860290274,3238.119356662035,0.4803844614152614,0.0,0.056179775280898875,0.0,2.100300048115261,6.772912148134289,0.16263975982286924,-0.11874063939138288,-0.4583338107799151,-1.2658877204433259,-1.8288866813307134,0.4453318202565382
ACH-USD,6.0,-0.05005188169915997,-0.05070202813854158,0.16666666666666666,0.4814072937047974,-2.71964329173861,-1.1102897245238008,-1.6286913318072465,0.07080229834529277,0.2064264232570924,-0.11085252782668176,0.0,0.0006734875774478776,-0.0006734875774478776,0.022856959874252878,-0.014446665705691654,0.0,-0.12230322570833567,0.12230322570833567,-0.15492684631771106,-0.24834034246032738,2408962.8747546654,0.4803844614152614,0.4540960857001426,0.1797752808988764,-0.043541461871979215,0.0,0.07080229834529277,-0.503161265711836,-0.12125923712187188,-0.4653365948016096,-0.707219435024589,-0.6389270059084073,0.44430612379886975
CLV-USD,5.0,-0.04788244354769895,-0.04513578302060528,0.0,-1.6023318894554697,-3.186139580251736,-1.4248849374491055,-1.4248849374491055,0.0,-0.21212296394534672,-0.10432476728941065,0.0,0.0,0.0,0.029117056149671437,0.0,,-0.23659793788873892,0.23659793788873892,-0.13137834448728175,-0.22646743389420942,524798.4745433554,0.4472135954999579,0.5,0.11235955056179775,-0.03579932112642399,2.100300048115261,0.0,-0.38477467448114555,-0.11874063939138288,-0.4583338107799151,-0.593264555870764,-0.9132037707986201,0.417094384808649
SKL-USD,6.0,-0.05058934792469394,-0.07104636854395269,0.3333333333333333,0.5891229542201138,-1.9564422601864069,-0.7987142081123569,-1.9783871161249125,0.15128495059348937,0.2569299422266677,-0.11491516058276752,0.0,0.0,0.0,0.012591150439903298,0.0,,0.24086096428058118,-0.24086096428058118,-0.17726087405348567,-0.275818066058504,7671708.191248134,0.4803844614152614,0.13693785775261658,0.2696629213483146,-0.014168540823372792,2.100300048115261,0.15128495059348937,-0.05401417426570471,-0.11874063939138288,-0.4583338107799151,-0.8503746383020723,-0.4304493943653565,0.30815730946538666
BICO-USD,5.0,-0.03948225604075937,-0.06410831143247664,0.2,0.9711786526566959,-0.8294932063599455,-0.3709606392590198,-0.6728687198144361,0.39298931638320733,0.7931147431868404,-0.16114630469189972,0.0,0.0,0.0,0.05087521280091002,0.0,,0.1500617807940093,-0.1500617807940093,-0.09377454903649199,-0.21278683755771494,8347098.8097546995,0.4472135954999579,0.5,0.2808988764044944,-0.023300370965167006,2.100300048115261,0.39298931638320733,-0.19365077836714042,-0.11874063939138288,-0.4583338107799151,-0.5219905093686723,-0.41526369865753543,0.2992721017850252
AVAX-USD,6.0,-0.036811527984873325,-0.03926028345465449,0.16666666666666666,0.49132984308463884,-1.613265392996999,-0.658612838755537,-0.9443357293770758,0.19163116617878162,0.47789829967398856,-0.10956105133135674,0.0,0.0,0.0,0.01459575907434147,0.0,,-0.11174080664263496,0.11174080664263496,-0.13914547700666988,-0.1949816130770766,36549104225.96257,0.4803844614152614,0.20579943995749317,0.8876404494382022,-0.05779635059674483,2.100300048115261,0.19163116617878162,-0.7211355624806788,-0.11874063939138288,-0.4583338107799151,-0.42922771113977737,1.0937716416555907,0.29269958325343987
GODS-USD,5.0,0.03278722467157578,-0.027547497612744,0.4,1.586256944052352,0.41489226525456835,0.18554546168961777,0.6972810785107147,1.7621574689183117,2.711194051533591,-0.12114255301241383,0.0,0.020085407503142975,-0.020085407503142975,-0.021120269014600474,-0.08278335488968087,0.0,0.7728271760067398,-0.7728271760067398,-0.21432382695161206,-0.272457757822674,1775731.054382667,0.4472135954999579,0.5,0.16853932584269662,0.006992566268335421,0.0,1.7621574689183117,0.26956446084153723,-0.12125923712187188,-0.6671777084880646,-0.8328678893584601,-0.6938177807087573,0.2771929742002645
UNI-USD,5.0,-0.02178430252567589,-0.01459854557320106,0.4,-0.9387532260909781,-0.6049464295123573,-0.2705402678270832,-0.30526475322283786,0.44908901659374645,0.46392445204221805,-0.14739879457985716,0.0,0.0,0.0,0.003223477197073968,0.0,,-0.11962262758278079,0.11962262758278079,-0.1221488897089044,0.05796494692619085,0.06960000330582261,0.4472135954999579,0.5,0.02247191011235955,-0.0013594301786794545,2.100300048115261,0.44908901659374645,0.1418524465771905,-0.11874063939138288,-0.4583338107799151,0.8885894685195577,-3.271559043477802,0.27266367210051823
COTI-USD,7.0,-0.041790659730837176,-0.04024973720471681,0.2857142857142857,-0.5707265490301222,-1.7429953229801867,-0.658790308707754,-0.8676995999567166,0.17301022809693298,0.26307329219452336,-0.1536315098613471,0.0,0.0,0.0,0.02686808926524798,0.0,,0.03194920254722392,-0.03194920254722392,-0.08523354516119973,-0.1515797155002602,4516111.863882169,0.5091750772173156,0.30309091309958813,0.24719101123595505,-0.025131587914978364,2.100300048115261,0.17301022809693298,-0.2216522755779073,-0.11874063939138288,-0.4583338107799151,-0.20310972694657592,-0.5258181839490695,0.27089588211409427
MIR-USD,6.0,0.032792870660450925,-0.011210767554057421,0.3333333333333333,0.9503145239559737,0.5187762957789359,0.21178953588492594,0.4935846847222507,1.8942361857400756,1.976841872834184,-0.1484954581645902,0.0,0.0018019021225364465,-0.0018019021225364465,-0.031405427762560695,-0.010518046354844664,0.0,0.1113157357215365,-0.1113157357215365,-0.06575150478512237,-0.07481393564097583,980.1964832049562,0.4803844614152614,0.0,0.033707865168539325,0.0,0.0,1.8942361857400756,0.16263975982286924,-0.12125923712187188,-0.4770696149950007,0.1968295468162487,-2.0438329863529368,0.25179567094546373
SPELL-USD,5.0,0.017538490267940788,-0.014285634641648226,0.2,1.5956849396686033,0.3084575502944383,0.13794641012628484,0.3647198542747127,1.6058877080302545,2.1597755947864554,-0.10761594238443828,0.020326818585474506,0.0,0.020326818585474506,0.0346919987473648,0.13262921890547463,inf,-0.08619182754580085,0.08619182754580085,-0.18190865443100462,-0.22196182759112668,56733.013336834265,0.4472135954999579,0.5,0.07865168539325842,0.0024260706202933343,2.100300048115261,1.6058877080302545,0.19973728107193006,-0.11874063939138288,-0.24697977075196603,-0.5697909597447399,-1.3135931515963333,0.23598788879800425
OXT-USD,7.0,-0.006750288033670948,-0.02443996668251902,0.2857142857142857,0.5396418217093802,-0.3030239105197713,-0.11453227264880057,-0.22812676493114017,0.7526297494423604,0.9629171725422171,-0.07846256267369045,0.00543990491300852,0.0025900608429210432,0.002849844070087477,0.012020171067769564,0.04159409439843672,2.100300048115261,-0.1415917527682898,0.1415917527682898,-0.1184670013983072,-0.20052037095508865,3921542.0146668553,0.5091750772173156,0.6043752702096724,0.2247191011235955,-0.007920301079062097,2.100300048115261,0.7526297494423604,0.04152888402159539,-0.11874063939138288,-0.42870172373540816,-0.4580838864739013,-0.5512252083000828,0.22680194318954222
GALA-USD,6.0,0.01441812366312828,-0.03395787797928568,0.16666666666666666,2.110272614360943,0.22334677992354302,0.09118094108439508,0.3332595246096288,1.3591518355334054,2.811075382967313,-0.11646016206795196,0.0,0.00044416263260739107,-0.00044416263260739107,0.014745375379076074,-0.0022327517952449435,0.0,-0.22001551736308098,0.22001551736308098,-0.1884091778368796,-0.25820269812324814,10980424.691947086,0.4803844614152614,0.0,0.29213483146067415,0.0,0.0,1.3591518355334054,0.16263975982286924,-0.12125923712187188,-0.46295212163049276,-0.7586009668562124,-0.3659133878266754,0.22449478947080515
EGLD-USD,6.0,-0.04475763734620608,-0.05387367047918146,0.3333333333333333,0.2572614492999376,-1.5204572562664904,-0.6207240755941704,-1.0216133174747895,0.2150557533870512,0.38983260339668024,-0.1252059293112685,0.0,0.0,0.0,0.02159321530094006,0.0,,-0.1811353021550272,0.1811353021550272,-0.15771851612899448,-0.14703237270726943,5417168302.402025,0.4803844614152614,0.16491284373430182,0.8314606741573034,-0.040886857754747874,2.100300048115261,0.2150557533870512,-0.4625691939794282,-0.11874063939138288,-0.4583338107799151,-0.17941868938383584,0.7501762990004408,0.2120178537051885
SHIB-USD,6.0,-0.013849226690169617,-0.03571429731498327,0.3333333333333333,0.833970050116971,-0.39285984426308335,-0.16038435981230326,-1.175064435265777,0.6673018391453663,1.315789187630257,-0.09500005305385573,0.011784871655192831,0.0,0.011784871655192831,0.039470463887575115,0.11360153223609631,inf,-0.10065932077082737,0.10065932077082737,-0.15663712552249692,-0.11978865410747434,23041.520327761828,0.4803844614152614,0.0,0.06741573033707865,-0.0,2.100300048115261,0.6673018391453663,0.16263975982286924,-0.11874063939138288,-0.33579716171886753,-0.03748262032580728,-1.475760309351138,0.20125108822874338
FIDA-USD,6.0,-0.03203737331243086,-0.028198768925783824,0.16666666666666666,1.051238859708743,-0.41966007155313567,-0.1713255067875101,-0.2993249848172213,0.6061618535264638,1.246793041941352,-0.23729282445172284,0.0,0.00827448828790323,-0.00827448828790323,-0.022446025321275747,-0.04017910990635154,0.0,0.3223817902938178,-0.3223817902938178,-0.08889997987358451,-0.14778511602398933,6538828.794996858,0.4803844614152614,0.0,0.25842696629213485,-0.0,0.0,0.6061618535264638,0.16263975982286924,-0.12125923712187188,-0.544370222304836,-0.18334037969911202,-0.4592066917178198,0.1638186519212232
XTZ-USD,9.0,0.006544979842526715,-0.01630686383127289,0.3333333333333333,0.9203800760426786,0.19593720947335427,0.06531240315778475,0.18397283941844667,1.1840415748055597,1.8278840387677613,-0.09132994104824144,0.0011951700028008756,0.01412638794757838,-0.012931217944777505,-0.017357910001823247,-0.08147320014178817,0.08460549202216677,0.03680749542493582,-0.03680749542493582,-0.09881455204363569,-0.18603000869392017,88522853.15379798,0.5570860145311556,0.0,0.5280898876404494,0.0,0.08460549202216677,1.1840415748055597,0.16263975982286924,-0.12115778152252304,-0.5927899305911913,-0.3825910696235419,0.009729612033772738,0.15647120279216226
RAD-USD,6.0,-0.012906395192828879,-0.03464175059326341,0.3333333333333333,0.5907707087569007,-0.41557462075590723,-0.16965762848376734,-0.4280784665543368,0.6745991180988343,0.9461499999540122,-0.09438380024594273,0.0,0.0,0.0,0.0011557064430527664,0.0,,0.06595174626654864,-0.06595174626654864,-0.08549133420760893,-0.21745497394321234,96157955.04068208,0.4803844614152614,0.0,0.5617977528089888,-0.0,2.100300048115261,0.6745991180988343,0.16263975982286924,-0.11874063939138288,-0.4583338107799151,-0.5463108651217684,0.024619554796717222,0.1520446683455615
CTSI-USD,7.0,0.0052137121712062685,0.03743964022121382,0.5714285714285714,-0.4262609158298961,0.16806257813544997,0.06352168377753742,0.12318834305693224,1.162457272339954,0.8321151410352451,-0.12165175010791274,0.004793648825464395,0.0,0.004793648825464395,0.019689434084772226,0.05242578281549246,inf,0.13490551081236454,-0.13490551081236454,-0.11002776755671358,-0.18283646934791817,13206141.649110615,0.5091750772173156,0.0,0.3146067415730337,0.0,2.100300048115261,1.162457272339954,0.16263975982286924,-0.11874063939138288,-0.408490445401472,-0.3659531639171938,-0.33269500759273907,0.15075379632813235
NKN-USD,8.0,0.006747517952013449,0.003479460049103489,0.625,-0.8479204877176783,0.23243789612223056,0.08217920627638177,0.08935699489845214,1.2652769502701326,0.7186865004735415,-0.1518459979859782,0.015025451770963507,0.0,0.015025451770963507,0.020699779895654035,0.1262476020610951,inf,-0.2752342754931143,0.2752342754931143,-0.0946564481544952,-0.17639921593212177,3895989.6632317007,0.5345224838248488,0.0,0.21348314606741572,0.0,2.100300048115261,1.2652769502701326,0.16263975982286924,-0.11874063939138288,-0.30210228238384923,-0.33241594901675137,-0.5524017708174279,0.1464162578120103
SUSHI-USD,6.0,-0.030180153388071174,-0.029115860469125676,0.3333333333333333,0.025501832030452854,-0.9973932763687853,-0.4071840999977079,-0.6207552103414954,0.36240013490820394,0.5507695259412502,-0.11849243747986948,0.0,0.0,0.0,0.010397319826807866,0.0,,0.27859763061090065,-0.27859763061090065,-0.18828154187645085,-0.22695042183105274,238932995.55921212,0.4803844614152614,0.0,0.651685393258427,-0.0,2.100300048115261,0.36240013490820394,0.16263975982286924,-0.11874063939138288,-0.4583338107799151,-0.595780857340656,0.1884350080090698,0.1430836218571594
ICP-USD,6.0,-0.012999205252050875,-0.02908921107681106,0.3333333333333333,0.8970366392721977,-0.5812120512988852,-0.23727882633976494,-0.5989822350012655,0.5696765109129925,1.1983443056279288,-0.06233233948436778,0.0,0.0,0.0,0.009738107764218965,0.0,,-0.08702635748644638,0.08702635748644638,-0.15824118544945603,-0.2488944579598488,4217790055.1081753,0.4803844614152614,0.05860971405796056,0.797752808988764,-0.005329492819055225,2.100300048115261,0.5696765109129925,0.08114544080023785,-0.11874063939138288,-0.4583338107799151,-0.7101063014234655,0.7051343552131373,0.1330107994559635
FLOW-USD,6.0,-0.03213364441929437,-0.047838667471258645,0.3333333333333333,0.8344091366672965,-1.5831972424682972,-0.6463375677047845,-1.5980247615214367,0.21283947610578216,0.5340030539998329,-0.09035165490670338,0.0,0.0,0.0,0.027368107071135,0.0,,-0.06748676571027566,0.06748676571027566,-0.1515698800314802,-0.19185929854939318,148346511.22528696,0.4803844614152614,0.0,0.5955056179775281,-0.0,2.100300048115261,0.21283947610578216,0.16263975982286924,-0.11874063939138288,-0.4583338107799151,-0.41296087705107515,0.10265109546891035,0.1242390160677382
LRC-USD,9.0,0.010716572346232689,-0.02367626745678797,0.4444444444444444,0.3463045177466099,0.33617944474546635,0.11205981491515546,0.22090543623109843,1.341084433297841,1.2598056746944004,-0.1396619418904621,0.015688021679326397,0.01818125516378125,-0.002493233484454852,0.007150564642143263,0.05604366865268512,0.8628679119238365,-0.0686298598512793,0.0686298598512793,-0.03475665197167495,-0.1379934663113746,23046495.103634626,0.5570860145311556,0.0,0.3595505617977528,0.0,0.8628679119238365,1.341084433297841,0.16263975982286924,-0.12022451964584585,-0.4842579349834466,-0.1323272162533494,-0.23247688001167133,0.12121255940045958
SAND-USD,6.0,-0.009589918569653522,-0.011068722048279633,0.3333333333333333,-0.8325824954991237,-0.39962532487442287,-0.16314635570604902,-0.19749015143811888,0.620137278753435,0.5825742004891554,-0.11049824532582586,0.0,0.0,0.0,-0.00017354165867222542,0.0,,-0.2845042789157538,0.2845042789157538,-0.15742219127007637,-0.18593014533074412,179243111.79509932,0.4803844614152614,0.0,0.6179775280898876,-0.0,2.100300048115261,0.620137278753435,0.16263975982286924,-0.11874063939138288,-0.4583338107799151,-0.38207079508171665,0.13670176293480907,0.11620043702574456
BAL-USD,6.0,-0.007196993904794058,-0.011911999130861994,0.3333333333333333,0.2177124417778157,-0.2682756628488213,-0.10952308073109099,-0.18393895622261833,0.7563320511594894,0.9490572569695191,-0.08684210499291578,0.0,0.0014843090155327225,-0.0014843090155327225,0.0006323756581083292,-0.021527591359199596,0.0,-0.1186782874160619,0.1186782874160619,-0.12162298824097521,-0.17770875792309085,170909077.88921428,0.4803844614152614,0.0,0.6067415730337079,-0.0,0.0,0.7563320511594894,0.16263975982286924,-0.12125923712187188,-0.47376734779720947,-0.33923848470635337,0.1281327106306535,0.11434885253593677
MANA-USD,9.0,0.022034528283524035,0.0036378559735879,0.5555555555555556,0.5761567527076882,0.7469865681358415,0.24899552271194716,0.42495783785450253,2.1070147076005874,1.6220630820349666,-0.12096749916647787,0.010343194681840188,0.00910971241979855,0.0012334822620416377,-0.011270721119468906,0.028545951356563386,1.1354029858682317,-0.18526025648538094,0.18526025648538094,-0.09964197756399457,-0.16577096747422726,74992095.7745946,0.5570860145311556,0.0,0.449438202247191,0.0,1.1354029858682317,2.1070147076005874,0.16263975982286924,-0.11989770623681369,-0.4455083182765476,-0.27704421987633415,-0.020124985019258707,0.11385329375102816
PERP-USD,6.0,0.004161684743858048,-0.04784209574554443,0.3333333333333333,1.916110162828326,0.07086521686270449,0.028930603637550026,0.11760054562812491,1.0893687993692471,2.3333020376773916,-0.12108152067865052,0.021942381457750126,0.0,0.021942381457750126,0.05921281687751262,0.12521612175649005,inf,-0.2954700448181328,0.2954700448181328,-0.1923832669322623,-0.2065413746362693,48809130.779648244,0.4803844614152614,0.0,0.42696629213483145,0.0,2.100300048115261,1.0893687993692471,0.16263975982286924,-0.11874063939138288,-0.230181483379115,-0.4894524968623938,-0.0974198146777733,0.11008938457394435
POL-USD,3.0,0.0465458305450156,0.012687440542287876,0.6666666666666666,0.0,0.5882022524317554,0.3395987287794182,0.3395987287794182,2.9831215908506787,2.8029354748052486,-0.07041297532096757,0.07066406225485806,0.0,0.07066406225485806,0.09093161949568603,0.3501692515373563,inf,-0.11906877120829994,0.11906877120829994,0.012336445952835931,-0.2265299944859508,109496.57908634841,0.3611575592573076,0.5,0.0898876404494382,0.005512298787094789,2.100300048115261,2.9831215908506787,0.24692940072404637,-0.11874063939138288,0.27641643946452626,-0.5935904880461823,-1.195251682948102,0.1088867932394641
ALGO-USD,7.0,0.043770660555518925,0.03400642332436177,0.5714285714285714,0.29552874385981315,0.9979968925627128,0.3772073695623121,0.7715016056369098,2.875929452030937,1.7393841996081663,-0.11815139986401835,0.0,0.0,0.0,-0.0319234597948045,0.0,,-0.03672253856667005,0.03672253856667005,-0.08717140342311351,-0.15119694652956475,75676031.61111557,0.5091750772173156,0.0,0.4606741573033708,0.0,2.100300048115261,2.875929452030937,0.16263975982286924,-0.11874063939138288,-0.4583338107799151,-0.20111555266163422,-0.01849099538217998,0.10457642649443111
KEEP-USD,7.0,0.08218249562669899,0.210094111236792,0.5714285714285714,-1.269805029866501,0.6815660717428883,0.2576077611272699,0.29577527426765865,1.929749518560661,0.7208473865914333,-0.5261666429300578,0.04463073547059165,0.0,0.04463073547059165,-0.013693079659918337,0.10584497105057865,inf,0.1660037715415478,-0.1660037715415478,-0.058319792442098395,-0.11831901294138303,118878.92687988281,0.5091750772173156,0.0,0.10112359550561797,0.0,2.100300048115261,1.929749518560661,0.16263975982286924,-0.11874063939138288,0.005727311793833329,-0.029825989705550195,-1.1804553170236143,0.10226719970041225
RLC-USD,9.0,-0.004010728284494965,0.018743493807828804,0.5555555555555556,-0.7913613469087215,-0.1023512593937207,-0.034117086464573565,-0.043426555392566735,0.9141754390499409,0.5772282103997005,-0.23286947874360775,0.0025043674986152532,0.009448511365382729,-0.006944143866767475,-0.015070473448160822,-0.04386779270309732,0.2650541870321187,-0.19109819467047834,0.19109819467047834,-0.09028621812628793,-0.11481210924965428,46994645.71935654,0.5570860145311556,0.0,0.4157303370786517,-0.0,0.2650541870321187,0.9141754390499409,0.16263975982286924,-0.12094139450004518,-0.5305375771787261,-0.011555498372079628,-0.10423809803901102,0.0997080706736088
BOND-USD,6.0,-0.032033992533897236,-0.015263747562707541,0.3333333333333333,-0.018473400636981854,-0.6340060738734555,-0.2588318958025439,-0.34482527472109387,0.4827492368468625,0.7290859317504322,-0.19966233460895655,0.0,0.0,0.0,0.01977770888629028,0.0,,-0.1358467151547369,0.1358467151547369,-0.09203651135992849,-0.14237801628302377,105745903.74186456,0.4803844614152614,0.0,0.5730337078651685,-0.0,2.100300048115261,0.4827492368468625,0.16263975982286924,-0.11874063939138288,-0.4583338107799151,-0.15517012535493782,0.04172601711184675,0.09166291114902397
ENS-USD,5.0,-0.011862231943936496,-0.05273607201528718,0.4,1.1875382038275517,-0.4220594737826678,-0.18875073478516707,-4.814762461346027,0.6368421472896933,1.4859570176926302,-0.05726505051658315,0.007470357754822553,0.0,0.007470357754822553,0.025111337906598096,0.06562266493029026,inf,0.6396728227086482,-0.6396728227086482,-0.18006065280542377,-0.046163423161836276,6063196972.216452,0.4472135954999579,0.5,0.8426966292134831,-0.035566809588427055,2.100300048115261,0.6368421472896933,-0.38121929499246016,-0.11874063939138288,-0.38065858160931887,0.3460948206771249,0.7704534753265492,0.09122309403322389
FIL-USD,9.0,0.06972941418348134,-0.001556945164589707,0.4444444444444444,1.866648047424418,0.9915679869473024,0.33052266231576743,1.4777859734938377,3.6516556251137358,5.209646390901037,-0.10599522214019119,0.01461970095069652,0.025198115379112217,-0.010578414428415698,-0.016007043246878017,-0.007349615034252567,0.5801902535463191,0.05856272954275375,-0.05856272954275375,-0.1212887260564747,-0.1818442570287932,2542164453.855753,0.5570860145311556,0.0,0.7752808988764045,0.0,0.5801902535463191,3.6516556251137358,0.16263975982286924,-0.1205634956457219,-0.5683259680441756,-0.3607838726645449,0.6140116986287254,0.08773055061021402
ZRX-USD,9.0,0.018856104901129815,0.03326670914590202,0.5555555555555556,0.3159290378357131,0.7105058840229102,0.2368352946743034,0.5983766426058585,1.8119123655142768,1.6295888522691553,-0.08444270108219687,0.02057680555442474,0.001050303764955234,0.019526501789469505,0.022532092462274677,0.1617235121364328,19.591289911544557,0.5249978615072376,-0.5249978615072376,-0.12097650537613255,-0.17854034841625682,86383327.21659324,0.5570860145311556,0.0,0.5168539325842697,0.0,19.591289911544557,1.8119123655142768,0.16263975982286924,-0.09776612795737573,-0.2553012986598677,-0.3435709580885624,0.0053262295664540885,0.07771288453109566
ENJ-USD,9.0,-0.00673131483296838,-0.02384440214521133,0.3333333333333333,1.3720086340407887,-0.18607877177779417,-0.06202625725926473,-0.13360554607727804,0.8379661906492137,1.8185708784713053,-0.12953872350107232,0.06888030074906998,0.010344865134972918,0.05853543561409706,0.06713902472951455,0.2520982652793331,6.658404904304274,-0.18023317480276554,0.18023317480276554,-0.1344291820709249,-0.24204841202473115,20863168.989468515,0.5570860145311556,0.0,0.34831460674157305,-0.0,6.658404904304274,0.8379661906492137,0.16263975982286924,-0.1132747381948227,0.1503054974232924,-0.6744393330886581,-0.25038991296187957,0.07567054837667309
ANKR-USD,8.0,0.015156735384638256,0.002918654654260777,0.625,0.8606579004838525,0.49532187830003005,0.1751227295080045,0.285975169813339,1.7399007323045308,1.6553775549650716,-0.11369978765744237,0.024301550199914625,0.0,0.024301550199914625,0.02872748014176992,0.19285902444245473,inf,-0.24394725884495955,0.24394725884495955,-0.0769548908281019,-0.10459291996997133,3118006.217703061,0.5345224838248488,0.0,0.19101123595505617,0.0,2.100300048115261,1.7399007323045308,0.16263975982286924,-0.11874063939138288,-0.20565133653555367,0.04168508807741679,-0.5924928437450601,0.07502002037098918
AMP-USD,6.0,-0.006793481857080304,-0.03212753440957056,0.16666666666666666,1.9634290238670467,-0.15015186287480956,-0.06129924132860539,-0.1839040411925483,0.8368913967007899,2.1517502611709105,-0.09719502602043262,0.028721396291445767,0.00017488949326618269,0.028546506798179584,0.05953509350773273,0.1875441956085618,164.2259678100368,-0.165232278639711,0.165232278639711,-0.040583220865921546,-0.12540479448671052,672760.4712071419,0.4803844614152614,0.0,0.12359550561797752,-0.0,164.2259678100368,0.8368913967007899,0.16263975982286924,0.0756741249398429,-0.16151315903306307,-0.06674194796813744,-0.8685015042844364,0.061453615248455384
REQ-USD,9.0,0.03052374499242927,0.01615937078307228,0.6666666666666666,1.0352816402009908,1.1914003117556518,0.3971334372518839,1.0071065133681842,3.536239781489622,2.6592387331017697,-0.06843521820568443,0.014112952768591378,0.001712423437896749,0.012400529330694628,0.008108659863548971,0.09629224929121162,8.241508762532087,-0.21611091207092473,0.21611091207092473,-0.09712297306570429,-0.03695175722301264,1569397.4452786446,0.5570860145311556,0.0,0.15730337078651685,0.0,8.241508762532087,3.536239781489622,0.16263975982286924,-0.11137634192137646,-0.32939568101275724,0.39408634753286753,-0.7160488805521956,0.057423229661324245
UMA-USD,6.0,-0.010639826915656514,-0.04495153769560911,0.16666666666666666,2.4088787636839584,-0.2993232759732499,-0.12219821571212237,-1.2629755655571766,0.7227571930321076,3.0532700285718337,-0.054507057045174334,0.0036131990757472788,0.0,0.0036131990757472788,0.028529900796899304,0.039008648262424526,inf,0.25835579285350585,-0.25835579285350585,-0.07362006427361308,-0.08439497421737557,92977014.62453496,0.4803844614152614,0.0,0.550561797752809,-0.0,2.100300048115261,0.7227571930321076,0.16263975982286924,-0.11874063939138288,-0.42076451685065497,0.14691363874936172,0.0185650727015292,0.04115258218855876
REN-USD,9.0,0.06676689336625391,0.02389253070810482,0.6666666666666666,1.574656283026774,1.353988385625577,0.45132946187519235,2.3512653364136513,4.622109041070284,5.281806455098908,-0.07564962961319721,0.02959060879395511,0.007904754391688524,0.021685854402266586,0.023762795542197117,0.11682513993139407,3.7433938270198803,0.1978608416875015,-0.1978608416875015,-0.14249550040645673,-0.05587428539026684,4147491.321887672,0.5570860145311556,0.0,0.23595505617977527,0.0,3.7433938270198803,4.622109041070284,0.16263975982286924,-0.11677030554968089,-0.23284879844983958,0.29550254903775003,-0.5411430085324779,0.036759326628112654
CHZ-USD,7.0,0.019151225985797247,-0.010885467321230635,0.42857142857142855,0.36689336901213787,0.5403266203734486,0.20422426632230722,0.47603103249668743,1.6884821954225728,1.694486578901201,-0.0936125116084594,0.05084043183766185,0.0,0.05084043183766185,0.05082624587169603,0.3041680279824334,inf,-0.027920445836985868,0.027920445836985868,-0.07573961377495946,-0.16199278365167483,19733060.706024975,0.5091750772173156,0.0,0.33707865168539325,0.0,2.100300048115261,1.6884821954225728,0.16263975982286924,-0.11874063939138288,0.07029444555400938,-0.2573603959523944,-0.260412940152997,0.03147969619834193
UNFI-USD,6.0,-0.04355453871428858,-0.06093839220816272,0.3333333333333333,0.7176061232634829,-0.6966681068217546,-0.28441356363067727,-0.5025253631574824,0.4788113332816192,0.934433154905269,-0.21936847931434933,0.0,0.0035163176584803676,-0.0035163176584803676,0.013180472321050763,-0.021923623514225787,0.0,0.013134259270524855,-0.013134259270524855,0.10695778224030619,0.10927867405412346,216511714.62601256,0.4803844614152614,0.349793850354133,0.6404494382022472,-0.03060809313648198,0.0,0.4788113332816192,-0.3053945900537977,-0.12125923712187188,-0.49489575184394974,1.1559270087520377,0.1707001253702384,0.030453272815567724
OGN-USD,7.0,0.019448066806400544,-0.012420562956164782,0.2857142857142857,1.2500611704373308,0.3174959789758727,0.12000220037616438,0.27428727723111734,1.4483437528153582,1.9798197921660463,-0.16751916790901655,0.048461945632565104,0.023232795534404407,0.025229150098160697,0.012488230638978904,0.09785335979191696,2.0859282973846165,0.36647956067564813,-0.36647956067564813,-0.1224177028001187,-0.0612990130186317,11185809.041534185,0.5091750772173156,0.0,0.30337078651685395,0.0,2.0859282973846165,1.4483437528153582,0.16263975982286924,-0.11875787343315983,-0.19600634535312042,0.2672404557974249,-0.36257804730973114,0.016270545843412657
DOT-USD,6.0,-0.018461891415163228,-0.049021350939024155,0.16666666666666666,2.009721761793133,-0.44114776644968423,-0.18009782149503512,-0.5638520142841694,0.6217304577974586,1.7877482939419271,-0.10184080886420754,0.006844005294288864,0.0,0.006844005294288864,0.040786013174787965,0.06020460020210161,inf,0.2089177752531806,-0.2089177752531806,-0.10340047507186842,-0.16209706162693038,7731208797.181845,0.4803844614152614,0.0,0.8539325842696629,-0.0,2.100300048115261,0.6217304577974586,0.16263975982286924,-0.11874063939138288,-0.3871712644700712,-0.25790367002281506,0.8141934666348112,0.01559368863494033
JASMY-USD,6.0,-0.03437125128693005,-0.018257735791103402,0.3333333333333333,-0.021611658009904732,-0.2796010836504466,-0.11414666441213839,-0.1479187070731652,0.68725285569967,0.859583386870531,-0.5063347115192351,0.13997187151439952,0.0,0.13997187151439952,0.16127046581616958,0.25893814099369955,inf,-0.018358518870605033,0.018358518870605033,-0.22256049704070432,-0.3209847653526715,3584365.467457559,0.4803844614152614,0.0,0.20224719101123595,-0.0,2.100300048115261,0.68725285569967,0.16263975982286924,-0.11874063939138288,0.9970646526068598,-1.0856869994489968,-0.5674059628358116,0.0010739475805436605
FET-USD,8.0,0.043971752283262736,0.060789538906431684,0.625,-0.134298591123714,1.0786663040516153,0.38136612911616374,2.260035833518252,2.4533631774077684,1.7599915972900335,-0.10290923909584726,0.03861409514076378,0.0017361026813846262,0.03687799245937915,0.03966944626387614,0.2438621035231113,22.241826796769395,0.3509900137247946,-0.3509900137247946,-0.0950775540080088,-0.18088221295701112,83725272.07219638,0.5345224838248488,0.09498453661531658,0.4943820224719101,0.00957246252343813,22.241826796769395,2.4533631774077684,0.3090141600149575,-0.09458770771704143,-0.07488410065263425,-0.3557717538780018,-0.00029880782295380943,-0.0006848570807043879
IDEX-USD,8.0,0.0018112491709555562,-0.0011794845379373697,0.5,-0.6825635574892722,0.06439720571382487,0.022767850424855324,0.03289659013927378,1.05827118008703,0.6427999601856557,-0.14432991670363648,0.004936354816142463,0.0,0.004936354816142463,0.01655875225325354,0.051382583100045585,inf,0.06743314672796501,-0.06743314672796501,-0.14142388829858904,0.0805179089397403,861917.6556031024,0.5345224838248488,0.0,0.1348314606741573,0.0,2.100300048115261,1.05827118008703,0.16263975982286924,-0.11874063939138288,-0.4070066181345945,1.0060873336546912,-0.8239080434530046,-0.00622774017499933
CRV-USD,6.0,0.0328118739525153,-0.04330976098024841,0.16666666666666666,2.3346420739393703,0.3768253166361038,0.15383829132019328,0.962988351404137,1.7377714591756657,4.322098485348683,-0.10728980005474176,0.07983518554301212,0.0,0.07983518554301212,0.10626392826940895,0.25709268767796956,inf,0.18177657258649094,-0.18177657258649094,-0.14535574551867092,-0.2552248319703464,423545132.4533304,0.4803844614152614,0.0,0.6966292134831461,0.0,2.100300048115261,1.7377714591756657,0.16263975982286924,-0.11874063939138288,0.37177587559049785,-0.7430866891567279,0.29146895468512884,-0.011145835312118324
STORJ-USD,9.0,0.015987494802864717,-0.015827825782281812,0.4444444444444444,0.3744626628882263,0.48139039346132323,0.16046346448710774,0.502567800317729,1.4638626742205072,1.6857363582740867,-0.0948861851566668,0.03975681575583204,0.0033705080747606117,0.03638630768107143,0.033534075814370075,0.14781018728103704,11.795496368498018,-0.2012827028846608,0.2012827028846608,-0.12844432084731472,-0.0832206593244766,31696013.072208762,0.5570860145311556,0.0,0.38202247191011235,0.0,11.795496368498018,1.4638626742205072,0.16263975982286924,-0.10711453888680326,-0.07999653690912961,0.15303165964742055,-0.17512160945066893,-0.011456573845380218
SNX-USD,9.0,0.08578338673436314,0.003194928930105867,0.5555555555555556,2.8221222094144056,0.8119587117668051,0.2706529039222684,2.263086472815042,3.940344989157456,9.379440673543213,-0.09785405462656083,0.005340231866219025,0.0028826583945036907,0.0024575734717153346,0.0051028360677740255,0.0073335079206185904,1.8525371845658656,0.25844955253707175,-0.25844955253707175,-0.10854061800223018,-0.007180760494414309,77220767.91945648,0.5570860145311556,0.0,0.47191011235955055,0.0,1.8525371845658656,3.940344989157456,0.16263975982286924,-0.11903774693389564,-0.43278047198622294,0.5491891919598562,-0.014854164700089276,-0.013369359140111763
DASH-USD,9.0,-0.007706921141824696,0.014766458151107553,0.5555555555555556,-0.9084757835779144,-0.4170443360567225,-0.13901477868557416,-0.17239921489837687,0.6922068607975314,0.49246084877976437,-0.11540083004344592,0.00792444911416513,0.0,0.00792444911416513,0.014260726450840477,0.07549700133184314,inf,0.009179373553847986,-0.009179373553847986,-0.12444299153597624,-0.16313073282969293,50137888285.18254,0.5570860145311556,0.0,0.9101123595505618,-0.0,2.100300048115261,0.6922068607975314,0.16263975982286924,-0.11874063939138288,-0.37593703391924316,-0.26328895642126227,1.150666724952653,-0.01949269034724238
DOGE-USD,9.0,0.02247181357658052,-0.01551359946235742,0.4444444444444444,0.6453803113558835,0.6389218847781197,0.2129739615927066,0.42282886111309853,1.8285216851008252,1.6521922928704968,-0.13935212165563537,0.051168231699355596,0.000927005667554515,0.05024122603180108,0.05621671559352708,0.2590893597136116,55.197323479520705,-0.1822993870256826,0.1822993870256826,-0.10402360723629911,-0.1701087095467122,297679414.5413531,0.5570860145311556,0.0,0.6741573033707865,0.0,55.197323479520705,1.8285216851008252,0.16263975982286924,-0.05506876411334137,0.06406402797319939,-0.29964326618863785,0.22800055123064092,-0.025691107707933716
BAT-USD,9.0,0.03430048973548716,0.02949071180991769,0.7777777777777778,0.28467359999047787,1.2591570794840672,0.41971902649468906,0.6892116124174835,3.27618683965847,1.8359427041692324,-0.10300283745876138,0.015479712508744775,0.0,0.015479712508744775,0.015677006773145416,0.14102841713089806,inf,-0.11740336105358141,0.11740336105358141,-0.10665872065510079,-0.05667324166925834,23637003.562500402,0.5570860145311556,0.12746896547011688,0.3707865168539326,0.011051196649695196,2.100300048115261,3.27618683965847,0.33162577330093024,-0.11874063939138288,-0.29737897353192905,0.2913400954734948,-0.22792345463900363,-0.0312354462931714
XRP-USD,9.0,0.03135412974629406,0.038248813281005045,0.6666666666666666,-0.21006218929025608,1.4961761408611058,0.49872538028703534,1.173675261824745,3.389143772881313,1.5706766045715792,-0.06990725387393637,0.028228925268053873,0.0,0.028228925268053873,0.021759776349072727,0.21229429634005112,inf,-0.1620829291809889,0.1620829291809889,-0.05711178343268909,-0.1442487816179089,4576941061.223372,0.5570860145311556,0.0,0.8089887640449438,0.0,2.100300048115261,3.389143772881313,0.16263975982286924,-0.11874063939138288,-0.16481530585687998,-0.16491655834612357,0.719842180626962,-0.033390441238416724
EOS-USD,9.0,0.014213273390211908,-0.012930873387378194,0.3333333333333333,0.3670137118143162,0.4661752402222404,0.1553917467407468,0.29608954633320095,1.554617928673327,1.2732214816981464,-0.13262406138586258,0.07481724900924391,0.0,0.07481724900924391,0.09046270990796822,0.3950015996145581,inf,0.1986327413659245,-0.1986327413659245,-0.12249702138945394,-0.24062192782772032,2554998495.9165707,0.5570860145311556,0.0,0.7865168539325843,0.0,2.100300048115261,1.554617928673327,0.16263975982286924,-0.11874063939138288,0.31960041318077137,-0.6670075444084359,0.6149180324968747,-0.04446752232359143
AAVE-USD,6.0,-0.00866042979920704,-0.045053700286952214,0.3333333333333333,0.8196552385607105,-0.2294134238054415,-0.09365763807803319,-0.31761298180277225,0.8040817607399887,1.3693950859344073,-0.09098489365931228,0.0,0.004402387597274815,-0.004402387597274815,0.00978972803957756,-0.041405038754666196,0.0,0.3683571673302284,-0.3683571673302284,-0.1363127027022136,-0.09751243553730027,134840420043.15118,0.4803844614152614,0.0,0.9325842696629213,-0.0,0.0,0.8040817607399887,0.16263975982286924,-0.12125923712187188,-0.5041089231291674,0.07857344910341327,1.3287228682600285,-0.062313638232074156
1INCH-USD,6.0,0.03832138155315884,-0.05124935072135789,0.3333333333333333,1.6329549641513215,0.5431768400221294,0.22175101635859756,2.1049761047291162,1.92201509493721,4.396073962659012,-0.08081019493626695,0.0362842066004856,0.0,0.0362842066004856,0.02973970196305239,0.12124496287905835,inf,0.308318190994562,-0.308318190994562,-0.1680882384739999,-0.20456995219970234,192377036.8321716,0.4803844614152614,0.40091162765846555,0.6292134831460674,0.02687207747106496,2.100300048115261,1.92201509493721,0.5735459620787244,-0.11874063939138288,-0.0810581627500005,-0.4791816540597076,0.14942883637055004,-0.06923263175387036
CRO-USD,8.0,0.04449332068658933,0.051659915789441846,0.625,-0.17663769912262076,1.6064681385681834,0.5679722572708463,1.2386919751199548,4.262581297386437,2.0033051288387083,-0.07779540919967476,0.09573708890892342,0.0,0.09573708890892342,0.0944704860507497,0.5513971104315265,inf,-0.23803004699071745,0.23803004699071745,-0.04795274490404666,-0.09194027760491127,13924239.254878197,0.5345224838248488,0.0,0.3258426966292135,0.0,2.100300048115261,4.262581297386437,0.16263975982286924,-0.11874063939138288,0.5371205657291261,0.10760363417879995,-0.32316526092112285,-0.11035490027954796
YFI-USD,6.0,-0.026719907166357453,-0.03669291655208645,0.3333333333333333,0.6902514073169221,-1.858835513101271,-0.7588664204771116,-1.6771201904081317,0.15219374091733492,0.4132908712705704,-0.06760751854414526,0.0,0.0,0.0,0.0222467122655936,0.0,,0.12027986343315261,-0.12027986343315261,-0.10466973255479331,-0.08316057181108127,631772567239.0415,0.4803844614152614,0.0003135200668107352,0.9662921348314607,-0.00011044042639599769,2.100300048115261,0.15219374091733492,0.16095099362179077,-0.11874063939138288,-0.4583338107799151,0.15334470742096745,1.6066895115553617,-0.11060403335138978
AXS-USD,6.0,-0.0012364081299399514,0.005521109893530052,0.6666666666666666,-0.370855464733959,-0.04834615380582436,-0.019737234641730782,-0.02620908236273566,0.9446662924762727,0.861982016469705,-0.10039134099351943,0.0,0.0,0.0,-0.0017444887638212432,0.0,,-0.08957411196052081,0.08957411196052081,-0.1557043332009971,0.054888453021396486,1665834854.2475245,0.4803844614152614,0.0,0.7303370786516854,-0.0,2.100300048115261,0.9446662924762727,0.16263975982286924,-0.11874063939138288,-0.4583338107799151,0.8725613536450052,0.537936382264522,-0.112117847216235
NU-USD,6.0,0.08290827584469738,-0.062096341479005834,0.3333333333333333,1.5258833086465076,0.7066337036364927,0.2884820014937462,2.103576542571028,2.4361569188875754,4.547554987907188,-0.13197517418064508,0.19959109077584894,0.0051229504584029235,0.19446814031744603,0.2184606044254629,0.4101153002889538,38.9601836669081,0.0066214865147332,-0.0066214865147332,-0.1722076523581959,-0.1725939996511451,3077.8723545223475,0.4803844614152614,0.0,0.0449438202247191,0.0,38.9601836669081,2.4361569188875754,0.16263975982286924,-0.07453970757133752,1.5637055427953372,-0.3125912896605393,-1.838018480835072,-0.1122075680805058
BLZ-USD,9.0,0.061568148288859335,0.004200361511882855,0.5555555555555556,1.5746763679106315,1.196424625619497,0.39880820853983234,1.4673238905661856,4.5630720039013735,4.140911298582314,-0.09589042670895398,0.1483054984476423,0.0,0.1483054984476423,0.15286714328218584,0.42090375303868655,inf,0.41682139892111225,-0.41682139892111225,-0.03444036333875933,-0.1397927963838836,1463633.2676058412,0.5570860145311556,0.0,0.14606741573033707,0.0,2.100300048115261,4.5630720039013735,0.16263975982286924,-0.11874063939138288,1.0837159754894894,-0.1417014812419675,-0.7286059985740865,-0.14173414115320915
MKR-USD,9.0,0.04534353247790532,-0.011051518403390581,0.4444444444444444,2.173042849626727,0.9072402270377892,0.3024134090125964,1.3389136770588634,2.991377976958377,4.7840213788301975,-0.08645386893638307,0.026831577542442683,0.0030290016430969987,0.023802575899345684,0.025996248067310764,0.13403535793407692,8.85822482255532,0.13356635725064217,-0.13356635725064217,-0.04676537453816018,-0.056649314469149906,73846749459.93225,0.5570860145311556,0.0,0.9213483146067416,0.0,8.85822482255532,2.991377976958377,0.16263975982286924,-0.11063680012565806,-0.21083956773129658,0.291464752932223,1.2203573800862315,-0.14472026531764354
BAND-USD,7.0,0.04892933774147983,-0.007491088701548465,0.42857142857142855,1.6764254579210964,0.856692101410909,0.32379917864094165,1.0702942855604411,3.054650666495913,3.2927484381285037,-0.10883016411716562,0.13500443534003234,0.0,0.13500443534003234,0.13028002459655413,0.4374332280061162,inf,0.021569118863165895,-0.021569118863165895,-0.1028174794732744,-0.19711156900685586,110314623.99423122,0.5091750772173156,0.0,0.5842696629213483,0.0,2.100300048115261,3.054650666495913,0.16263975982286924,-0.11874063939138288,0.9454142824508666,-0.4403244918832836,0.049338673417702573,-0.14707481814846607
ATOM-USD,8.0,0.06518904236844555,-0.01126645152150324,0.375,1.568147245459836,1.1164122759740258,0.39471134547057046,1.9606096128420336,4.059806163914565,4.606754913981934,-0.08900930979388721,0.09049574780717032,0.0,0.09049574780717032,0.08664489785936448,0.31569925688553013,inf,0.23456689266010414,-0.23456689266010414,-0.09291392917363765,-0.12421942277543156,4845553786.491404,0.5345224838248488,0.0,0.8202247191011236,0.0,2.100300048115261,4.059806163914565,0.16263975982286924,-0.11874063939138288,0.4826221889978223,-0.060566322549924924,0.7301065131904743,-0.1795569088351382
LINK-USD,9.0,0.013956549400954255,0.025380889744814672,0.5555555555555556,0.10132043383276626,0.5515484778827038,0.18384949262756792,0.4590132505650697,1.5508319551714767,1.46029751104925,-0.09429860701409876,0.007953259220246088,0.027278230465456327,-0.019324971245210237,-0.03466442326532096,-0.07112944939768306,0.29156067254133894,0.04458580958851792,-0.04458580958851792,-0.10796059431763885,0.1756464976134426,15106570075.695908,0.5570860145311556,0.0,0.8764044943820225,0.0,0.29156067254133894,1.5508319551714767,0.16263975982286924,-0.12090960895859044,-0.6592708501362775,1.501694344200049,0.9347551586858116,-0.20544002317854615
ETH-USD,9.0,0.03398229773471216,-0.003767071193933713,0.4444444444444444,0.9708416275712362,1.5241834282876532,0.5080611427625511,3.1997083128504378,5.859379336588644,4.610337780964558,-0.030659694790747705,0.012694503080182669,0.0009058921575444739,0.011788610922638195,0.015015850422746736,0.129634005344418,14.013260821898045,0.4135439879706817,-0.4135439879706817,-0.07531088015261563,-0.10571485661754351,149203367886589.1,0.5570860145311556,0.0,0.9887640449438202,0.0,14.013260821898045,5.859379336588644,0.16263975982286924,-0.10445508243242435,-0.33575828159220145,0.035839950714643715,2.5901924286734066,-0.21992173649485164
OMG-USD,9.0,0.02657455449757313,-0.01684712325831217,0.3333333333333333,0.843222590445966,0.9392140982461147,0.3130713660820382,1.5654171321001522,2.3892661757751315,3.0573175714721605,-0.053791240665769235,0.042913660545761435,0.003323335508246496,0.03959032503751494,0.04303434932772061,0.23019361903773322,12.912828223113753,0.1817732861204461,-0.1817732861204461,-0.16384989985302795,-0.21047621025397178,1677637657.0679226,0.5570860145311556,0.43789300918413077,0.7415730337078652,0.05663534427417115,12.912828223113753,2.3892661757751315,1.0286619069460659,-0.10577467819605885,-0.04668182955556875,-0.5099524553361395,0.5392070779330038,-0.25024637611657075
ETC-USD,9.0,-0.00038392022784896864,-0.034043038956058425,0.3333333333333333,1.6759784207878607,-0.010774968890339784,-0.003591656296779928,-0.013753554703896095,0.9904715649585815,2.75778665643341,-0.08772366395476472,0.09446094037080355,0.0012406642336788634,0.09322027613712469,0.10781348150411456,0.3794804115783253,76.13739302430318,0.11433740847773485,-0.11433740847773485,-0.11768008411465353,-0.11110933996096212,48006781359.109055,0.5570860145311556,0.0,0.898876404494382,-0.0,76.13739302430318,0.9904715649585815,0.16263975982286924,-0.029958251127781086,0.5109512689905936,0.007735426085997507,1.1428493823857477,-0.2589378711145086
BCH-USD,9.0,0.0007393874508067055,-0.009067350959402809,0.3333333333333333,1.0193977640346277,0.0267889066002981,0.008929635533432699,0.01822167714669095,1.025640892618197,1.4888387442872135,-0.11687717730564096,0.00815914514134923,0.0,0.00815914514134923,0.02978438853607706,0.06048496157554254,inf,-0.1611770841801112,0.1611770841801112,-0.07302042972709008,0.06703576734302404,3011938527491.237,0.5570860145311556,0.0,0.9775280898876404,0.0,2.100300048115261,1.025640892618197,0.16263975982286924,-0.11874063939138288,-0.37349671334889495,0.9358472093591763,1.8877827988126696,-0.2735627867143795
LTC-USD,12.0,0.01805386711027664,0.02953381987734416,0.5833333333333334,-0.007892205920749362,0.9160995263292603,0.2644551540653436,0.39404454099713265,2.0275345351134235,1.2505947778269826,-0.10599235061178114,0.05006825023045695,0.0,0.05006825023045695,0.049828728731841875,0.3244655372747154,inf,-0.07508857415272123,0.07508857415272123,-0.023114244102205365,0.06669640613173455,248308127529.02573,0.6123724356957945,0.0,0.9438202247191011,0.0,2.100300048115261,2.0275345351134235,0.16263975982286924,-0.11874063939138288,0.0622654614986956,0.9340791835977604,1.4386142933481525,-0.31553316727323344
BNT-USD,9.0,0.06966955639816334,-0.0021351354835298375,0.4444444444444444,2.5345903402116927,1.1076607585166827,0.3692202528388942,4.0870297903181365,6.608129879547185,12.795589411052765,-0.042896618515360196,0.23485793541001332,0.0038088246088260314,0.23104911080118729,0.23607320072798332,0.49557306877252966,61.661525412797104,0.20085521907268145,-0.20085521907268145,-0.0832769971682569,-0.11944385482268663,40286219.64811385,0.5570860145311556,0.0,0.4044943820224719,0.0,61.661525412797104,6.608129879547185,0.16263975982286924,-0.047317145799004624,1.9440668800784284,-0.03568626294098405,-0.13195925359295896,-0.40722715271235177
XLM-USD,9.0,0.0790398326477261,0.03371007726307984,0.7777777777777778,2.1612709698529216,1.567816365639914,0.5226054552133047,2.880451713526375,7.90699823063019,6.370167152018321,-0.0708985567593351,0.07972940688328574,0.0,0.07972940688328574,0.06332020610706121,0.3356997057202336,inf,0.06988294529022647,-0.06988294529022647,-0.07428680709860319,-0.15920858984538763,247910127.20441335,0.5570860145311556,0.38625059668028927,0.6629213483146067,0.07454651802254456,2.100300048115261,7.90699823063019,1.3025451744684118,-0.11874063939138288,0.3706760110451484,-0.24285512484145708,0.19507320495212332,-0.41829264647070125
ADA-USD,9.0,0.08787033256592547,0.064014722804286,0.5555555555555556,1.062700506276025,1.6883678719196198,0.5627892906398733,2.2743388005436644,5.768366338276578,4.178749363774599,-0.09869824465885346,0.24060526479469269,0.0,0.24060526479469269,0.2285858161933543,0.6185353488108305,inf,0.017016750286268135,-0.017016750286268135,-0.09215965213606754,-0.15969407964654478,477731524.09076244,0.5570860145311556,0.0,0.7078651685393258,0.0,2.100300048115261,5.768366338276578,0.16263975982286924,-0.11874063939138288,2.0434297855505066,-0.245384460684198,0.3131364420465925,-0.42229870031114597
BTC-USD,12.0,0.02072792113916359,0.006602663633510031,0.5833333333333334,1.1314931120325535,1.1219230235143938,0.32387127981803704,1.5960056700492462,2.535781480095463,3.0208990875533264,-0.044668463797573055,0.06452443066571348,0.0011649358502045573,0.06335949481550893,0.07544879805355713,0.46863980947889466,55.3888273370446,-0.18553762008988994,0.18553762008988994,0.006981432355086909,-0.0031491871500370513,2285896641864983.0,0.6123724356957945,0.0,1.0,0.0,55.3888273370446,2.535781480095463,0.16263975982286924,-0.05483912017205193,0.20046506357797791,0.5701931408343076,3.08139231092239,-0.4688433628368286
SUPER-USD,5.0,0.4661923053423284,-0.19573751458700994,0.2,2.211179989297673,0.7150988827709954,0.31980194250201976,4.128901224517885,4.162487671266625,10.027704096282806,-0.30595511235557316,0.0,0.0,0.0,-0.252515913415355,0.0,,-0.2762025385030261,0.2762025385030261,1.1101604950133002,1.2782452719910478,0.04319999890867621,0.4472135954999579,0.5,0.011235955056179775,0.0008034818907539273,2.100300048115261,4.162487671266625,0.17492595885852444,-0.11874063939138288,-0.4583338107799151,7.246084017368032,-3.2760570550185553,-0.6904327627570779
MLN-USD,9.0,0.09884183454705886,-0.021266262867168928,0.2222222222222222,2.915190459469563,0.6458408788628492,0.21528029295428308,1.829012996923671,2.975725567359665,9.656264500249703,-0.13610117411881895,0.497559376296575,0.0018907193397036833,0.4956686569568713,0.5222082385321938,0.470389700231196,263.15877023532926,0.13821207052179207,-0.13821207052179207,-0.1244342466834494,0.08085458881338636,83729748.70645905,0.5570860145311556,0.0,0.5056179775280899,0.0,263.15877023532926,2.975725567359665,0.16263975982286924,0.19431047496176365,4.695525988899936,1.0078413900116172,-0.0002891849270742967,-1.187622034476324
QNT-USD,8.0,0.05134679863381235,0.0359561107411569,0.5,1.061332028241825,1.081793137230651,0.3824716315884314,1.209187192176612,3.0131509930196163,3.452768309510225,-0.09210675664668022,0.08351057318459335,0.014225050577289107,0.06928552260730424,0.07181752593670733,0.3041744666999224,5.870669684501614,-0.19187404025372967,0.19187404025372967,0.10455680469354633,0.5270260162238417,8918302960.420517,0.5345224838248488,0.7600793180562831,0.8651685393258427,0.13443886593176457,5.870669684501614,3.0131509930196163,2.2183708023925446,-0.11421935948291038,0.26208267037891975,3.332333852399842,0.8399017787502088,-1.2732131906578168
TRB-USD,7.0,0.07557840041015165,0.023057558024119684,0.5714285714285714,1.10964751361292,1.2621344298983288,0.47704197466332326,4.516465048243291,4.673365477757934,5.3692313485944325,-0.06532072240336895,0.325531107683959,0.0,0.325531107683959,0.33381990160521974,0.8357706261783555,inf,0.08589746685106527,-0.08589746685106527,-0.028631637350141587,-0.05324462706815456,2357247355.591593,0.5091750772173156,0.806799926911007,0.7640449438202247,0.14972988404031212,2.100300048115261,4.673365477757934,2.4521887566007488,-0.11874063939138288,2.9264710702428345,0.3092027112912669,0.6004194339574158,-1.3976880312703774
LPT-USD,8.0,0.09078103645270112,-0.012111570785176606,0.375,1.73256685758439,1.0154150590005706,0.35900343696912085,1.4941059098510032,3.7264217323626765,4.098913095478837,-0.15578428135375388,0.5741596074388723,0.003104135440821076,0.5710554719980512,0.5731560808077132,0.7367915181880462,184.96602947421687,0.1486175161174463,-0.1486175161174463,-0.12515591342621663,-0.16073277576213346,1446350829.7953591,0.5345224838248488,0.7300245600302382,0.7191011235955056,0.10073769808771567,184.96602947421687,3.7264217323626765,1.7030396410673208,0.10054479629200554,5.479382442225054,-0.25079592619513635,0.5125084333477388,-1.6455560342437119
SOL-USD,7.0,0.04143752745538319,-0.0006182881200220702,0.42857142857142855,1.9955051813930849,0.5335778075302051,0.20167345483257282,0.6355444224186293,2.0495610935064428,3.3472317605710566,-0.14315600402487572,0.1226793721935972,1.5585677643682626e-05,0.12266378651595353,0.14063352175292781,0.3616556317351563,7871.288948627978,0.058273804548435434,-0.058273804548435434,-0.08850217464822398,-0.026626475767321283,372207928966.0293,0.5091750772173156,0.0,0.9550561797752809,0.0,7871.288948627978,2.0495610935064428,0.16263975982286924,9.317682832049428,0.8170987777609657,0.4478796597919955,1.5114666802948244,-2.7599610085096926
