ticker,isin,name,group,catalyst,nav_quality,discount_override,aic_sector,market_cap_gbp_m,catalyst_date,catalyst_source_url,notes
003550.KS,,,korean_holdcos,STRUCTURAL_DISCOUNT,,0.55,,,,,
005380.KS,,,korean_holdcos,STRUCTURAL_DISCOUNT,,0.45,,,,,
005490.KS,,,korean_holdcos,STRUCTURAL_DISCOUNT,,0.4,,,,,
028260.KS,,,korean_holdcos,STRUCTURAL_DISCOUNT,,0.5,,,,,
3IN.L,JE00BF5FX167,3i Infrastructure,renewables_infra_discount,STRUCTURAL_DISCOUNT,INFRA_DCF,0.1,INF,3468.04,,,
8001.T,,,japan_holdcos_specials,STRUCTURAL_DISCOUNT,,0.1,,,,,
8002.T,,,japan_holdcos_specials,STRUCTURAL_DISCOUNT,,0.15,,,,,
8053.T,,,japan_holdcos_specials,STRUCTURAL_DISCOUNT,,0.1,,,,,
9101.T,,,japan_holdcos_specials,STRUCTURAL_DISCOUNT,,0.3,,,,,
9984.T,,,japan_holdcos_specials,STRUCTURAL_DISCOUNT,,0.5,,,,,
AA4.L,GG00BQKNKR70,Amedeo Air Four Plus,leasing_realisation,,REAL_ASSET_OBSERVABLE,,LEA,185.47,,,
AAIF.L,GB00B0P6J834,Aberdeen Asian Income Fund,em_country_funds,,LISTED_CLEAN,0.13,ASI,456.05,,,
AAS.L,GB00BMF19B58,Aberdeen Asia Focus,managed_wind_down,WIND_DOWN_COMMITTED,DISTRESSED,0.15,ASS,579.33,2024-09-20,https://www.abrdnasiafocus.com/wind-down,abrdn Asia Focus wind-down
AATG.L,GB0005581672,Albion Technology & General VCT,aic_sweep,STRUCTURAL_DISCOUNT,PRIVATE_EQUITY,,VCG,268.37,,,
ACKB.BR,,,european_holding_co,,,0.2,,,,,
AD-UN.TO,,,fdb_scanner_finds,STRUCTURAL_DISCOUNT,DEBT_AMORTISING,,,,,,
ADIG.L,,,managed_wind_down,WIND_DOWN_COMMITTED,DISTRESSED,0.3,,,2023-02-15,https://www.aberdeendiversified.com/wind-down,abrdn Diversified wind-down
ADX,,,us_cef_discount,,,0.13,,,,,
AEET.L,GB00BN6JYS78,Parvus Energy Efficiency Trust,managed_wind_down,WIND_DOWN_COMMITTED,RENEWABLES_DCF,0.3,REI,20.36,2024-09-30,https://www.parvus-eet.com/wind-down,Managed wind-down (renamed from Aquila)
AEI.L,GB0006039597,Aberdeen Equity Income Trust,aic_sweep,STRUCTURAL_DISCOUNT,LISTED_CLEAN,,UGI,336.42,,,
AERI.L,GB00BK6RLF66,Aquila European Renewables,managed_wind_down,WIND_DOWN_COMMITTED,RENEWABLES_DCF,0.35,REI,60.69,2024-10-15,https://www.aquilaeuropeanrenewables.com/wind-down,Aquila European managed wind-down
AEWU.L,GB00BWD24154,AEW UK REIT,reit_workout,STRUCTURAL_DISCOUNT,PROPERTY_DCF,0.1,PUC,168.2,,,
AFI.AX,,,australian_lics,STRUCTURAL_DISCOUNT,LISTED_CLEAN,0.05,,,,,
AFL.L,GB00B1FL3C76,Artemis UK Future Leaders,aic_sweep,STRUCTURAL_DISCOUNT,LISTED_CLEAN,,USC,99.9,,,
AGT.L,GB00BLH3CY60,AVI Global Trust,uk_smallcap_specialsits,DCM_ACTIVE,LISTED_CLEAN,0.08,GG,1017.26,,,AVI Global — annual DCM tender
AGVI.L,GB00BPJMQ253,Aberforth Geared Value & Income Trust,uk_extras,,LISTED_CLEAN,,USC,95.52,,,
AIE.L,GB00BF50VS41,Ashoka India Equity,fdb_scanner_finds,STRUCTURAL_DISCOUNT,LISTED_CLEAN,,IND,401.28,,,
AIQ.AX,,,fdb_scanner_finds,STRUCTURAL_DISCOUNT,LISTED_CLEAN,,,,,,
AIRE.L,GB00BDVK7088,Alternative Income REIT,aic_sweep,STRUCTURAL_DISCOUNT,PROPERTY_DCF,,PUC,54.74,,,
AJOT.L,GB00BD6H5D36,AVI Japan Opportunity Trust,uk_smallcap_specialsits,DCM_ACTIVE,LISTED_CLEAN,0.07,JSC,360.29,,,AVI Japan Opp — annual DCM
AKER.OL,,,european_holding_co,,,0.3,,,,,
ALW.L,GB00B11V7W98,Alliance Witan,aic_sweep,STRUCTURAL_DISCOUNT,LISTED_CLEAN,,GG,4864.39,,,
ANII.L,GB0006048770,Aberdeen New India Investment Trust,uk_extras,,LISTED_CLEAN,,IND,291.73,,,
AOD,,,us_cef_discount,,,0.05,,,,,
APAX.L,,,listed_private_equity,STRUCTURAL_DISCOUNT,PRIVATE_EQUITY,0.3,,,,,
API.L,GB0033875286,abrdn Property Income Trust,managed_wind_down,WIND_DOWN_COMMITTED,PROPERTY_DCF,0.15,PUC,7.19,2023-07-19,https://www.abrdnpropertyincome.com/wind-down,abrdn Property Income wind-down
APL.AX,,,fdb_scanner_finds,STRUCTURAL_DISCOUNT,LISTED_CLEAN,,,,,,
ARG.AX,,,australian_lics,STRUCTURAL_DISCOUNT,LISTED_CLEAN,0.05,,,,,
ARR.L,GB0000633262,Aurora UK Alpha,uk_extras_2,STRUCTURAL_DISCOUNT,LISTED_CLEAN,0.05,UGR,255.48,,,
ASA,,,us_cef_discount,,,0.1,,,,,
ASCI.L,,,uk_extras,,LISTED_CLEAN,,,,,,
ASGI,,,us_cef_discount,,,0.13,,,,,
ASL.L,GB0000066554,Aberforth Smaller Companies,uk_extras,,LISTED_CLEAN,,USC,1232.21,,,
ASLI.L,GB00BD9PXH49,abrdn European Logistics Income,aic_sweep,STRUCTURAL_DISCOUNT,PROPERTY_DCF,,PRE,77.24,,,
ATR.L,GB0008710799,Schroder Asian Total Return,uk_extras_2,STRATEGIC_REVIEW,LISTED_CLEAN,0.08,ASP,623.23,,,
ATT.L,GB00BNG2M159,Allianz Technology Trust,aic_sweep,STRUCTURAL_DISCOUNT,LISTED_CLEAN,,TCM,2359.53,,,
AUGM.L,,,strategic_review_or_activist,STRATEGIC_REVIEW,PRIVATE_EQUITY,0.3,,,,,
AUI.AX,,,australian_lics,STRUCTURAL_DISCOUNT,LISTED_CLEAN,0.1,,,,,
AUSC.L,GB0002959582,Aberdeen UK Smaller Companies Growth,uk_extras,,LISTED_CLEAN,,USC,224.98,,,
AWEM.L,GB00BMZR7D19,Ashoka WhiteOak Emerging Markets,aic_sweep,STRUCTURAL_DISCOUNT,LISTED_CLEAN,,GEM,73.53,,,
AWP,,,us_cef_discount,,,0.1,,,,,
BAM.TO,,,canadian_special_sits,STRUCTURAL_DISCOUNT,PRIVATE_EQUITY,0.1,,,,,
BASC.L,GB0003463402,Brown Advisory US Smaller Companies,aic_sweep,STRUCTURAL_DISCOUNT,LISTED_CLEAN,,NAS,165.03,,,
BATRA,,,us_conglomerate_discount,STRUCTURAL_DISCOUNT,LISTED_CLEAN,0.15,,,,,
BBDC,,,us_bdc_discount,,,0.1,,,,,
BBH.L,,,healthcare_cefs,,LISTED_CLEAN,0.08,,,,,
BBOX.L,GB00BG49KP99,Tritax Big Box REIT,aic_sweep,DCM_ACTIVE,LISTED_CLEAN,,PUL,4080.2,,,Tritax Big Box — DCM
BEL.AX,,,fdb_scanner_v2,STRUCTURAL_DISCOUNT,,,,,,,
BEMO.L,GB0032273343,Barings Emerging EMEA Opportunities,fdb_scanner_v2,STRUCTURAL_DISCOUNT,,,GEM,93.93,,,
BERI.L,GB00B0N8MF98,BlackRock Energy and Resources Income,uk_extras,,LISTED_CLEAN,,CNR,188.45,,,
BGCG.L,GB0003656021,Baillie Gifford China Growth,fdb_scanner_finds,STRUCTURAL_DISCOUNT,LISTED_CLEAN,,CHN,168.5,,,
BGEU.L,GB00BMC7T380,Baillie Gifford European Growth,fdb_scanner_finds,STRUCTURAL_DISCOUNT,LISTED_CLEAN,,EUR,305.79,,,
BGFD.L,GB0000485838,Baillie Gifford Japan Trust,uk_extras,,LISTED_CLEAN,,JPN,642.1,,,
BGS.L,GB00BFXYH242,Baillie Gifford Shin Nippon,aic_sweep,STRUCTURAL_DISCOUNT,LISTED_CLEAN,,JSC,305.55,,,
BGUK.L,GB0007913485,Baillie Gifford UK Growth,aic_sweep,STRUCTURAL_DISCOUNT,LISTED_CLEAN,,UGR,224.22,,,
BHMG.L,GG00BQBFY362,BH Macro,global_multi_asset_discount,STRUCTURAL_DISCOUNT,LISTED_CLEAN,0.05,HDG,1291.14,,,
BHMU.L,GG00BQBFY479,BH Macro,aic_sweep,STRUCTURAL_DISCOUNT,LISTED_CLEAN,,HDG,105.4,,,
BIF,,,us_cef_discount,,,0.13,,,,,
BIOG.L,GB0000385517,Biotech Growth Trust,healthcare_cefs,,LISTED_CLEAN,0.1,BIO,239.9,,,
BION.SW,,,swiss_eu_specialist,STRUCTURAL_DISCOUNT,LISTED_CLEAN,0.2,,,,,
BIPS.L,JE00B6RMDP68,Invesco Bond Income Plus,uk_extras_2,STRUCTURAL_DISCOUNT,LISTED_CLEAN,0.05,DLB,478.18,,,
BKCC,,,us_bdc_discount,,,0.1,,,,,
BKI.AX,,,fdb_scanner_finds,STRUCTURAL_DISCOUNT,LISTED_CLEAN,,,,,,
BME,,,us_cef_discount,,,0.05,,,,,
BNK.TO,,,fdb_scanner_finds,STRUCTURAL_DISCOUNT,PRIVATE_EQUITY,,,,,,
BNKR.L,GB00BN4NDR39,Bankers Investment Trust,strategic_review_or_activist,ACTIVIST_TARGET,LISTED_CLEAN,0.12,GG,1353.12,,,
BOL.PA,,,european_holding_co,,,0.3,,,,,
BONHR.OL,,,european_holding_co,,,0.3,,,,,
BOOK.L,GB00BMF1L080,Literacy Capital,aic_sweep,STRUCTURAL_DISCOUNT,PRIVATE_EQUITY,,PE,183,,,
BPCR.L,GB00BDGKMY29,BioPharma Credit,specialist_credit,STRUCTURAL_DISCOUNT,DEBT_AMORTISING,0.1,DDL,1066.08,,,
BPT.L,,,listed_pe_gp_discount,STRUCTURAL_DISCOUNT,,0.3,,,,,
BRAI.L,GB00B7W0XJ61,BlackRock American Income,aic_sweep,STRUCTURAL_DISCOUNT,LISTED_CLEAN,,NA,152.09,,,
BRFI.L,GB00B3SXM832,BlackRock Frontiers,uk_extras,,LISTED_CLEAN,,GEM,302.44,,,
BRGE.L,GB00B01RDH75,BlackRock Greater Europe,fdb_scanner_finds,STRUCTURAL_DISCOUNT,LISTED_CLEAN,,EUR,522.86,,,
BRIG.L,GB0030961691,BlackRock Income & Growth,fdb_scanner_finds,STRUCTURAL_DISCOUNT,LISTED_CLEAN,,UGI,41.91,,,
BRLA.L,GB0005058408,BlackRock Latin American,em_country_funds,,LISTED_CLEAN,0.13,LAM,91.45,,,
BRSC.L,GB0006436108,BlackRock Smaller Companies,uk_extras,,LISTED_CLEAN,,USC,788.7,,,
BRW,,,us_cef_discount,,,0.05,,,,,
BRWM.L,GB0005774855,BlackRock World Mining,uk_extras,,LISTED_CLEAN,,CNR,1696.05,,,
BSIF.L,GG00BB0RDB98,Bluefield Solar Income Fund,renewables_infra_discount,STRUCTURAL_DISCOUNT,RENEWABLES_DCF,0.18,REI,541.75,,,
BSP.TO,,,canadian_special_sits,STRUCTURAL_DISCOUNT,DEBT_AMORTISING,0.05,,,,,
BSRT.L,GG00B6686L20,Baker Steel Resources Trust,aic_sweep,STRUCTURAL_DISCOUNT,LISTED_CLEAN,,CNR,133.09,,,
BST,,,us_cef_discount,,,0.05,,,,,
BTO,,,us_cef_discount,,,0.1,,,,,
BUI,,,us_cef_discount,,,0.05,,,,,
BUT.L,GB0001490001,Brunner Investment Trust,uk_extras,,LISTED_CLEAN,,GG,624.67,,,
CAM.AX,,,fdb_scanner_v2,STRUCTURAL_DISCOUNT,,,,,,,
CCD,,,fdb_scanner_finds,STRUCTURAL_DISCOUNT,DEBT_AMORTISING,,,,,,
CCJI.L,GB00BYSRMH16,CC Japan Income & Growth Trust,fdb_scanner_finds,STRUCTURAL_DISCOUNT,LISTED_CLEAN,,JPN,348.95,,,
CD1.AX,,,fdb_scanner_finds,STRUCTURAL_DISCOUNT,PRIVATE_EQUITY,,,,,,
CD2.AX,,,fdb_scanner_finds,STRUCTURAL_DISCOUNT,PRIVATE_EQUITY,,,,,,
CD3.AX,,,fdb_scanner_finds,STRUCTURAL_DISCOUNT,PRIVATE_EQUITY,,,,,,
CDM.AX,,,fdb_scanner_v2,STRUCTURAL_DISCOUNT,,,,,,,
CET,,,us_cef_discount,,,0.15,,,,,
CGBD,,,us_bdc_discount,,,0.05,,,,,
CGI.L,,Canadian General Investments,aic_sweep,STRUCTURAL_DISCOUNT,LISTED_CLEAN,,NA,1063.92,,,
CGL.L,GG00BMWWJM28,Castelnau Group,uk_smallcap_specialsits,,,,FLX,298.49,,,
CGT.L,GB0001738615,Capital Gearing Trust,aic_sweep,DCM_ACTIVE,LISTED_CLEAN,,FLX,804.22,,,Capital Gearing Trust — zero-discount DCM
CHI,,,fdb_scanner_finds,STRUCTURAL_DISCOUNT,DEBT_AMORTISING,,,,,,
CHI.L,GB00B1N4G299,CT UK High Income Trust,aic_sweep,STRUCTURAL_DISCOUNT,LISTED_CLEAN,,UGI,102,,,
CHRY.L,GG00BGJYPP46,Chrysalis Investments,strategic_review_or_activist,RETURN_OF_CAPITAL_LIVE,PRIVATE_EQUITY,0.35,GCP,378.05,2024-04-20,https://www.chrysalisinvestments.co.uk/return-of-capital,Chrysalis ROC programme + going self-managed (May 2026)
CHW,,,fdb_scanner_finds,STRUCTURAL_DISCOUNT,DEBT_AMORTISING,,,,,,
CHY,,,fdb_scanner_finds,STRUCTURAL_DISCOUNT,DEBT_AMORTISING,,,,,,
CIC.L,,,fdb_scanner_finds,STRUCTURAL_DISCOUNT,LISTED_CLEAN,,,,,,
CIR.MI,,,european_extras,STRUCTURAL_DISCOUNT,,0.4,,,,,
CLDN.L,GB00BTNQ8K38,Caledonia Investments,global_multi_asset_discount,STRUCTURAL_DISCOUNT,LISTED_CLEAN,0.3,FLX,1794.9,,,
CMPG.L,GB00B2PP2527,CT Global Managed Portfolio Growth,aic_sweep,STRUCTURAL_DISCOUNT,LISTED_CLEAN,,FLX,109.77,,,
CMPI.L,GB00B2PP3J36,CT Global Managed Portfolio Income,aic_sweep,STRUCTURAL_DISCOUNT,LISTED_CLEAN,,FLX,79.64,,,
CORD.L,GG00BMC7TM77,Cordiant Digital Infrastructure,renewables_infra_discount,STRUCTURAL_DISCOUNT,INFRA_DCF,0.3,INF,918.86,,,
CPEN.SW,,,fdb_scanner_finds,STRUCTURAL_DISCOUNT,PRIVATE_EQUITY,,,,,,
CREI.L,GB00BJFLFT45,Custodian Property Income REIT,reit_workout,STRUCTURAL_DISCOUNT,PROPERTY_DCF,0.2,PUC,400.52,,,
CTF-UN.TO,,,fdb_scanner_finds,STRUCTURAL_DISCOUNT,DEBT_AMORTISING,,,,,,
CTHT.L,GB00BZCNLL95,CT Healthcare Trust,aic_sweep,STRUCTURAL_DISCOUNT,LISTED_CLEAN,,BIO,72.1,,,
CTPE.L,GB0030738271,CT Private Equity Trust,listed_private_equity,STRUCTURAL_DISCOUNT,PRIVATE_EQUITY,0.3,PE,349.65,,,
CTUK.L,GB0003463287,CT UK Capital and Income,aic_sweep,STRUCTURAL_DISCOUNT,LISTED_CLEAN,,UGI,322.38,,,
CTY.L,GB0001990497,City of London Investment Trust,fdb_scanner_finds,DCM_ACTIVE,LISTED_CLEAN,,UGI,2870.59,,,City of London — DCM via buybacks/issuance
CVC.AS,,,listed_pe_gp_discount,STRUCTURAL_DISCOUNT,,0.1,,,,,
CVCE.L,JE00B9G79F59,CVC Income & Growth,aic_sweep,STRUCTURAL_DISCOUNT,DEBT_AMORTISING,,DLB,91.26,,,
CVCG.L,JE00B9MRHZ51,CVC Income & Growth,aic_sweep,STRUCTURAL_DISCOUNT,DEBT_AMORTISING,,DLB,224.22,,,
CYN.L,GB0000353929,CQS Natural Resources Growth & Income,strategic_review_or_activist,ACTIVIST_TARGET,LISTED_CLEAN,0.12,CNR,125.95,,,
DF.TO,,,fdb_scanner_finds,STRUCTURAL_DISCOUNT,PRIVATE_EQUITY,,,,,,
DFN.TO,,,fdb_scanner_finds,STRUCTURAL_DISCOUNT,PRIVATE_EQUITY,,,,,,
DGI9.L,JE00BMDKH437,Digital 9 Infrastructure,managed_wind_down,WIND_DOWN_COMMITTED,INFRA_DCF,0.4,INF,24.43,2024-03-31,https://www.digital9infrastructure.com/wind-down,Digital 9 managed wind-down
DGS-PA.TO,,,fdb_scanner_finds,STRUCTURAL_DISCOUNT,PRIVATE_EQUITY,,,,,,
DGS.TO,,,canadian_special_sits,STRUCTURAL_DISCOUNT,DEBT_AMORTISING,0.05,,,,,
DIG.L,GB0003406096,Dunedin Income Growth,fdb_scanner_finds,STRUCTURAL_DISCOUNT,LISTED_CLEAN,,UGI,351.32,,,
DIVI.L,GB00B65TLW28,Diverse Income Trust,uk_smallcap_specialsits,OPEN_END_CONVERSION_PROPOSED,LISTED_CLEAN,0.13,UGI,278.94,2026-02-01,https://quoteddata.com/2026/02/diverse-income-considers-switching-to-open-ended-fund-to-remove-discount-risk/,Board considering open-ended conversion Feb 2026
DNA2.L,,,leasing_realisation,,REAL_ASSET_OBSERVABLE,,,,,,
DNA3.L,,,leasing_realisation,,REAL_ASSET_OBSERVABLE,,,,,,
DPA.L,GG00BBP6HP33,DP Aircraft I,leasing_realisation,,REAL_ASSET_OBSERVABLE,,LEA,38.4,,,
DUI.AX,,,australian_lics,STRUCTURAL_DISCOUNT,LISTED_CLEAN,0.1,,,,,
ECC,,,us_cef_discount,,,-0.05,,,,,
ECL.AX,,,fdb_scanner_v2,STRUCTURAL_DISCOUNT,,,,,,,
EDIN.L,GB0003052338,Edinburgh Investment Trust,fdb_scanner_finds,STRUCTURAL_DISCOUNT,LISTED_CLEAN,,UGI,1016.17,,,
EGL.L,GB00BD3V4641,Ecofin Global Utilities and Infrastructure,aic_sweep,STRUCTURAL_DISCOUNT,LISTED_CLEAN,,UTL,247.03,,,
EIC,,,us_cef_discount,,,0.05,,,,,
EIT-UN.TO,,,fdb_scanner_finds,STRUCTURAL_DISCOUNT,DEBT_AMORTISING,,,,,,
ENRG.L,GB00BNKVP754,VH Global Energy Infrastructure,aic_sweep,STRUCTURAL_DISCOUNT,RENEWABLES_DCF,,REI,289.73,,,
ENS.TO,,,fdb_scanner_finds,STRUCTURAL_DISCOUNT,PRIVATE_EQUITY,,,,,,
EOI,,,us_cef_discount,,,0.05,,,,,
EOT.L,GB0000197722,European Opportunities Trust,aic_sweep,STRUCTURAL_DISCOUNT,LISTED_CLEAN,,EUR,420.4,,,
EQT.ST,,,listed_pe_gp_discount,STRUCTURAL_DISCOUNT,,0.1,,,,,
ESCT.L,GB00BMCF8689,The European Smaller Companies Trust,strategic_review_or_activist,ACTIVIST_TARGET,LISTED_CLEAN,0.12,ESC,803,,,
ESO.L,,,fdb_scanner_v2,STRUCTURAL_DISCOUNT,,,,,,,
ESP.L,,,reit_workout,STRUCTURAL_DISCOUNT,PROPERTY_DCF,0.2,,,,,
ETV,,,us_cef_discount,,,0.05,,,,,
ETW,,,us_cef_discount,,,0.05,,,,,
EWI.L,GB00BHSRZC82,Edinburgh Worldwide,strategic_review_or_activist,ACTIVIST_TARGET,LISTED_CLEAN,0.13,GSC,937.35,,,
EXO.AS,,,european_holding_co,,,0.4,,,,,
FAIR.L,GG00BS874H38,Fair Oaks Income 2021,uk_extras_2,STRUCTURAL_DISCOUNT,PRIVATE_EQUITY,0.2,DSF,167.82,,,
FAP.TO,,,fdb_scanner_finds,STRUCTURAL_DISCOUNT,LISTED_CLEAN,,,,,,
FAS.L,GB0003322319,Fidelity Asian Values,aic_sweep,STRUCTURAL_DISCOUNT,LISTED_CLEAN,,ASS,362.73,,,
FCIT.L,GB00BS88V647,F&C Investment Trust,fdb_scanner_finds,STRUCTURAL_DISCOUNT,LISTED_CLEAN,,GG,6294.1,,,
FCSS.L,GB00B62Z3C74,Fidelity China Special Situations,em_country_funds,,LISTED_CLEAN,0.13,CHN,1264.11,,,
FEML.L,GG00B4L0PD47,Fidelity Emerging Markets,uk_extras,,LISTED_CLEAN,,GEM,552.74,,,
FEV.L,GB00BK1PKQ95,Fidelity European Trust,aic_sweep,STRUCTURAL_DISCOUNT,LISTED_CLEAN,,EUR,2049.04,,,
FFN.TO,,,canadian_special_sits,STRUCTURAL_DISCOUNT,DEBT_AMORTISING,0.05,,,,,
FGEN.L,GG00BJL5FH87,Foresight Environmental Infrastructure,renewables_infra_discount,STRATEGIC_REVIEW,RENEWABLES_DCF,0.3,REI,511.14,2024-08-10,https://www.foresightenvironmental.com/strategic-review,Foresight Environmental review
FGG.AX,,,fdb_scanner_finds,STRUCTURAL_DISCOUNT,LISTED_CLEAN,,,,,,
FGT.L,GB0007816068,Finsbury Growth & Income Trust,fdb_scanner_finds,STRUCTURAL_DISCOUNT,DEBT_AMORTISING,,UGI,791.58,,,
FGX.AX,,,fdb_scanner_finds,STRUCTURAL_DISCOUNT,LISTED_CLEAN,,,,,,
FOF,,,us_cef_discount,,,0.05,,,,,
FSFL.L,JE00BD3QJR55,Foresight Solar Fund,renewables_infra_discount,STRUCTURAL_DISCOUNT,RENEWABLES_DCF,0.22,REI,402.14,,,
FSV.L,GB00BWXC7Y93,Fidelity Special Values,aic_sweep,STRUCTURAL_DISCOUNT,LISTED_CLEAN,,UGR,1375.24,,,
FTN.TO,,,canadian_special_sits,STRUCTURAL_DISCOUNT,DEBT_AMORTISING,0.05,,,,,
FUND,,,us_cef_discount,,,0.13,,,,,
FWONK,,,us_conglomerate_discount,STRUCTURAL_DISCOUNT,LISTED_CLEAN,0.15,,,,,
GAB,,,us_cef_discount,,,0.1,,,,,
GABI.L,JE00BPCSN748,GCP Asset Backed Income,managed_wind_down,WIND_DOWN_COMMITTED,DEBT_AMORTISING,0.2,DDL,110.02,2024-04-05,https://www.gcpassetbacked.com/wind-down,GCP Asset Backed wind-down
GAIN,,,us_bdc_discount,,,-0.05,,,,,
GAM,,,us_cef_discount,,,0.13,,,,,
GBDC,,,us_bdc_discount,,,0.0,,,,,
GBLB.BR,,,european_holding_co,,,0.3,,,,,
GC1.AX,,,australian_lics,STRUCTURAL_DISCOUNT,LISTED_CLEAN,0.15,,,,,
GCI.AX,,,fdb_scanner_finds,STRUCTURAL_DISCOUNT,DEBT_AMORTISING,,,,,,
GCL.L,GB00B15FW330,Geiger Counter,uk_extras,,,,CNR,80.78,,,
GCP.L,JE00B6173J15,GCP Infrastructure Investments,uk_extras,STRATEGIC_REVIEW,DEBT_AMORTISING,0.3,INF,631.95,2024-09-15,https://www.gcpinfrastructure.com/strategic-review,GCP Infrastructure strategic review
GDV,,,us_cef_discount,,,0.1,,,,,
GDV-PA.TO,,,fdb_scanner_finds,STRUCTURAL_DISCOUNT,PRIVATE_EQUITY,,,,,,
GDV.TO,,,fdb_scanner_finds,STRUCTURAL_DISCOUNT,PRIVATE_EQUITY,,,,,,
GGT,,,us_cef_discount,,,0.13,,,,,
GLAD,,,us_bdc_discount,,,-0.05,,,,,
GOT.L,GB0033862573,Global Opportunities Trust,aic_sweep,STRUCTURAL_DISCOUNT,LISTED_CLEAN,,FLX,96.29,,,
GPM.L,GG00B1G9T992,Golden Prospect Precious Metals,uk_extras,,,,CNR,78.99,,,
GRID.L,GB00BFX3K770,Gresham House Energy Storage,renewables_infra_discount,STRUCTURAL_DISCOUNT,RENEWABLES_DCF,0.3,REI,474.03,,,
GRIO.L,GB00B715WG26,Ground Rents Income Fund,uk_extras,WIND_DOWN_COMMITTED,PROPERTY_DCF,,PUR,16.74,2024-06-30,https://www.groundrentsincome.com/wind-down,Ground Rents Income wind-down
GROW.L,GB00BY7QYJ50,Molten Ventures,strategic_review_or_activist,STRATEGIC_REVIEW,PRIVATE_EQUITY,0.3,GCP,1110.14,,,
GRP.L,IE00BF2NR112,Greencoat Renewables,aic_sweep,STRUCTURAL_DISCOUNT,RENEWABLES_DCF,,REI,830.93,,,
GSCT.L,GB00BKLXD974,The Global Smaller Companies Trust,aic_sweep,STRUCTURAL_DISCOUNT,LISTED_CLEAN,,GSC,777.81,,,
GSEO.L,,,managed_wind_down,WIND_DOWN_COMMITTED,RENEWABLES_DCF,0.35,,,2024-07-15,https://www.vhglobalsustainable.com/wind-down,VH Global Sustainable Energy wind-down
GSF.L,GB00BG0P0V73,Gore Street Energy Storage,aic_sweep,STRUCTURAL_DISCOUNT,RENEWABLES_DCF,,REI,272.75,,,
GUT,,,us_cef_discount,,,-0.1,,,,,
HAN.L,,Hansa Investment Company,aic_sweep,STRUCTURAL_DISCOUNT,LISTED_CLEAN,,FLX,219.57,,,
HANA.L,,Hansa Investment Company (A share),aic_sweep,STRUCTURAL_DISCOUNT,LISTED_CLEAN,,FLX,410.49,,,
HBMN.SW,,,swiss_eu_specialist,STRUCTURAL_DISCOUNT,LISTED_CLEAN,0.18,,,,,
HEIO.AS,,,european_extras,STRUCTURAL_DISCOUNT,,0.15,,,,,
HEIT.L,,,managed_wind_down,WIND_DOWN_COMMITTED,RENEWABLES_DCF,0.4,,,2024-09-10,https://www.harmonyenergyincometrust.com/wind-down,Harmony Energy wind-down
HFEL.L,JE00B1GXH751,Henderson Far East Income,uk_extras,,LISTED_CLEAN,,ASI,555.48,,,
HGEN.L,,,managed_wind_down,WIND_DOWN_COMMITTED,RENEWABLES_DCF,0.45,,,2024-02-15,https://www.hydrogenonecap.com/wind-down,HydrogenOne wind-down
HGT.L,GB00BJ0LT190,HgCapital Trust,listed_private_equity,STRUCTURAL_DISCOUNT,PRIVATE_EQUITY,0.1,PE,1753.09,,,
HHI.L,GB0009580571,Henderson High Income Trust,uk_extras,,LISTED_CLEAN,,UKH,334.38,,,
HICL.L,GB00BJLP1Y77,HICL Infrastructure,renewables_infra_discount,STRUCTURAL_DISCOUNT,INFRA_DCF,0.18,INF,2498.91,,,
HLCL.L,,,reit_workout,STRUCTURAL_DISCOUNT,PROPERTY_DCF,0.4,,,,,
HM1.AX,,,australian_lics,STRUCTURAL_DISCOUNT,LISTED_CLEAN,0.2,,,,,
HOME.L,GB00BJP5HK17,Home REIT,strategic_review_or_activist,DISTRESSED,DISTRESSED,0.5,PUR,N/A,,,
HOT.L,,,managed_wind_down,WIND_DOWN_COMMITTED,LISTED_CLEAN,0.1,,,2024-12-05,https://www.hendersonopportunities.com/wind-down,Henderson Opportunities wind-down
HRI.L,GB0004228648,Herald Investment Trust,strategic_review_or_activist,ACTIVIST_TARGET,LISTED_CLEAN,0.13,GSC,1450.11,,,
HSL.L,GB0009065060,Henderson Smaller Companies,uk_extras,,LISTED_CLEAN,,USC,495.94,,,
HVPE.L,GG00BR30MJ80,HarbourVest Global Private Equity,listed_private_equity,STRUCTURAL_DISCOUNT,PRIVATE_EQUITY,0.35,PE,2377.51,,,
IAC,,,us_conglomerate_discount,STRUCTURAL_DISCOUNT,LISTED_CLEAN,0.3,,,,,
IAD.L,GB0004535307,Invesco Asia Dragon Trust,aic_sweep,STRUCTURAL_DISCOUNT,LISTED_CLEAN,,ASI,955.15,,,
IBC.AX,,,fdb_scanner_v2,STRUCTURAL_DISCOUNT,,,,,,,
IBT.L,GB0004559349,International Biotechnology,healthcare_cefs,,LISTED_CLEAN,0.1,BIO,302.36,,,
ICGT.L,GB0003292009,ICG Enterprise Trust,listed_private_equity,STRUCTURAL_DISCOUNT,PRIVATE_EQUITY,0.3,PE,845.89,,,
IEM.L,GB0031232498,Impax Environmental Markets,aic_sweep,STRUCTURAL_DISCOUNT,LISTED_CLEAN,,ENV,179.14,,,
IGC.L,GB00B0P8RJ60,India Capital Growth Fund,fdb_scanner_finds,STRUCTURAL_DISCOUNT,LISTED_CLEAN,,IND,105.77,,,
IGET.L,GB00B1DQ6472,Invesco Global Equity Income Trust,aic_sweep,STRUCTURAL_DISCOUNT,LISTED_CLEAN,,GGI,483.83,,,
IIGF.AX,,,fdb_scanner_finds,STRUCTURAL_DISCOUNT,LISTED_CLEAN,,,,,,
III.L,GB00B1YW4409,3i Group,aic_sweep,STRUCTURAL_DISCOUNT,PRIVATE_EQUITY,,PE,21597.76,,,
INDU-C.ST,,,european_holding_co,,,0.2,,,,,
INOV.L,GB00BVG1CF25,Schroders Capital Global Innovation Trust,aic_sweep,STRUCTURAL_DISCOUNT,PRIVATE_EQUITY,,GCP,105.47,2022-12-31,https://www.schroderscapitalinnovation.com/wind-down,Same trust as SUPP under renamed class
INPP.L,GB00B188SR50,International Public Partnerships,renewables_infra_discount,STRUCTURAL_DISCOUNT,INFRA_DCF,0.18,INF,2455.97,,,
INVE-B.ST,,,european_holding_co,,,0.2,,,,,
ITM.MI,,,european_extras,STRUCTURAL_DISCOUNT,,0.4,,,,,
JAGI.L,GB0001320778,JPMorgan Asia Growth & Income,uk_extras,,LISTED_CLEAN,,ASI,390.47,,,
JAM.L,GB00BKZGVH64,JPMorgan American,uk_extras_2,STRUCTURAL_DISCOUNT,LISTED_CLEAN,0.07,NA,1963.43,,,
JCGI.L,GB0003435012,JPMorgan China Growth & Income,aic_sweep,STRUCTURAL_DISCOUNT,LISTED_CLEAN,,CHN,219.83,,,
JCH.L,GB0003422184,JPMorgan Claverhouse,aic_sweep,STRUCTURAL_DISCOUNT,LISTED_CLEAN,,UGI,484.25,,,
JEDT.L,GB00BMTS0Z37,JPMorgan European Discovery,uk_extras,,LISTED_CLEAN,,ESC,575.95,,,
JEGI.L,GB00BPR9Y246,JPMorgan European Growth & Income,aic_sweep,STRUCTURAL_DISCOUNT,LISTED_CLEAN,,EUR,596.38,,,
JEMI.L,GB00B5ZZY915,JPMorgan Emerging Markets Dividend Income,em_country_funds,,LISTED_CLEAN,0.1,GEM,524.01,,,
JETG.L,,,fdb_scanner_finds,STRUCTURAL_DISCOUNT,LISTED_CLEAN,,,,,,
JFJ.L,GB0001740025,JPMorgan Japanese,uk_extras,,LISTED_CLEAN,,JPN,1165.93,,,
JGGI.L,GB00BYMKY695,JPMorgan Global Growth & Income,fdb_scanner_finds,STRUCTURAL_DISCOUNT,LISTED_CLEAN,,GGI,3187.01,,,
JIGI.L,GB0003450359,JPMorgan India Growth & Income,aic_sweep,STRUCTURAL_DISCOUNT,LISTED_CLEAN,,IND,362.92,,,
JLEN.L,,,renewables_infra_discount,STRUCTURAL_DISCOUNT,RENEWABLES_DCF,0.22,,,,,
JLS,,,us_cef_discount,,,0.1,,,,,
JMG.L,,,uk_extras,,LISTED_CLEAN,,,,,,
JMGI.L,GB00BMXWN182,JPMorgan Emerging Markets Growth & Income,aic_sweep,STRUCTURAL_DISCOUNT,LISTED_CLEAN,,GEM,1539.48,,,
JMM,,,us_cef_discount,,,0.1,,,,,
JPEL.L,GG00BVPBWF31,JPEL Private Equity,fdb_scanner_finds,STRUCTURAL_DISCOUNT,PRIVATE_EQUITY,,PE,21.21,,,
JUGI.L,GB00BF7L8P11,JPMorgan UK Small Cap Growth & Income,aic_sweep,STRUCTURAL_DISCOUNT,LISTED_CLEAN,,USC,390.17,,,
JUSC.L,GB00BJL5F346,JPMorgan US Smaller Companies,fdb_scanner_finds,STRUCTURAL_DISCOUNT,LISTED_CLEAN,,NAS,214.79,,,
KINV-B.ST,,,european_holding_co,,,0.3,,,,,
KKC.AX,,,fdb_scanner_finds,STRUCTURAL_DISCOUNT,DEBT_AMORTISING,,,,,,
KKVL.L,,,leasing_realisation,,DISTRESSED,,,,,,
KPC.L,,,managed_wind_down,WIND_DOWN_COMMITTED,LISTED_CLEAN,0.15,,,2024-10-30,https://www.keystonepositivechange.com/wind-down,Keystone Positive Change wind-down (Saba-driven)
L,,,us_conglomerate_discount,STRUCTURAL_DISCOUNT,LISTED_CLEAN,0.2,,,,,
LATO-B.ST,,,european_holding_co,,,0.1,,,,,
LBRDK,,,us_conglomerate_discount,STRUCTURAL_DISCOUNT,LISTED_CLEAN,0.2,,,,,
LBS-PA.TO,,,fdb_scanner_finds,STRUCTURAL_DISCOUNT,PRIVATE_EQUITY,,,,,,
LBS.TO,,,canadian_special_sits,STRUCTURAL_DISCOUNT,DEBT_AMORTISING,0.05,,,,,
LCS-PA.TO,,,fdb_scanner_finds,STRUCTURAL_DISCOUNT,PRIVATE_EQUITY,,,,,,
LCS.TO,,,canadian_special_sits,STRUCTURAL_DISCOUNT,DEBT_AMORTISING,0.05,,,,,
LFE.TO,,,fdb_scanner_finds,STRUCTURAL_DISCOUNT,PRIVATE_EQUITY,,,,,,
LGF.A,,,us_conglomerate_discount,STRUCTURAL_DISCOUNT,LISTED_CLEAN,0.15,,,,,
LILA,,,us_conglomerate_discount,STRUCTURAL_DISCOUNT,LISTED_CLEAN,0.3,,,,,
LRFC,,,us_bdc_discount,,,0.2,,,,,
LSAA.L,GB00BF1Q4B05,Life Settlement Assets,aic_sweep,STRUCTURAL_DISCOUNT,INFRA_DCF,,INS,75.42,,,
LSF.AX,,,australian_lics,ACTIVIST_TARGET,LISTED_CLEAN,0.2,,,,,
LTI.L,GB00BNKDVV71,Lindsell Train Investment Trust,fdb_scanner_finds,STRUCTURAL_DISCOUNT,LISTED_CLEAN,,GG,119.6,,,
LUND-B.ST,,,european_holding_co,,,0.2,,,,,
LWDB.L,GB0031429219,Law Debenture Corporation,uk_extras_2,STRUCTURAL_DISCOUNT,LISTED_CLEAN,0.05,UGI,1569.14,,,
LWI.L,GB00BNXGHS27,Lowland Investment Company,uk_extras,,LISTED_CLEAN,,UGI,372.01,,,
MA1.AX,,,fdb_scanner_finds,STRUCTURAL_DISCOUNT,LISTED_CLEAN,,,,,,
MAET.AX,,,fdb_scanner_finds,STRUCTURAL_DISCOUNT,LISTED_CLEAN,,,,,,
MAJE.L,GB0005555221,Majedie Investments,aic_sweep,STRUCTURAL_DISCOUNT,LISTED_CLEAN,,FLX,166.15,,,
MF.PA,,,european_holding_co,,,0.4,,,,,
MFF.AX,,,australian_lics,STRUCTURAL_DISCOUNT,LISTED_CLEAN,0.1,,,,,
MFIC,,,us_bdc_discount,,,0.2,,,,,
MGCI.L,GB00BFYYL325,M&G Credit Income,fdb_scanner_finds,STRUCTURAL_DISCOUNT,DEBT_AMORTISING,,DLB,189.1,,,
MIGO.L,GB0034365949,MIGO Opportunities Trust,uk_extras_2,STRUCTURAL_DISCOUNT,LISTED_CLEAN,0.05,FLX,70.52,,,
MIN,,,us_cef_discount,,,0.1,,,,,
MMIT.L,GB00BFZ7R980,Mobius Investment Trust,uk_extras,,LISTED_CLEAN,,GEM,109.7,,,
MNKS.L,GB0030517261,Monks Investment Trust,fdb_scanner_finds,STRUCTURAL_DISCOUNT,LISTED_CLEAN,,GG,2455.7,,,
MNL.L,GB0002258472,Manchester & London,uk_smallcap_specialsits,,LISTED_CLEAN,,TCM,410.67,,,
MOT.AX,,,fdb_scanner_finds,STRUCTURAL_DISCOUNT,DEBT_AMORTISING,,,,,,
MPLS.L,,,managed_wind_down,WIND_DOWN_COMMITTED,DEBT_AMORTISING,0.3,,,2024-08-22,https://www.marblepointloan.com/wind-down,Marble Point wind-down
MPO.L,GG00BGDYFV61,Macau Property Opportunities,fdb_scanner_v2,STRUCTURAL_DISCOUNT,,,PRW,3.65,,,
MRC.L,GB00BF4JDH58,Mercantile Investment Trust,uk_extras,,LISTED_CLEAN,,UGR,1704.69,,,
MRCH.L,GB0005800072,Merchants Trust,aic_sweep,STRUCTURAL_DISCOUNT,LISTED_CLEAN,,UGI,927.13,,,
MRV.L,GB00B641BB82,Maven Renovar VCT,aic_sweep,STRUCTURAL_DISCOUNT,PRIVATE_EQUITY,,VCA,69.46,,,
MSGE,,,us_conglomerate_discount,STRUCTURAL_DISCOUNT,LISTED_CLEAN,0.3,,,,,
MSGS,,,us_conglomerate_discount,STRUCTURAL_DISCOUNT,LISTED_CLEAN,0.2,,,,,
MTE.L,GB00BM8H3X05,Montanaro European Smaller Companies,fdb_scanner_finds,STRUCTURAL_DISCOUNT,LISTED_CLEAN,,ESC,221.55,,,
MTU.L,GB00BZ1H9L86,Montanaro UK Smaller Companies,fdb_scanner_finds,STRUCTURAL_DISCOUNT,LISTED_CLEAN,,USC,119.39,,,
MUT.L,GB0006111123,Murray Income Trust,uk_extras_2,STRUCTURAL_DISCOUNT,LISTED_CLEAN,0.08,UGI,876.69,,,
MVI.L,,Marwyn Value Investors,aic_sweep,STRUCTURAL_DISCOUNT,LISTED_CLEAN,,USC,77.41,,,
MWY.L,GB00B6VTTK07,Mid Wynd International,fdb_scanner_finds,STRUCTURAL_DISCOUNT,LISTED_CLEAN,,GG,207.11,,,
MXT.AX,,,fdb_scanner_finds,STRUCTURAL_DISCOUNT,DEBT_AMORTISING,,,,,,
MYI.L,GB00BQZCCB79,Murray International Trust,em_country_funds,,LISTED_CLEAN,0.07,GGI,2105.92,,,
NAIT.L,GB00BJ00Z303,North American Income Trust,fdb_scanner_finds,STRUCTURAL_DISCOUNT,DEBT_AMORTISING,,NA,462.28,,,
NAS.L,GB00BRDXZ870,North Atlantic Smaller Companies,global_multi_asset_discount,STRUCTURAL_DISCOUNT,LISTED_CLEAN,0.25,GSC,501.76,,,
NAVF.L,GB00BKLGLS10,Nippon Active Value Fund,uk_extras_2,ACTIVIST_TARGET,,0.05,JSC,426.13,,,
NBPE.L,GG00B1ZBD492,NB Private Equity Partners,listed_private_equity,STRUCTURAL_DISCOUNT,PRIVATE_EQUITY,0.25,PE,612.24,,,
NCC.AX,,,australian_lics,STRUCTURAL_DISCOUNT,LISTED_CLEAN,0.1,,,,,
NCYF.L,JE00B1LZS514,CQS New City High Yield Fund,specialist_credit,STRUCTURAL_DISCOUNT,DEBT_AMORTISING,0.05,DLB,348.84,,,
NESF.L,GG00BJ0JVY01,NextEnergy Solar Fund,renewables_infra_discount,STRATEGIC_REVIEW,RENEWABLES_DCF,0.22,REI,273.22,2026-03-11,https://www.nextenergysolarfund.com/strategic-review,Strategic review reset & roadmap
NGE.AX,,,fdb_scanner_v2,STRUCTURAL_DISCOUNT,,,,,,,
NPN.JO,,,european_holding_co,,,0.4,,,,,
NSC.AX,,,australian_lics,STRUCTURAL_DISCOUNT,LISTED_CLEAN,0.1,,,,,
NSI.L,GB0002631041,New Star Investment Trust,fdb_scanner_finds,STRUCTURAL_DISCOUNT,LISTED_CLEAN,,FLX,96.59,,,
OBL.AX,,,australian_lics,STRUCTURAL_DISCOUNT,PRIVATE_EQUITY,0.1,,,,,
OCI.L,,Oakley Capital Investments,listed_private_equity,STRUCTURAL_DISCOUNT,PRIVATE_EQUITY,0.3,PE,849.72,,,
OFS,,,us_bdc_discount,,,0.2,,,,,
OIG.L,GG00B3BTVQ94,Oryx International Growth,fdb_scanner_finds,STRUCTURAL_DISCOUNT,LISTED_CLEAN,,USC,173.95,,,
OIT.L,GB00BFFK7H57,Odyssean Investment Trust,uk_smallcap_specialsits,STRUCTURAL_DISCOUNT,LISTED_CLEAN,0.07,USC,275.85,,,
ONEX.TO,,,canadian_special_sits,STRUCTURAL_DISCOUNT,PRIVATE_EQUITY,0.3,,,,,
ONWD.L,GG00BMZR1514,Onward Opportunities,uk_smallcap_specialsits,STRUCTURAL_DISCOUNT,LISTED_CLEAN,0.1,USC,41.18,,,
ORIT.L,GB00BJM02935,Octopus Renewables Infrastructure Trust,aic_sweep,STRUCTURAL_DISCOUNT,RENEWABLES_DCF,,REI,328.65,,,
OXLC,,,us_cef_discount,,,0.0,,,,,
PAC.L,GB0006674385,Pacific Assets Trust,em_country_funds,,LISTED_CLEAN,0.1,ASP,469.72,,,
PCFT.L,GB00B9XQT119,Polar Capital Global Financials,aic_sweep,STRUCTURAL_DISCOUNT,LISTED_CLEAN,,FIN,357.51,,,
PCGH.L,GB00B6832P16,Polar Capital Global Healthcare,aic_sweep,STRUCTURAL_DISCOUNT,LISTED_CLEAN,,BIO,420.78,,,
PCI.AX,,,fdb_scanner_finds,STRUCTURAL_DISCOUNT,DEBT_AMORTISING,,,,,,
PCT.L,GB00BR3YV268,Polar Capital Technology,aic_sweep,STRUCTURAL_DISCOUNT,LISTED_CLEAN,,TCM,7265.79,,,
PCTN.L,,,reit_workout,STRUCTURAL_DISCOUNT,PROPERTY_DCF,0.3,,,,,
PE1.AX,,,australian_lics,STRUCTURAL_DISCOUNT,PRIVATE_EQUITY,0.2,,,,,
PEO,,,us_cef_discount,,,0.15,,,,,
PEY.L,GG00B28C2R28,Partners Group Private Equity,fdb_scanner_finds,OPEN_END_CONVERSION_PROPOSED,PRIVATE_EQUITY,,PE,567.91,2026-06-01,https://quoteddata.com/2026/06/partners-group-private-equity-offers-to-put-30-of-assets-in-a-realisation-share-class-after-holding-a-strategic-review/,30% realisation share class proposed June 2026
PEYS.L,,,fdb_scanner_finds,STRUCTURAL_DISCOUNT,PRIVATE_EQUITY,,,,,,
PFLT,,,us_bdc_discount,,,0.05,,,,,
PGF.AX,,,fdb_scanner_v2,STRUCTURAL_DISCOUNT,,,,,,,
PGHN.SW,,,listed_pe_gp_discount,STRUCTURAL_DISCOUNT,,0.0,,,,,
PHI.L,GB0006667470,Pacific Horizon Investment Trust,em_country_funds,,LISTED_CLEAN,0.1,ASP,852.91,,,
PIA.AX,,,australian_lics,STRATEGIC_REVIEW,LISTED_CLEAN,0.2,,,,,
PIC.AX,,,fdb_scanner_finds,STRUCTURAL_DISCOUNT,LISTED_CLEAN,,,,,,
PIN.L,GB00BP37WF17,Pantheon International,listed_private_equity,STRUCTURAL_DISCOUNT,PRIVATE_EQUITY,0.25,PE,1587.74,,,
PINT.L,GB00BLNNFL88,Pantheon Infrastructure,renewables_infra_discount,DCM_ACTIVE,INFRA_DCF,0.13,INF,537.98,,,Pantheon Infrastructure — performance-conditional tender
PL8.AX,,,australian_lics,STRUCTURAL_DISCOUNT,LISTED_CLEAN,0.05,,,,,
PNL.L,GB00BM8B5H06,Personal Assets Trust,aic_sweep,DCM_ACTIVE,LISTED_CLEAN,,FLX,1654.7,,https://quoteddata.com/glossary/dcm-or-discount-control-mechanism/,Personal Assets Trust — zero-discount DCM
PNNT,,,us_bdc_discount,,,0.2,,,,,
POW.TO,,,canadian_special_sits,STRUCTURAL_DISCOUNT,PRIVATE_EQUITY,0.25,,,,,
PPET.L,GB0030474687,Patria Private Equity,aic_sweep,STRUCTURAL_DISCOUNT,PRIVATE_EQUITY,,PE,895.08,,,
PRM.TO,,,fdb_scanner_finds,STRUCTURAL_DISCOUNT,PRIVATE_EQUITY,,,,,,
PRX.AS,,,european_holding_co,,,0.4,,,,,
PSDL.L,JE00BT7JKP71,Phoenix Spree Deutschland,reit_workout,STRUCTURAL_DISCOUNT,PROPERTY_DCF,0.3,PRE,155.19,,,
PSEC,,,us_bdc_discount,,,0.3,,,,,
PSH.L,GG00BPFJTF46,Pershing Square Holdings,global_multi_asset_discount,STRUCTURAL_DISCOUNT,LISTED_CLEAN,0.3,NA,6742.97,,,
PTMN,,,us_bdc_discount,,,0.2,,,,,
PVS-PH.TO,,,fdb_scanner_finds,STRUCTURAL_DISCOUNT,PRIVATE_EQUITY,,,,,,
PVS-PJ.TO,,,fdb_scanner_finds,STRUCTURAL_DISCOUNT,PRIVATE_EQUITY,,,,,,
QRI.AX,,,fdb_scanner_finds,STRUCTURAL_DISCOUNT,DEBT_AMORTISING,,,,,,
RAND,,,us_bdc_discount,,,0.2,,,,,
RCOI.L,GB00BRBWLX34,Riverstone Credit Opportunities Income,fdb_scanner_v2,STRUCTURAL_DISCOUNT,,,DDL,27.51,,,
RCP.L,GB0007366395,RIT Capital Partners,global_multi_asset_discount,STRUCTURAL_DISCOUNT,LISTED_CLEAN,0.25,FLX,3120.62,,,
RECI.L,GB00B0HW5366,Real Estate Credit Investments,reit_workout,STRUCTURAL_DISCOUNT,DEBT_AMORTISING,0.13,PRD,254.2,,,
RESI.L,GB00BYSX1508,Residential Secure Income REIT,managed_wind_down,WIND_DOWN_COMMITTED,PROPERTY_DCF,0.3,PUR,94.37,2023-09-18,https://www.resi-secure.co.uk/wind-down,Residential Secure managed realisation
RF.PA,,,european_holding_co,,,0.4,,,,,
RGL.L,GG00BSY2LD72,Regional REIT,reit_workout,STRUCTURAL_DISCOUNT,PROPERTY_DCF,0.5,PUC,147.99,,,
RGT,,,us_cef_discount,,,0.13,,,,,
RICA.L,GB00B018CS46,Ruffer Investment Company,fdb_scanner_finds,DCM_ACTIVE,LISTED_CLEAN,,FLX,889.34,,,Ruffer Investment Co — DCM via buybacks
RIII.L,GB0007392078,Rights & Issues Investment Trust,uk_smallcap_specialsits,,LISTED_CLEAN,,USC,103.01,,,
RKW.L,GB00BRRD5L66,Rockwood Strategic,aic_sweep,STRUCTURAL_DISCOUNT,LISTED_CLEAN,,USC,176.6,,,
RMII.L,GB00BYMTBG55,RM Infrastructure Income,managed_wind_down,WIND_DOWN_COMMITTED,DEBT_AMORTISING,0.2,DDL,30.74,2024-02-28,https://www.rmifund.com/wind-down,RM Infrastructure Income wind-down
RMMC.L,GG00BNDMJP11,River UK Micro Cap,fdb_scanner_finds,STRUCTURAL_DISCOUNT,LISTED_CLEAN,,USC,76.69,,,
RMT,,,us_cef_discount,,,0.08,,,,,
RS.TO,,,fdb_scanner_finds,STRUCTURAL_DISCOUNT,PROPERTY_DCF,,,,,,
RSE.L,GG00BWZ6KH33,Riverstone Energy,managed_wind_down,WIND_DOWN_COMMITTED,,0.2,CNR,27.2,2024-05-15,https://www.riverstonerei.com/wind-down,Wind-down announced May 2024
RTW.L,GG00BKTRRM22,RTW Biotech Opportunities,healthcare_cefs,,LISTED_CLEAN,0.1,BIO,704.74,,,
RVT,,,us_cef_discount,,,0.1,,,,,
RYD.AX,,,fdb_scanner_v2,STRUCTURAL_DISCOUNT,,,,,,,
SAIN.L,GB0007873697,Scottish American,fdb_scanner_finds,STRUCTURAL_DISCOUNT,LISTED_CLEAN,,GGI,811.9,,,
SAR,,,us_bdc_discount,,,0.05,,,,,
SBO.L,GB00BN7JZR28,Schroder British Opportunities,managed_wind_down,WIND_DOWN_COMMITTED,PRIVATE_EQUITY,0.4,GCP,51.55,2024-11-10,https://www.schroderbritishopportunities.com/wind-down,Schroder British Opportunities wind-down
SCF.L,GB0007915860,Schroder Income Growth Fund,uk_extras,,LISTED_CLEAN,,UGI,231.42,,,
SCM,,,us_bdc_discount,,,0.1,,,,,
SCP.L,GB0006108418,Schroder UK Mid Cap Fund,uk_extras,,LISTED_CLEAN,,UGR,235.31,,,
SDP.L,GB0007918872,Schroder AsiaPacific Fund,uk_extras_2,STRATEGIC_REVIEW,LISTED_CLEAN,0.08,ASP,1036.42,,,
SDV.L,GB0006615826,Chelverton UK Dividend Trust,aic_sweep,STRUCTURAL_DISCOUNT,LISTED_CLEAN,,UGI,30.53,,,
SEC.L,GB00B0BDCB21,Strategic Equity Capital,uk_smallcap_specialsits,STRUCTURAL_DISCOUNT,LISTED_CLEAN,0.13,USC,124.23,,,
SEIT.L,GB00BGHVZM47,SDCL Efficiency Income,renewables_infra_discount,WIND_DOWN_COMMITTED,RENEWABLES_DCF,0.3,REI,497.12,2026-04-09,https://www.investmentweek.co.uk/news/sdcl-wind-down,Managed wind-down confirmed
SEQI.L,GG00BV54HY67,Sequoia Economic Infrastructure Income,specialist_credit,STRUCTURAL_DISCOUNT,DEBT_AMORTISING,0.1,INF,1212.02,,,
SERE.L,GB00BY7R8K77,Schroder European Real Estate,aic_sweep,STRUCTURAL_DISCOUNT,PROPERTY_DCF,,PRE,78.32,,,
SHIP.L,GG00BSFVPB94,Tufton Assets,leasing_realisation,,REAL_ASSET_OBSERVABLE,,LEA,346.29,,,
SJG.L,GB0008022849,Schroder Japan Trust,fdb_scanner_finds,STRUCTURAL_DISCOUNT,LISTED_CLEAN,,JPN,412.17,,,
SLPE.L,,,fdb_scanner_finds,STRUCTURAL_DISCOUNT,PRIVATE_EQUITY,,,,,,
SMIF.L,GG00BJVDZ946,TwentyFour Select Monthly Income,aic_sweep,STRUCTURAL_DISCOUNT,DEBT_AMORTISING,,DLB,304.53,,,
SMT.L,GB00BLDYK618,Scottish Mortgage Investment Trust,fdb_scanner_finds,STRUCTURAL_DISCOUNT,LISTED_CLEAN,,GG,15732.43,,,
SOF.BR,,,european_holding_co,,,0.3,,,,,
SOHO.L,GB00BF0P7H59,Social Housing REIT,uk_extras,STRATEGIC_REVIEW,PROPERTY_DCF,0.3,PUR,279.05,2024-03-08,https://www.socialhousingreit.com/strategic-review,Social Housing REIT strategic review
SOI.L,GB00B0CRWN59,Schroder Oriental Income,fdb_scanner_finds,STRUCTURAL_DISCOUNT,DEBT_AMORTISING,,ASI,947.61,,,
SOL.AX,,,australian_lics,STRUCTURAL_DISCOUNT,PRIVATE_EQUITY,0.05,,,,,
SOR,,,us_cef_discount,,,0.1,,,,,
SREI.L,GB00B01HM147,Schroder Real Estate,reit_workout,STRUCTURAL_DISCOUNT,PROPERTY_DCF,0.3,PUC,231.35,,,
SSIT.L,GB00BKPG0138,Seraphim Space Investment Trust,strategic_review_or_activist,STRATEGIC_REVIEW,PRIVATE_EQUITY,0.25,GCP,727.23,,,
SSON.L,,,uk_extras,,LISTED_CLEAN,,,,,,
SST.L,GB00BRBL6574,Scottish Oriental Smaller Companies,fdb_scanner_finds,STRUCTURAL_DISCOUNT,LISTED_CLEAN,,ASS,291.71,,,
STS.L,GB00B09G3N23,STS Global Income & Growth Trust,aic_sweep,STRUCTURAL_DISCOUNT,LISTED_CLEAN,,GGI,252.73,,,
SUPP.L,,,managed_wind_down,WIND_DOWN_COMMITTED,PRIVATE_EQUITY,0.5,,,2022-12-31,https://www.schroderscapitalinnovation.com/wind-down,ex-Woodford Patient Capital realisation (ongoing)
SWTZ.AX,,,fdb_scanner_finds,STRUCTURAL_DISCOUNT,LISTED_CLEAN,,,,,,
SYNC.L,GG00B8P59C08,Syncona,aic_sweep,STRUCTURAL_DISCOUNT,LISTED_CLEAN,,BIO,594.77,,,
TBLD,,,fdb_scanner_finds,STRUCTURAL_DISCOUNT,DEBT_AMORTISING,,,,,,
TCF.AX,,,fdb_scanner_finds,STRUCTURAL_DISCOUNT,DEBT_AMORTISING,,,,,,
TEM.L,GB00BKPG0S09,Templeton Emerging Markets,strategic_review_or_activist,ACTIVIST_TARGET,LISTED_CLEAN,0.11,GEM,2957.25,,,
TENT.L,,,managed_wind_down,WIND_DOWN_COMMITTED,RENEWABLES_DCF,0.3,,,2024-05-20,https://www.triplepointenergytransition.com/wind-down,Triple Point Energy Transition wind-down
TFG.L,GG00B1RMC548,Tetragon Financial Group,global_multi_asset_discount,STRUCTURAL_DISCOUNT,,0.45,FLX,923.87,,,
TFIF.L,GG00B90J5Z95,TwentyFour Income Fund,specialist_credit,STRUCTURAL_DISCOUNT,DEBT_AMORTISING,0.05,DSF,970.19,,,
TGF.AX,,,australian_lics,STRATEGIC_REVIEW,REAL_ASSET_OBSERVABLE,0.2,,,,,
THRG.L,,,uk_extras,,LISTED_CLEAN,,,,,,
THRL.L,GB00BJGTLF51,Target Healthcare REIT,aic_sweep,STRUCTURAL_DISCOUNT,LISTED_CLEAN,,PUH,663.65,,,
TMI.L,,,leasing_realisation,WIND_DOWN_LIKELY,REAL_ASSET_OBSERVABLE,0.2,,,,,
TMPL.L,GB00BMV92D64,Temple Bar Investment Trust,fdb_scanner_finds,STRUCTURAL_DISCOUNT,LISTED_CLEAN,,UGI,1184.25,,,
TORO.L,GG00BWBSDM98,Chenavari Toro Income Fund,fdb_scanner_finds,STRUCTURAL_DISCOUNT,DEBT_AMORTISING,,DSF,170.21,,,
TPOU.L,,,global_multi_asset_discount,STRUCTURAL_DISCOUNT,LISTED_CLEAN,0.2,,,,,
TRG.L,,,fdb_scanner_finds,STRUCTURAL_DISCOUNT,LISTED_CLEAN,,,,,,
TRIG.L,GG00BBHX2H91,Renewables Infrastructure Group,renewables_infra_discount,STRUCTURAL_DISCOUNT,RENEWABLES_DCF,0.22,REI,1701.72,,,
TRY.L,GB0009064097,TR Property Investment Trust,fdb_scanner_finds,DCM_ACTIVE,PROPERTY_DCF,,PPS,977.44,,,TR Property — DCM
TY,,,us_cef_discount,,,0.13,,,,,
UEM.L,GB00BD45S967,Utilico Emerging Markets Trust,aic_sweep,STRUCTURAL_DISCOUNT,LISTED_CLEAN,,GEM,483.46,,,
UKW.L,GB00B8SC6K54,Greencoat UK Wind,renewables_infra_discount,STRUCTURAL_DISCOUNT,RENEWABLES_DCF,0.18,REI,2207.25,,,
USA.L,GB00BDFGHW41,Baillie Gifford US Growth,strategic_review_or_activist,ACTIVIST_TARGET,LISTED_CLEAN,0.13,NA,912.63,,,
USF.L,GB00BJCWFX49,US Solar Fund,managed_wind_down,WIND_DOWN_COMMITTED,RENEWABLES_DCF,0.25,REI,112.36,2023-11-30,https://www.ussolarfund.co.uk/wind-down,Managed wind-down committed Nov 2023
VEIL.L,,Vietnam Enterprise Investments,aic_sweep,STRUCTURAL_DISCOUNT,LISTED_CLEAN,,CSP,1030.78,,,
VIP.L,GB0008484718,Value and Indexed Property Income Trust,fdb_scanner_finds,STRUCTURAL_DISCOUNT,DEBT_AMORTISING,,PUC,82,,,
VNH.L,GG00BJQZ9H10,VietNam Holding,em_country_funds,STRUCTURAL_DISCOUNT,LISTED_CLEAN,0.15,CSP,62.53,,,
VOF.L,GG00BYXVT888,VinaCapital Vietnam Opportunity,em_country_funds,STRUCTURAL_DISCOUNT,LISTED_CLEAN,0.2,CSP,541.65,,,
VSL.L,GB00BVG6X439,VPC Specialty Lending Investments,managed_wind_down,WIND_DOWN_COMMITTED,DEBT_AMORTISING,0.2,DDL,30.33,2024-05-30,https://www.vpcspecialtylending.com/wind-down,VPC Specialty Lending wind-down
VTA.L,GG00B1GHHH78,Volta Finance,specialist_credit,STRUCTURAL_DISCOUNT,DEBT_AMORTISING,0.1,DSF,223.11,,,
WAA.AX,,,australian_lics,STRUCTURAL_DISCOUNT,LISTED_CLEAN,0.05,,,,,
WAM.AX,,,australian_lics,STRUCTURAL_DISCOUNT,LISTED_CLEAN,0.05,,,,,
WGB.AX,,,australian_lics,STRUCTURAL_DISCOUNT,LISTED_CLEAN,0.1,,,,,
WHF.AX,,,australian_lics,STRUCTURAL_DISCOUNT,LISTED_CLEAN,0.13,,,,,
WHR.L,,,reit_workout,STRUCTURAL_DISCOUNT,PROPERTY_DCF,0.15,,,,,
WI.V,,,fdb_scanner_v2,STRUCTURAL_DISCOUNT,,,,,,,
WLE.AX,,,australian_lics,STRUCTURAL_DISCOUNT,LISTED_CLEAN,0.05,,,,,
WWH.L,GB00BN455J50,Worldwide Healthcare Trust,healthcare_cefs,,LISTED_CLEAN,0.07,BIO,1267.6,,,
XTD.TO,,,fdb_scanner_finds,STRUCTURAL_DISCOUNT,PRIVATE_EQUITY,,,,,,
PDI,,PIMCO Dynamic Income,us_cef_pimco,STRUCTURAL_DISCOUNT,DEBT_AMORTISING,,,,,,fdb widening batch 2026-06
PDO,,PIMCO Dynamic Income Opps,us_cef_pimco,STRUCTURAL_DISCOUNT,DEBT_AMORTISING,,,,,,fdb widening batch 2026-06
PAXS,,PIMCO Access Income,us_cef_pimco,STRUCTURAL_DISCOUNT,DEBT_AMORTISING,,,,,,fdb widening batch 2026-06
PTY,,PIMCO Corporate & Income Opps,us_cef_pimco,STRUCTURAL_DISCOUNT,DEBT_AMORTISING,,,,,,fdb widening batch 2026-06
PCN,,PIMCO Corporate & Income Strat,us_cef_pimco,STRUCTURAL_DISCOUNT,DEBT_AMORTISING,,,,,,fdb widening batch 2026-06
PFL,,PIMCO Income Strategy,us_cef_pimco,STRUCTURAL_DISCOUNT,DEBT_AMORTISING,,,,,,fdb widening batch 2026-06
PFN,,PIMCO Income Strategy II,us_cef_pimco,STRUCTURAL_DISCOUNT,DEBT_AMORTISING,,,,,,fdb widening batch 2026-06
PML,,PIMCO Municipal Income II,us_cef_pimco,STRUCTURAL_DISCOUNT,DEBT_AMORTISING,,,,,,fdb widening batch 2026-06
PMF,,PIMCO Municipal Income,us_cef_pimco,STRUCTURAL_DISCOUNT,DEBT_AMORTISING,,,,,,fdb widening batch 2026-06
JPS,,Nuveen Preferred & Income Secs,us_cef_nuveen,STRUCTURAL_DISCOUNT,DEBT_AMORTISING,,,,,,fdb widening batch 2026-06
JPC,,Nuveen Preferred & Income Opps,us_cef_nuveen,STRUCTURAL_DISCOUNT,DEBT_AMORTISING,,,,,,fdb widening batch 2026-06
JFR,,Nuveen Floating Rate Income,us_cef_nuveen,STRUCTURAL_DISCOUNT,DEBT_AMORTISING,,,,,,fdb widening batch 2026-06
JQC,,Nuveen Credit Strategies Income,us_cef_nuveen,STRUCTURAL_DISCOUNT,DEBT_AMORTISING,,,,,,fdb widening batch 2026-06
NAD,,Nuveen Quality Muni Income,us_cef_nuveen,STRUCTURAL_DISCOUNT,DEBT_AMORTISING,,,,,,fdb widening batch 2026-06
NEA,,Nuveen AMT-Free Quality Muni,us_cef_nuveen,STRUCTURAL_DISCOUNT,DEBT_AMORTISING,,,,,,fdb widening batch 2026-06
NVG,,Nuveen AMT-Free Muni Credit,us_cef_nuveen,STRUCTURAL_DISCOUNT,DEBT_AMORTISING,,,,,,fdb widening batch 2026-06
NZF,,Nuveen Muni Credit Income,us_cef_nuveen,STRUCTURAL_DISCOUNT,DEBT_AMORTISING,,,,,,fdb widening batch 2026-06
JRI,,Nuveen Real Asset Income & Gr,us_cef_nuveen,STRUCTURAL_DISCOUNT,LISTED_CLEAN,,,,,,fdb widening batch 2026-06
BIGZ,,BlackRock Innovation & Growth,us_cef_blackrock,ACTIVIST_TARGET,LISTED_CLEAN,,,,,,fdb widening batch 2026-06
BMEZ,,BlackRock Health Sciences II,us_cef_blackrock,ACTIVIST_TARGET,LISTED_CLEAN,,,,,,fdb widening batch 2026-06
BSTZ,,BlackRock Science & Tech II,us_cef_blackrock,ACTIVIST_TARGET,LISTED_CLEAN,,,,,,fdb widening batch 2026-06
BDJ,,BlackRock Enhanced Equity Div,us_cef_blackrock,STRUCTURAL_DISCOUNT,LISTED_CLEAN,,,,,,fdb widening batch 2026-06
BOE,,BlackRock Enhanced Global Div,us_cef_blackrock,STRUCTURAL_DISCOUNT,LISTED_CLEAN,,,,,,fdb widening batch 2026-06
BGY,,BlackRock Enh Intl Dividend,us_cef_blackrock,STRUCTURAL_DISCOUNT,LISTED_CLEAN,,,,,,fdb widening batch 2026-06
BTZ,,BlackRock Credit Allocation,us_cef_blackrock,STRUCTURAL_DISCOUNT,DEBT_AMORTISING,,,,,,fdb widening batch 2026-06
FRA,,BlackRock Floating Rate Income,us_cef_blackrock,STRUCTURAL_DISCOUNT,DEBT_AMORTISING,,,,,,fdb widening batch 2026-06
BIT,,BlackRock Multi-Sector Income,us_cef_blackrock,STRUCTURAL_DISCOUNT,DEBT_AMORTISING,,,,,,fdb widening batch 2026-06
BKT,,BlackRock Income Trust,us_cef_blackrock,STRUCTURAL_DISCOUNT,DEBT_AMORTISING,,,,,,fdb widening batch 2026-06
EVT,,Eaton Vance Tax-Adv Dividend,us_cef_eatonvance,STRUCTURAL_DISCOUNT,LISTED_CLEAN,,,,,,fdb widening batch 2026-06
ETO,,Eaton Vance Tax-Adv Global Div,us_cef_eatonvance,STRUCTURAL_DISCOUNT,LISTED_CLEAN,,,,,,fdb widening batch 2026-06
ETG,,Eaton Vance Tax-Adv Global Inc,us_cef_eatonvance,STRUCTURAL_DISCOUNT,LISTED_CLEAN,,,,,,fdb widening batch 2026-06
EXG,,EV Tax-Mgd Global Div Equity,us_cef_eatonvance,STRUCTURAL_DISCOUNT,LISTED_CLEAN,,,,,,fdb widening batch 2026-06
EOS,,Eaton Vance Enhanced Equity II,us_cef_eatonvance,STRUCTURAL_DISCOUNT,LISTED_CLEAN,,,,,,fdb widening batch 2026-06
ETY,,EV Tax-Mgd Diversified Equity,us_cef_eatonvance,STRUCTURAL_DISCOUNT,LISTED_CLEAN,,,,,,fdb widening batch 2026-06
UTF,,Cohen & Steers Infrastructure,us_cef_cohensteers,STRUCTURAL_DISCOUNT,LISTED_CLEAN,,,,,,fdb widening batch 2026-06
RQI,,Cohen & Steers Quality Income Rlty,us_cef_cohensteers,STRUCTURAL_DISCOUNT,PROPERTY_DCF,,,,,,fdb widening batch 2026-06
RNP,,Cohen & Steers REIT & Pref,us_cef_cohensteers,STRUCTURAL_DISCOUNT,PROPERTY_DCF,,,,,,fdb widening batch 2026-06
RFI,,Cohen & Steers Total Return Rlty,us_cef_cohensteers,STRUCTURAL_DISCOUNT,PROPERTY_DCF,,,,,,fdb widening batch 2026-06
PSF,,Cohen & Steers Select Preferred,us_cef_cohensteers,STRUCTURAL_DISCOUNT,DEBT_AMORTISING,,,,,,fdb widening batch 2026-06
IFN,,India Fund,us_country_funds,STRUCTURAL_DISCOUNT,LISTED_CLEAN,,,,,,fdb widening batch 2026-06
TWN,,Taiwan Fund,us_country_funds,STRUCTURAL_DISCOUNT,LISTED_CLEAN,,,,,,fdb widening batch 2026-06
KF,,Korea Fund,us_country_funds,STRUCTURAL_DISCOUNT,LISTED_CLEAN,,,,,,fdb widening batch 2026-06
MXF,,Mexico Fund,us_country_funds,STRUCTURAL_DISCOUNT,LISTED_CLEAN,,,,,,fdb widening batch 2026-06
SWZ,,Swiss Helvetia Fund,us_country_funds,STRUCTURAL_DISCOUNT,LISTED_CLEAN,,,,,,fdb widening batch 2026-06
EEA,,European Equity Fund,us_country_funds,STRUCTURAL_DISCOUNT,LISTED_CLEAN,,,,,,fdb widening batch 2026-06
GF,,New Germany Fund,us_country_funds,STRUCTURAL_DISCOUNT,LISTED_CLEAN,,,,,,fdb widening batch 2026-06
TDF,,Templeton Dragon Fund,us_country_funds,STRUCTURAL_DISCOUNT,LISTED_CLEAN,,,,,,fdb widening batch 2026-06
EMF,,Templeton Emerging Markets,us_country_funds,STRUCTURAL_DISCOUNT,LISTED_CLEAN,,,,,,fdb widening batch 2026-06
JOF,,Japan Smaller Capitalization,us_country_funds,STRUCTURAL_DISCOUNT,LISTED_CLEAN,,,,,,fdb widening batch 2026-06
CHN,,China Fund,us_country_funds,STRUCTURAL_DISCOUNT,LISTED_CLEAN,,,,,,fdb widening batch 2026-06
USA,,Liberty All-Star Equity,us_country_funds,STRUCTURAL_DISCOUNT,LISTED_CLEAN,,,,,,fdb widening batch 2026-06
ASG,,Liberty All-Star Growth,us_country_funds,STRUCTURAL_DISCOUNT,LISTED_CLEAN,,,,,,fdb widening batch 2026-06
NCV,,Virtus Conv & Income,us_cef_other,STRUCTURAL_DISCOUNT,DEBT_AMORTISING,,,,,,fdb widening batch 2026-06
NCZ,,Virtus Conv & Income II,us_cef_other,STRUCTURAL_DISCOUNT,DEBT_AMORTISING,,,,,,fdb widening batch 2026-06
HQH,,abrdn Healthcare Investors,us_cef_other,STRUCTURAL_DISCOUNT,LISTED_CLEAN,,,,,,fdb widening batch 2026-06
HQL,,abrdn Life Sciences Investors,us_cef_other,STRUCTURAL_DISCOUNT,LISTED_CLEAN,,,,,,fdb widening batch 2026-06
THQ,,abrdn Healthcare Opportunities,us_cef_other,STRUCTURAL_DISCOUNT,LISTED_CLEAN,,,,,,fdb widening batch 2026-06
NML,,Neuberger Berman Energy Infra,us_cef_other,STRUCTURAL_DISCOUNT,LISTED_CLEAN,,,,,,fdb widening batch 2026-06
KYN,,Kayne Anderson Energy Infra,us_cef_other,STRUCTURAL_DISCOUNT,LISTED_CLEAN,,,,,,fdb widening batch 2026-06
SRV,,NXG Cushing Midstream Energy,us_cef_other,STRUCTURAL_DISCOUNT,LISTED_CLEAN,,,,,,fdb widening batch 2026-06
JARA.L,GB00BJL5FH87,JPMorgan Global Core Real Assets,uk_extras_3,WIND_DOWN_COMMITTED,INFRA_DCF,,INF,,2025-09-30,https://www.investmentweek.co.uk/news/4376448/jpmorgan-global-core-real-assets-seeks-managed-wind-failed-continuation-vote,Failed continuation vote Sept 2025; wind-down due
UTG.L,GB00B1DDCK16,Unite Group REIT,uk_extras_3,ACTIVIST_TARGET,PROPERTY_DCF,,,,,,Top-8 holding in Saba UKIT ETF; activist target
IPO.L,GB00B128J450,IP Group PLC,uk_extras_3,ACTIVIST_TARGET,PRIVATE_EQUITY,,,,,,Top-3 non-cash holding in Saba UKIT ETF
ZTR,,Virtus Total Return,us_equity,STRUCTURAL_DISCOUNT,LISTED_CLEAN,,,,,,
BTT,,BlackRock Municipal 2030 Target,us_muni,STRUCTURAL_DISCOUNT,DEBT_AMORTISING,,,,,,target-term wind-down
NHF,,NexPoint Strategic Opportunities,us_distressed,STRUCTURAL_DISCOUNT,LISTED_CLEAN,,,,,,activist watch
PCF,,High Income Securities,us_credit,STRUCTURAL_DISCOUNT,DEBT_AMORTISING,,,,,,
PHK,,PIMCO High Income,us_credit,STRUCTURAL_DISCOUNT,DEBT_AMORTISING,,,,,,
NRO,,Neuberger Real Estate,us_reit,STRUCTURAL_DISCOUNT,PROPERTY_DCF,,,,,,
NHS,,Neuberger High Yield Strategies,us_credit,STRUCTURAL_DISCOUNT,DEBT_AMORTISING,,,,,,
ECF,,Ellsworth Growth & Income,us_equity,STRUCTURAL_DISCOUNT,LISTED_CLEAN,,,,,,
EXD,,Eaton Vance TaxAdv Bond,us_credit,STRUCTURAL_DISCOUNT,DEBT_AMORTISING,,,,,,
EFL,,Eaton Vance Floating Rate,us_credit,STRUCTURAL_DISCOUNT,DEBT_AMORTISING,,,,,,
EVF,,Eaton Vance Senior Income,us_credit,STRUCTURAL_DISCOUNT,DEBT_AMORTISING,,,,,,
NMZ,,Nuveen Municipal High Income,us_muni,STRUCTURAL_DISCOUNT,DEBT_AMORTISING,,,,,,
NID,,Nuveen Intermediate Muni,us_muni,STRUCTURAL_DISCOUNT,DEBT_AMORTISING,,,,,,
NXP,,Nuveen Select Tax-Free,us_muni,STRUCTURAL_DISCOUNT,DEBT_AMORTISING,,,,,,
NXC,,Nuveen California Select Tax-Free,us_muni,STRUCTURAL_DISCOUNT,DEBT_AMORTISING,,,,,,
NUV,,Nuveen Municipal Value,us_muni,STRUCTURAL_DISCOUNT,DEBT_AMORTISING,,,,,,
NUW,,Nuveen AMT-Free Muni,us_muni,STRUCTURAL_DISCOUNT,DEBT_AMORTISING,,,,,,
NXJ,,Nuveen New Jersey Muni,us_muni,STRUCTURAL_DISCOUNT,DEBT_AMORTISING,,,,,,
NRK,,Nuveen New York Muni,us_muni,STRUCTURAL_DISCOUNT,DEBT_AMORTISING,,,,,,
NXR,,Nuveen Select Muni,us_muni,STRUCTURAL_DISCOUNT,DEBT_AMORTISING,,,,,,
NMI,,Nuveen Muni Income,us_muni,STRUCTURAL_DISCOUNT,DEBT_AMORTISING,,,,,,
NXN,,Nuveen Insured NY Select Tax-Free,us_muni,STRUCTURAL_DISCOUNT,DEBT_AMORTISING,,,,,,
NIM,,Nuveen Select Maturities Muni,us_muni,STRUCTURAL_DISCOUNT,DEBT_AMORTISING,,,,,,
EOT,,Eaton Vance Natl Muni Opps,us_muni,STRUCTURAL_DISCOUNT,DEBT_AMORTISING,,,,,,
EIM,,Eaton Vance Muni Bond,us_muni,STRUCTURAL_DISCOUNT,DEBT_AMORTISING,,,,,,
EMI,,Eaton Vance Muni Income,us_muni,STRUCTURAL_DISCOUNT,DEBT_AMORTISING,,,,,,
EVN,,Eaton Vance Munis Bond,us_muni,STRUCTURAL_DISCOUNT,DEBT_AMORTISING,,,,,,
EVM,,Eaton Vance Calif Muni,us_muni,STRUCTURAL_DISCOUNT,DEBT_AMORTISING,,,,,,
EVO,,Eaton Vance Ohio Muni,us_muni,STRUCTURAL_DISCOUNT,DEBT_AMORTISING,,,,,,
EVP,,Eaton Vance PA Muni,us_muni,STRUCTURAL_DISCOUNT,DEBT_AMORTISING,,,,,,
ETB,,Eaton Vance Tax-Mgd Buy-Write,us_equity,STRUCTURAL_DISCOUNT,LISTED_CLEAN,,,,,,
JCE,,Nuveen Core Equity Alpha,us_equity,STRUCTURAL_DISCOUNT,LISTED_CLEAN,,,,,,
JRO,,Nuveen Floating Rate Income Opps,us_credit,STRUCTURAL_DISCOUNT,DEBT_AMORTISING,,,,,,
JHY,,Nuveen Variable Rate Term,us_credit,STRUCTURAL_DISCOUNT,DEBT_AMORTISING,,,,,,
JHB,,Nuveen New York Quality Muni,us_muni,STRUCTURAL_DISCOUNT,DEBT_AMORTISING,,,,,,
JFM,,Nuveen Multi-Asset Income,us_equity,STRUCTURAL_DISCOUNT,LISTED_CLEAN,,,,,,
BCV,,Bancroft Fund,us_credit,STRUCTURAL_DISCOUNT,LISTED_CLEAN,,,,,,convertible
BCX,,BlackRock Resources & Commodities Strategy,us_resources,STRUCTURAL_DISCOUNT,LISTED_CLEAN,,,,,,
CGO,,Calamos Global Total Return,us_equity,STRUCTURAL_DISCOUNT,LISTED_CLEAN,,,,,,
CSQ,,Calamos Strategic Total Return,us_equity,STRUCTURAL_DISCOUNT,LISTED_CLEAN,,,,,,
DSL,,DoubleLine Income Solutions,us_credit,STRUCTURAL_DISCOUNT,DEBT_AMORTISING,,,,,,
DLY,,DoubleLine Yield Opportunities,us_credit,STRUCTURAL_DISCOUNT,DEBT_AMORTISING,,,,,,
NRGX,,Neuberger Energy,us_energy,STRUCTURAL_DISCOUNT,LISTED_CLEAN,,,,,,
TPZ,,Tortoise Power & Energy,us_energy,STRUCTURAL_DISCOUNT,LISTED_CLEAN,,,,,,
NTG,,Tortoise Midstream Energy,us_energy,STRUCTURAL_DISCOUNT,LISTED_CLEAN,,,,,,
TYG,,Tortoise Energy Infrastructure,us_infra,STRUCTURAL_DISCOUNT,LISTED_CLEAN,,,,,,
NDP,,Tortoise Energy Independence,us_energy,STRUCTURAL_DISCOUNT,LISTED_CLEAN,,,,,,
CEN,,Center Coast Brookfield MLP,us_infra,STRUCTURAL_DISCOUNT,LISTED_CLEAN,,,,,,
TTP,,Tortoise Pipeline & Energy,us_infra,STRUCTURAL_DISCOUNT,LISTED_CLEAN,,,,,,
INF,,Brookfield Real Estate Opportunities,us_reit,STRUCTURAL_DISCOUNT,PROPERTY_DCF,,,,,,
IGR,,CBRE Global Real Estate Income,us_reit,STRUCTURAL_DISCOUNT,PROPERTY_DCF,,,,,,
JRS,,Nuveen Real Estate Income,us_reit,STRUCTURAL_DISCOUNT,PROPERTY_DCF,,,,,,
RLJ-PA,,RLJ Lodging Trust Preferred A,us_reit_pref,STRUCTURAL_DISCOUNT,PROPERTY_DCF,,,,,,
EFR,,Eaton Vance Sr Floating Rate,us_credit,STRUCTURAL_DISCOUNT,DEBT_AMORTISING,,,,,,
EFT,,Eaton Vance Floating Rate Income Plus,us_credit,STRUCTURAL_DISCOUNT,DEBT_AMORTISING,,,,,,
BGH,,Babson Global Short Duration High Yield,us_credit,STRUCTURAL_DISCOUNT,DEBT_AMORTISING,,,,,,
PAI,,Western Asset Income,us_credit,STRUCTURAL_DISCOUNT,DEBT_AMORTISING,,,,,,
PCM,,PIMCO Commercial Mortgage,us_credit,STRUCTURAL_DISCOUNT,DEBT_AMORTISING,,,,,,
TSI,,TCW Strategic Income,us_credit,STRUCTURAL_DISCOUNT,DEBT_AMORTISING,,,,,,
TLI,,Western Asset Total Return Income,us_credit,STRUCTURAL_DISCOUNT,DEBT_AMORTISING,,,,,,
WIA,,Western Asset Inflation-Linked Income,us_credit,STRUCTURAL_DISCOUNT,DEBT_AMORTISING,,,,,,
WIW,,Western Asset Inflation-Linked Opportunities & Income,us_credit,STRUCTURAL_DISCOUNT,DEBT_AMORTISING,,,,,,
DMO,,Western Asset Mortgage Defined Opportunity,us_credit,STRUCTURAL_DISCOUNT,DEBT_AMORTISING,,,,,,
DSU,,BlackRock Debt Strategies,us_credit,STRUCTURAL_DISCOUNT,DEBT_AMORTISING,,,,,,
DSL2,,BlackRock Defined Opp Credit,us_credit,STRUCTURAL_DISCOUNT,DEBT_AMORTISING,,,,,,
BHK,,BlackRock Core Bond,us_credit,STRUCTURAL_DISCOUNT,DEBT_AMORTISING,,,,,,
BTZ-A,,BlackRock Credit Allocation Income,us_credit,STRUCTURAL_DISCOUNT,DEBT_AMORTISING,,,,,,
BCAT,,BlackRock Capital Allocation,us_equity,STRUCTURAL_DISCOUNT,LISTED_CLEAN,,,,,,
TPVG,,TriplePoint Venture Growth,us_bdc,STRUCTURAL_DISCOUNT,DEBT_AMORTISING,,,,,,
TSLX,,Sixth Street Specialty Lending,us_bdc,STRUCTURAL_DISCOUNT,DEBT_AMORTISING,,,,,,
SLRC,,Solar Capital,us_bdc,STRUCTURAL_DISCOUNT,DEBT_AMORTISING,,,,,,
SUNS,,Solar Senior Capital,us_bdc,STRUCTURAL_DISCOUNT,DEBT_AMORTISING,,,,,,
TCPC,,BlackRock TCP Capital,us_bdc,STRUCTURAL_DISCOUNT,DEBT_AMORTISING,,,,,,
NMFC,,New Mountain Finance,us_bdc,STRUCTURAL_DISCOUNT,DEBT_AMORTISING,,,,,,
ARDC,,Ares Dynamic Credit Allocation,us_credit,STRUCTURAL_DISCOUNT,DEBT_AMORTISING,,,,,,
ACP,,abrdn Income Credit Strategies,us_credit,STRUCTURAL_DISCOUNT,DEBT_AMORTISING,,,,,,
FSCO,,FS Credit Opportunities,us_credit,STRUCTURAL_DISCOUNT,DEBT_AMORTISING,,,,,,
FSCR,,FS KKR Capital,us_bdc,STRUCTURAL_DISCOUNT,DEBT_AMORTISING,,,,,,
HRZN,,Horizon Technology Finance,us_bdc,STRUCTURAL_DISCOUNT,DEBT_AMORTISING,,,,,,
WHF,,WhiteHorse Finance,us_bdc,STRUCTURAL_DISCOUNT,DEBT_AMORTISING,,,,,,
FSK,,FS KKR Capital II,us_bdc,STRUCTURAL_DISCOUNT,DEBT_AMORTISING,,,,,,
CCAP,,Crescent Capital BDC,us_bdc,STRUCTURAL_DISCOUNT,DEBT_AMORTISING,,,,,,
HTGC,,Hercules Capital,us_bdc,STRUCTURAL_DISCOUNT,DEBT_AMORTISING,,,,,,
RCM,,Reaves Utility Income,us_utility,STRUCTURAL_DISCOUNT,LISTED_CLEAN,,,,,,
UTG,,Reaves Utility Income,us_utility,STRUCTURAL_DISCOUNT,LISTED_CLEAN,,,,,,
DPG,,Duff & Phelps Utility,us_utility,STRUCTURAL_DISCOUNT,LISTED_CLEAN,,,,,,
DUC,,Duff & Phelps Utility Income,us_utility,STRUCTURAL_DISCOUNT,LISTED_CLEAN,,,,,,
ASA-G,,ASA Gold and Precious Metals,us_resources,STRUCTURAL_DISCOUNT,REAL_ASSET_OBSERVABLE,,,,,,
GGN,,GAMCO Global Gold & Natural Resources,us_resources,STRUCTURAL_DISCOUNT,REAL_ASSET_OBSERVABLE,,,,,,
GNT,,GAMCO Natural Resources Gold & Income,us_resources,STRUCTURAL_DISCOUNT,REAL_ASSET_OBSERVABLE,,,,,,
AIC.L,,Achilles Investment Company,aic_reconcile,STRUCTURAL_DISCOUNT,DEBT_AMORTISING,,FLX,52.5,,,added via reconcile_aic
CRWN.L,,Albion Crown VCT,aic_reconcile,STRUCTURAL_DISCOUNT,PRIVATE_EQUITY,,VCG,133.5,,,added via reconcile_aic
CRWC.L,,Albion Crown VCT C shares,aic_reconcile,STRUCTURAL_DISCOUNT,PRIVATE_EQUITY,,VCG,48.2,,,added via reconcile_aic
AAEV.L,,Albion Enterprise VCT,aic_reconcile,STRUCTURAL_DISCOUNT,PRIVATE_EQUITY,,VCG,280.0,,,added via reconcile_aic
BMD.L,,Baronsmead Second Venture Trust,aic_reconcile,STRUCTURAL_DISCOUNT,PRIVATE_EQUITY,,VCG,200.6,,,added via reconcile_aic
BVT.L,,Baronsmead Venture Trust,aic_reconcile,STRUCTURAL_DISCOUNT,PRIVATE_EQUITY,,VCG,203.6,,,added via reconcile_aic
BFSP.L,,Blackfinch Spring VCT,aic_reconcile,STRUCTURAL_DISCOUNT,PRIVATE_EQUITY,,VCG,74.5,,,added via reconcile_aic
BSV.L,,British Smaller Companies VCT,aic_reconcile,STRUCTURAL_DISCOUNT,PRIVATE_EQUITY,,VCG,297.4,,,added via reconcile_aic
BSC.L,,British Smaller Companies VCT 2,aic_reconcile,STRUCTURAL_DISCOUNT,PRIVATE_EQUITY,,VCG,187.3,,,added via reconcile_aic
CLC.L,,Calculus VCT,aic_reconcile,STRUCTURAL_DISCOUNT,PRIVATE_EQUITY,,VCG,51.9,,,added via reconcile_aic
CBA.L,,Ceiba Investments,aic_reconcile,STRUCTURAL_DISCOUNT,PROPERTY_DCF,,PRW,47.9,,,added via reconcile_aic
CRS.L,,Crystal Amber Fund,aic_reconcile,STRUCTURAL_DISCOUNT,DEBT_AMORTISING,,FLX,60.1,,,added via reconcile_aic
CHIB.L,,CT UK High Income Trust (B share),aic_reconcile,STRUCTURAL_DISCOUNT,LISTED_CLEAN,,UGI,32.3,,,added via reconcile_aic
DVNO.L,,Develop North,aic_reconcile,STRUCTURAL_DISCOUNT,LISTED_CLEAN,,PRD,19.6,,,added via reconcile_aic
RNEW.L,,Ecofin US Renewables Infrastructure,aic_reconcile,STRUCTURAL_DISCOUNT,RENEWABLES_DCF,,REI,21.3,,,added via reconcile_aic
EJFI.L,,EJF Investments,aic_reconcile,STRUCTURAL_DISCOUNT,LISTED_CLEAN,,DSF,72.6,,,added via reconcile_aic
FTF.L,,Foresight Enterprise VCT,aic_reconcile,STRUCTURAL_DISCOUNT,PRIVATE_EQUITY,,VCG,180.3,,,added via reconcile_aic
FWT.L,,Foresight Technology VCT FWT shares,aic_reconcile,STRUCTURAL_DISCOUNT,PRIVATE_EQUITY,,VCG,44.4,,,added via reconcile_aic
FTV.L,,Foresight VCT,aic_reconcile,STRUCTURAL_DISCOUNT,PRIVATE_EQUITY,,VCG,213.7,,,added via reconcile_aic
FVEN.L,,Foresight Ventures VCT,aic_reconcile,STRUCTURAL_DISCOUNT,PRIVATE_EQUITY,,VCG,91.4,,,added via reconcile_aic
FVV.L,,Fuel Ventures VCT,aic_reconcile,STRUCTURAL_DISCOUNT,PRIVATE_EQUITY,,VCG,12.5,,,added via reconcile_aic
GMP.L,,Gabelli Merchant Partners,aic_reconcile,STRUCTURAL_DISCOUNT,LISTED_CLEAN,,HDG,59.6,,,added via reconcile_aic
GHV2.L,,Gresham House Income & Growth 2 VCT,aic_reconcile,STRUCTURAL_DISCOUNT,PRIVATE_EQUITY,,VCG,169.9,,,added via reconcile_aic
GHV1.L,,Gresham House Income & Growth VCT,aic_reconcile,STRUCTURAL_DISCOUNT,PRIVATE_EQUITY,,VCG,211.3,,,added via reconcile_aic
GV1O.L,,Gresham House Renewable Energy VCT 1,aic_reconcile,STRUCTURAL_DISCOUNT,PRIVATE_EQUITY,,VCG,8.4,,,added via reconcile_aic
GV2O.L,,Gresham House Renewable Energy VCT 2,aic_reconcile,STRUCTURAL_DISCOUNT,PRIVATE_EQUITY,,VCG,9.2,,,added via reconcile_aic
GVCT.L,,Guinness VCT,aic_reconcile,STRUCTURAL_DISCOUNT,PRIVATE_EQUITY,,VCG,15.8,,,added via reconcile_aic
HHV.L,,Hargreave Hale AIM VCT,aic_reconcile,STRUCTURAL_DISCOUNT,LISTED_CLEAN,,VCA,118.0,,,added via reconcile_aic
LBOW.L,,ICG-Longbow Senior Secured UK Property Debt Invest,aic_reconcile,STRUCTURAL_DISCOUNT,LISTED_CLEAN,,PRD,15.1,,,added via reconcile_aic
JEMA.L,,"JPMorgan Emerging Europe, Middle East & Africa",aic_reconcile,STRUCTURAL_DISCOUNT,LISTED_CLEAN,,GEM,109.2,,,added via reconcile_aic
JZCP.L,,JZ Capital Partners,aic_reconcile,STRUCTURAL_DISCOUNT,PRIVATE_EQUITY,,PE,105.0,,,added via reconcile_aic
LIVE.L,,Living REIT,aic_reconcile,STRUCTURAL_DISCOUNT,PROPERTY_DCF,,PUR,292.4,,,added via reconcile_aic
LMS.L,,LMS Capital,aic_reconcile,STRUCTURAL_DISCOUNT,PRIVATE_EQUITY,,PE,12.9,,,added via reconcile_aic
MIG1.L,,Maven Income and Growth VCT,aic_reconcile,STRUCTURAL_DISCOUNT,PRIVATE_EQUITY,,VCG,70.0,,,added via reconcile_aic
MIG3.L,,Maven Income and Growth VCT 3,aic_reconcile,STRUCTURAL_DISCOUNT,PRIVATE_EQUITY,,VCG,68.4,,,added via reconcile_aic
MAV4.L,,Maven Income and Growth VCT 4,aic_reconcile,STRUCTURAL_DISCOUNT,PRIVATE_EQUITY,,VCG,83.7,,,added via reconcile_aic
MIG5.L,,Maven Income and Growth VCT 5,aic_reconcile,STRUCTURAL_DISCOUNT,PRIVATE_EQUITY,,VCG,76.3,,,added via reconcile_aic
MVCT.L,,Molten Ventures VCT,aic_reconcile,STRUCTURAL_DISCOUNT,PRIVATE_EQUITY,,VCG,119.6,,,added via reconcile_aic
NTV.L,,Northern 2 VCT,aic_reconcile,STRUCTURAL_DISCOUNT,PRIVATE_EQUITY,,VCG,140.1,,,added via reconcile_aic
NTN.L,,Northern 3 VCT,aic_reconcile,STRUCTURAL_DISCOUNT,PRIVATE_EQUITY,,VCG,144.0,,,added via reconcile_aic
NVT.L,,Northern Venture Trust,aic_reconcile,STRUCTURAL_DISCOUNT,PRIVATE_EQUITY,,VCG,144.0,,,added via reconcile_aic
OOA.L,,Octopus AIM VCT,aic_reconcile,STRUCTURAL_DISCOUNT,LISTED_CLEAN,,VCA,99.1,,,added via reconcile_aic
OSEC.L,,Octopus AIM VCT 2,aic_reconcile,STRUCTURAL_DISCOUNT,LISTED_CLEAN,,VCA,66.2,,,added via reconcile_aic
OAP3.L,,Octopus Apollo VCT,aic_reconcile,STRUCTURAL_DISCOUNT,PRIVATE_EQUITY,,VCG,542.2,,,added via reconcile_aic
OFG.L,,Octopus Future Generations VCT,aic_reconcile,STRUCTURAL_DISCOUNT,PRIVATE_EQUITY,,VCG,48.7,,,added via reconcile_aic
OTV2.L,,Octopus Titan VCT,aic_reconcile,STRUCTURAL_DISCOUNT,PRIVATE_EQUITY,,VCG,321.4,,,added via reconcile_aic
PEMB.L,,Pembroke VCT B shares,aic_reconcile,STRUCTURAL_DISCOUNT,PRIVATE_EQUITY,,VCG,269.2,,,added via reconcile_aic
PGV.L,,Praetura Growth VCT,aic_reconcile,STRUCTURAL_DISCOUNT,PRIVATE_EQUITY,,VCG,10.8,,,added via reconcile_aic
PGOO.L,,ProVen Growth and Income VCT,aic_reconcile,STRUCTURAL_DISCOUNT,PRIVATE_EQUITY,,VCG,149.0,,,added via reconcile_aic
PVN.L,,ProVen VCT,aic_reconcile,STRUCTURAL_DISCOUNT,PRIVATE_EQUITY,,VCG,171.3,,,added via reconcile_aic
PAIM.L,,Puma AIM VCT,aic_reconcile,STRUCTURAL_DISCOUNT,LISTED_CLEAN,,VCA,9.5,,,added via reconcile_aic
PUAL.L,,Puma Alpha VCT,aic_reconcile,STRUCTURAL_DISCOUNT,PRIVATE_EQUITY,,VCG,32.7,,,added via reconcile_aic
PU13.L,,Puma VCT 13,aic_reconcile,STRUCTURAL_DISCOUNT,PRIVATE_EQUITY,,VCG,243.7,,,added via reconcile_aic
MNTN.L,,Schiehallion Fund,aic_reconcile,STRUCTURAL_DISCOUNT,LISTED_CLEAN,,GCP,2063.8,,,added via reconcile_aic
SBSI.L,,Schroder BSC Social Impact,aic_reconcile,STRUCTURAL_DISCOUNT,DEBT_AMORTISING,,FLX,55.5,,,added via reconcile_aic
SVCT.L,,Seneca Growth Capital VCT B shares,aic_reconcile,STRUCTURAL_DISCOUNT,PRIVATE_EQUITY,,VCG,11.0,,,added via reconcile_aic
SIHL.L,,Symphony International Holdings,aic_reconcile,STRUCTURAL_DISCOUNT,PRIVATE_EQUITY,,PE,202.3,,,added via reconcile_aic
INV.L,,The Investment Company,aic_reconcile,STRUCTURAL_DISCOUNT,PRIVATE_EQUITY,,USC,6.4,,,added via reconcile_aic
TPV.L,,Triple Point Venture VCT Venture shares,aic_reconcile,STRUCTURAL_DISCOUNT,PRIVATE_EQUITY,,VCG,114.7,,,added via reconcile_aic
UTL.L,,UIL,aic_reconcile,STRUCTURAL_DISCOUNT,DEBT_AMORTISING,,FLX,183.6,,,added via reconcile_aic
UAV.L,,Unicorn AIM VCT,aic_reconcile,STRUCTURAL_DISCOUNT,LISTED_CLEAN,,VCA,175.1,,,added via reconcile_aic
WINV.L,,Worsley Investors,aic_reconcile,STRUCTURAL_DISCOUNT,PRIVATE_EQUITY,,USC,9.2,,,added via reconcile_aic
