fund,sub_group,macro_style,total_rows,conviction_n,threshold_n,new_n,adds_n
# Concentrated Value   Quality ,Concentrated Value / Quality Compounders,Value / Concentrated Quality,1,0,0,0,0
# Warrant-Specialist Investors ,Warrant Specialists (SPAC + Mining + Tail),Warrant Specialists,1,0,0,0,0
1 Main Capital (Yaron Naymark),VIC-to-Fund Concentrated Managers,Value / Concentrated Quality,6,5,0,0,1
180 Degree Capital (Kevin Rendi,Activist + PE + SPAC + Gold/Mining (gap-fill),Activists / Special Situations,2,1,0,0,1
180 Degree Capital Corp (now ML,Microcap-Tactical + International T4,Microcap-Tactical,3,3,0,0,0
22NW LP   22NW Fund,US Activists – Tier 3 (small-cap),Small-cap / Multibagger Specialists,17,7,6,1,3
3D Investment Partners,International Activist – Tier 2,Activists / Special Situations,11,0,0,0,0
ADW Capital Management,Concentrated Microcap Special Situations,Value / Concentrated Quality,14,8,0,4,1
ADW Capital Management (Adam Wy,VIC-to-Fund Concentrated Managers,Value / Concentrated Quality,12,5,2,3,1
AKO Capital,Small-cap / Deep Value – Tier 3,Small-cap / Multibagger Specialists,11,6,0,2,2
AKO Capital LLP,UK Concentrated Quality - Tier 1,Value / Concentrated Quality,17,9,0,5,2
AQR Arbitrage   ADAIX,Activist + PE + SPAC + Gold/Mining (gap-fill),Activists / Special Situations,1,0,0,0,0
AQR Capital Management LLC (Cli,Mega Multi-Strats / Quants,Mega Multi-Strats / Quants,17,4,4,3,5
ATW Partners,Activist + PE + SPAC + Gold/Mining (gap-fill),Activists / Special Situations,4,0,2,1,0
AVAS Capital LLC   Allan Mecham,Skin-in-Game / Fat-Pitch Legends,Value / Concentrated Quality,1,0,0,0,0
Abdiel Capital Advisors,Concentrated Growth - 13F Collapsed (Capital in Non-13F),Value / Concentrated Quality,10,5,2,2,1
Abraham Trading Company (Salem ,Pure CTA / Trend Followers (own money),CTA / Trend Followers,1,0,0,0,0
Abrams Capital Management LP,Skin-in-Game / Fat-Pitch Legends,Value / Concentrated Quality,12,10,1,1,0
Active Ownership Capital,International Activist – Tier 2,Activists / Special Situations,8,0,0,0,0
Additional manager covered  Cob,European / Canadian / Spanish / Asia Value,Foreign / EM Value,10,10,0,0,0
Adrian Day Asset Management (su,Activist + PE + SPAC + Gold/Mining (gap-fill),Activists / Special Situations,4,0,0,0,0
African Lions Fund (Tim Staermo,European / Canadian / Spanish / Asia Value,Foreign / EM Value,6,0,0,0,0
Akre Capital Management LLC,Concentrated Value / Quality Compounders,Value / Concentrated Quality,1,1,0,0,0
Albert Bridge Capital (Drew Dic,European / Canadian / Spanish / Asia Value,Foreign / EM Value,4,0,0,0,0
Algebris Investments,Financial Services Specialist (London/Milan),Value / Concentrated Quality,12,9,0,3,0
Alluvial Capital (Dave Waters),VIC-to-Fund Concentrated Managers,Value / Concentrated Quality,6,6,0,0,0
AlphaQuest   Quest Partners (Ni,Pure CTA / Trend Followers (own money),CTA / Trend Followers,1,0,0,0,0
Alta Fox Capital Management,Small-cap / Multibagger / Special Sits – Tier 1,Small-cap / Multibagger Specialists,9,4,0,2,3
Altarock Partners,Concentrated Long-Term Quality - Tier 1 ($4.1B),Value / Concentrated Quality,5,5,0,0,0
Altimeter Capital Management,Concentrated Growth - Ultra-Concentrated Tech/AI,Value / Concentrated Quality,16,10,1,2,3
Anchorage Capital Group,Distressed / Event-Driven – Tier 2,Distressed / Event-Driven,2,1,0,0,1
Ancora Advisors   Ancora Holdin,US Activists – Tier 2,Activists / Special Situations,9,5,0,3,1
Andurand Capital Management (Pi,Pure CTA / Trend Followers (own money),CTA / Trend Followers,1,0,0,0,0
Anson Funds Management LP,Smaller Activists / Special Sits Tier 4,Activists / Special Situations,24,5,12,5,2
Aoris Investment Management,Quality Global (Sydney),Foreign / EM Value,9,9,0,0,0
Appaloosa Management LP,Legendary Family Offices,Family Offices / Individual Filers,16,10,0,2,4
Aquamarine Fund   Aquamarine Ca,Concentrated Value / Quality Compounders,Value / Concentrated Quality,1,0,0,0,0
Argand Capital Advisers (John R,VIC-to-Fund Concentrated Managers,Value / Concentrated Quality,1,0,0,0,0
Argyle Street Management,International Activist – Tier 2,Activists / Special Situations,2,1,1,0,0
Ariel Investments LLC (John Rog,Elite Shorts + Concentrated Value,Value / Concentrated Quality,18,10,3,1,4
Arisaig Partners,Global Quality + EM Specialists,Foreign / EM Value,8,0,0,0,0
Aristeia Capital,Activist + PE + SPAC + Gold/Mining (gap-fill),Activists / Special Situations,4,4,0,0,0
Armistice Capital LLC,Biotech Specialists,Biotech Specialists,27,10,10,3,4
Arquitos Capital (Steven Kiel),VIC-to-Fund Concentrated Managers,Value / Concentrated Quality,3,0,0,0,0
Asia Frontier Capital (Thomas H,European / Canadian / Spanish / Asia Value,Foreign / EM Value,15,0,0,0,0
"Aspect Capital (Anthony Todd, L",Pure CTA / Trend Followers (own money),CTA / Trend Followers,1,0,0,0,0
Asset Value Investors   AVI,International Activist – Tier 2,Activists / Special Situations,11,0,1,0,0
Atai Capital Management,Microcap SMA (Sub-13F),Other / Unclassified,4,4,0,0,0
Atlantic Investment Management,Concentrated Activist Mid-Cap - Tier 2,Activists / Special Situations,6,6,0,0,0
Aubrey Capital Management (Andr,European / Canadian / Spanish / Asia Value,Foreign / EM Value,15,5,0,0,0
Aurelius Capital Management (Ma,Japan + Distressed – Tier 3,Distressed / Event-Driven,10,5,0,4,1
Avenue Capital Group (Marc Lasr,Japan + Distressed – Tier 3,Distressed / Event-Driven,10,5,1,3,1
Avoro Capital Advisors LLC (for,Smaller Activists / Special Sits Tier 4,Activists / Special Situations,11,5,0,6,0
BSOF (Blackstone Strategic Oppo,Activist + PE + SPAC + Gold/Mining (gap-fill),Activists / Special Situations,1,0,0,0,0
BVF Partners L.P.,Biotech Specialists,Biotech Specialists,18,11,2,0,4
Baker Bros. Advisors LP,Biotech/Healthcare - Tier 1,Biotech Specialists,28,10,14,2,2
Balyasny Asset Management LP (D,Mega Multi-Strats / Quants,Mega Multi-Strats / Quants,12,5,1,0,6
Bandera Partners,Small-cap / Multibagger / Special Sits – Tier 1,Small-cap / Multibagger Specialists,10,7,3,0,0
Bares Capital Management,SMID-Cap Concentrated (13F Filing Stopped Q4 2025),Value / Concentrated Quality,9,9,0,0,0
Barington Capital Group,US Activists – Tier 2,Activists / Special Situations,8,4,1,1,2
Baupost Group LLC,Value & Multi-Strat Legends,Mega Multi-Strats / Quants,16,8,1,3,4
Berkshire Hathaway,Legendary Family Offices,Family Offices / Individual Filers,15,10,1,1,3
Bireme Capital (Evan Tindell & ,VIC-to-Fund Concentrated Managers,Value / Concentrated Quality,3,0,0,0,0
Blue Infinitas (Bogumil Baranow,European / Canadian / Spanish / Asia Value,Foreign / EM Value,1,0,0,1,0
Bluebell Capital Partners,International Activist + Distressed,Distressed / Event-Driven,11,0,0,0,0
"Bonhoeffer Fund (Keith Smith, W",VIC-to-Fund Concentrated Managers,Value / Concentrated Quality,13,10,0,0,0
Boyar Value Group (Mark & Jonat,Activist + PE + SPAC + Gold/Mining (gap-fill),Activists / Special Situations,10,10,0,0,0
Braden M. Leonard   BML Investm,Family-Office / Individual Filers,Family Offices / Individual Filers,21,7,10,3,1
Bradley L. Radoff   BLR Partner,Family-Office / Individual Filers,Family Offices / Individual Filers,20,5,6,4,5
Brandes Investment Partners LP,Global Quality + EM Specialists,Foreign / EM Value,7,5,1,0,1
Brave Warrior Advisors LLC (Gle,Skin-in-Game / Fat-Pitch Legends,Value / Concentrated Quality,19,10,1,2,6
Brevan Howard Capital Managemen,Concentrated Macro / Trend Family Offices,CTA / Trend Followers,13,10,0,0,3
Bridgewater Associates LP (Ray ,Mega Multi-Strats / Quants,Mega Multi-Strats / Quants,13,7,0,0,6
Brigade Capital Management,Japan + Distressed – Tier 3,Distressed / Event-Driven,13,9,0,3,1
Buckley Capital Advisors,Microcap Activist - New 13F Filer,Activists / Special Situations,16,11,1,3,1
Bulldog Investors LLC (Phillip ,Warrant Specialists (SPAC + Mining + Tail),Warrant Specialists,13,10,0,2,1
Burgundy Asset Management (Tony,European / Canadian / Spanish / Asia Value,Foreign / EM Value,26,6,0,0,0
Buy & Hold (Julián Pascual),European / Canadian / Spanish / Asia Value,Foreign / EM Value,7,0,0,0,0
C&I Holdings   Murakami Family ,European + Asia – Tier 2,Foreign / EM Value,4,1,1,1,1
CAM Capital,Legendary Family Offices,Family Offices / Individual Filers,1,0,0,0,0
CAS Investment Partners (Cliff ,VIC-to-Fund Concentrated Managers,Value / Concentrated Quality,7,5,1,0,0
CAS Investment Partners Sosin,Ultra-Concentrated Value-Growth (5 positions),Value / Concentrated Quality,7,5,1,0,0
CIAM,International Activist + Distressed,Distressed / Event-Driven,3,0,0,0,0
Caius Capital LLP,European Credit / Event-Driven (UK),Distressed / Event-Driven,5,3,2,0,0
Caligan Partners LP,US Activists – Tier 3 (small-cap),Small-cap / Multibagger Specialists,21,8,5,5,3
Camulos Capital LP,Distressed Credit (No 13F),Distressed / Event-Driven,1,0,0,0,0
Candlewood Investment Group,Credit/Equity (DORMANT US 13F since 2018),Other / Unclassified,1,1,0,0,0
Cannell Capital,Small-cap / Multibagger / Special Sits – Tier 2,Small-cap / Multibagger Specialists,13,4,1,4,4
Cantillon Capital Management,Global Quality Compounders - Tier 1 ($18B),Foreign / EM Value,17,7,0,0,0
Canyon Partners (Canyon Capital,Distressed / Event-Driven – Tier 2,Distressed / Event-Driven,8,3,1,2,2
Capricorn Investment Group LLC ,Concentrated Macro / Trend Family Offices,CTA / Trend Followers,6,6,0,0,0
Capula Investment Management,Multi-Strategy Macro (London/HK/Tokyo),Mega Multi-Strats / Quants,8,7,0,0,1
Caro-Kann Capital (Artem Fokin),VIC-to-Fund Concentrated Managers,Value / Concentrated Quality,1,0,0,0,0
Carronade Capital Management LP,US Activists – Tier 3 (small-cap),Small-cap / Multibagger Specialists,10,5,1,2,2
Cartica Management,EM Governance Activism (Inactive US Reporting),Foreign / EM Value,7,7,0,0,0
Cascade Investment LLC,Legendary Family Offices,Family Offices / Individual Filers,2,0,1,0,1
Casdin Capital LLC,Smaller Activists / Special Sits Tier 4,Activists / Special Situations,19,11,3,1,4
Caxton Associates LP (Bruce Kov,Concentrated Macro / Trend Family Offices,CTA / Trend Followers,8,5,0,0,3
Cedar Creek Partners (Eriksen),Microcap Deep Value (Sub-13F),Value / Concentrated Quality,11,9,0,1,1
Centerbridge Partners,Japan + Distressed – Tier 3,Distressed / Event-Driven,3,2,0,0,1
Cevian Capital,International Activist + Distressed,Distressed / Event-Driven,25,5,2,1,2
Charles L. Frischer,Family-Office / Individual Filers,Family Offices / Individual Filers,3,1,1,1,0
Chesapeake Capital (Jerry Parke,Pure CTA / Trend Followers (own money),CTA / Trend Followers,8,1,7,0,0
Choice Equities Fund (Mitchell ,VIC-to-Fund Concentrated Managers,Value / Concentrated Quality,7,7,0,0,0
Citadel Advisors LLC (Ken Griff,Mega Multi-Strats / Quants,Mega Multi-Strats / Quants,21,5,8,0,8
"Claar Advisors (Gary Claar, ex-",VIC-to-Fund Concentrated Managers,Value / Concentrated Quality,5,5,0,0,0
Coatue Management LLC (Philippe,Tiger Cubs / L/S Legends,Tiger Cubs / L/S Legends,11,5,1,0,5
Cobas Asset Management (Francis,Concentrated Value / Quality Compounders,Value / Concentrated Quality,19,3,0,1,0
Cobia Capital (Jeff Meyers),VIC-to-Fund Concentrated Managers,Value / Concentrated Quality,5,0,0,0,0
"Coliseum Capital (Adam Gray, Ch",Activist + PE + SPAC + Gold/Mining (gap-fill),Activists / Special Situations,13,10,1,0,2
Comgest (France),European / Canadian / Spanish / Asia Value,Foreign / EM Value,5,0,0,0,0
Conifer Management,Concentrated Long-Term (ex-Ruane Cunniff) - Tier 2,Value / Concentrated Quality,3,3,0,0,0
Cooper Creek Partners Managemen,Long/Short Catalyst-Driven,Other / Unclassified,17,9,0,5,3
Corvex Management,US Activists – Tier 2,Activists / Special Situations,12,5,2,3,2
Cove Street Capital,Small-cap / Deep Value – Tier 3,Small-cap / Multibagger Specialists,13,5,0,4,4
Crabel Capital Management (Toby,Pure CTA / Trend Followers (own money),CTA / Trend Followers,1,0,0,0,0
Crescat Capital LLC (Kevin Smit,Warrant Specialists (SPAC + Mining + Tail),Warrant Specialists,1,0,0,1,0
Crescendo Partners (Eric Rosenf,Small Concentrated Activists T4,Activists / Special Situations,5,3,1,1,0
Cruiser Capital (Keith Rosenblo,Activist + PE + SPAC + Gold/Mining (gap-fill),Activists / Special Situations,10,10,0,0,0
Crystal Amber Fund,International Activist + Distressed,Distressed / Event-Driven,3,0,1,0,0
Curreen Capital Partners,Ugly Ducklings/Crazy Cheap (Sub-13F),Other / Unclassified,11,6,0,5,0
D.E. Shaw & Co LP,Mega Multi-Strats / Quants,Mega Multi-Strats / Quants,10,5,4,0,1
D1 Capital Partners,Concentrated Growth - Crossover,Value / Concentrated Quality,24,12,4,4,3
D1 Capital Partners LP (Daniel ,Tiger Cubs / L/S Legends,Tiger Cubs / L/S Legends,10,5,0,3,1
Daily Journal Corporation,Legendary Family Offices,Family Offices / Individual Filers,4,4,0,0,0
Dalton Investments,International Activist – Tier 2,Activists / Special Situations,7,4,0,2,1
Davidson Kempner Capital Manage,International Activist + Distressed,Distressed / Event-Driven,11,5,2,1,3
Davis Selected Advisers LP (Chr,Elite Shorts + Concentrated Value,Value / Concentrated Quality,20,10,2,3,5
Decheng Capital Management,European + Asia – Tier 2,Foreign / EM Value,6,5,0,0,1
Deep Sail Capital Partners,Microcap Long/Short (Sub-13F),Other / Unclassified,3,3,0,0,0
Deerfield Management Company,Biotech Specialists,Biotech Specialists,14,9,1,0,4
Discovery Capital Management LL,Concentrated Macro / Trend Family Offices,CTA / Trend Followers,9,8,0,0,1
Dodge and Cox,Institutional Value Anchor - Tier 1 ($164B),Value / Concentrated Quality,6,6,0,0,0
Donald Smith & Co,Small-cap / Deep Value – Tier 3,Small-cap / Multibagger Specialists,12,5,0,4,3
"Donville Kent (Jason Donville, ",European / Canadian / Spanish / Asia Value,Foreign / EM Value,13,5,0,0,0
Dorsey Asset Management,Moat-Focused Quality - Tier 1,Value / Concentrated Quality,6,6,0,0,0
Dragoneer Investment Group,Concentrated Growth - Crossover,Value / Concentrated Quality,18,10,3,2,3
Driver Management Company LLC,US Activists – Tier 3 (small-cap),Small-cap / Multibagger Specialists,4,0,0,0,0
Dunn Capital Management (Bill D,Pure CTA / Trend Followers (own money),CTA / Trend Followers,1,0,0,0,0
Duquesne Family Office,Legendary Family Offices,Family Offices / Individual Filers,13,5,0,4,4
Durable Capital Partners,Concentrated Growth - Long-Duration Compounders,Value / Concentrated Quality,28,9,8,8,3
Dynamo Administração de Recurso,Global Quality + EM Specialists,Foreign / EM Value,9,0,0,0,0
EMC Capital Advisors (Brian Pro,Pure CTA / Trend Followers (own money),CTA / Trend Followers,1,0,0,0,0
East Capital (Jacob Grapengiess,European / Canadian / Spanish / Asia Value,Foreign / EM Value,10,0,0,0,0
Echo Lake Capital (Ephraim Fiel,Microcap-Tactical + International T4,Microcap-Tactical,1,1,0,0,0
Eckhardt Trading Company (Bill ,Pure CTA / Trend Followers (own money),CTA / Trend Followers,1,0,0,0,0
EcoR1 Capital LLC,Biotech Specialists,Biotech Specialists,25,10,9,3,3
Edenbrook Capital (Jonathan Bro,VIC-to-Fund Concentrated Managers,Value / Concentrated Quality,13,13,0,0,0
EdgePoint (Bousada MacDonald Fa,European / Canadian / Spanish / Asia Value,Foreign / EM Value,13,0,0,0,0
Effissimo Capital Management,Japan + Distressed – Tier 3,Distressed / Event-Driven,23,5,6,0,3
Egerton Capital Ltd,European + Asia – Tier 2,Foreign / EM Value,20,4,0,5,1
Element Capital Management LP (,Concentrated Macro / Trend Family Offices,CTA / Trend Followers,4,4,0,0,0
Elliott Investment Management,US Activists – Tier 1,Activists / Special Situations,14,3,4,3,4
Eminence Capital LP,US Activists – Tier 3 (small-cap),Small-cap / Multibagger Specialists,30,12,8,2,8
Engaged Capital,US Activists – Tier 1,Activists / Special Situations,7,3,1,2,1
Engine Capital,US Activists – Tier 1,Activists / Special Situations,9,4,0,3,2
Engine No. 1 LLC,Smaller Activists / Special Sits Tier 4,Activists / Special Situations,10,6,0,3,1
Equam Capital (Muñoz   Larraz),European / Canadian / Spanish / Asia Value,Foreign / EM Value,8,0,0,0,0
Equity Management Associates (L,Warrant Specialists (SPAC + Mining + Tail),Warrant Specialists,6,0,0,0,0
Eric Shahinian   Camac Partners,Family-Office / Individual Filers,Family Offices / Individual Filers,7,3,2,2,0
Eric Sprott PERSONAL (2176423 O,Warrant Specialists (SPAC + Mining + Tail),Warrant Specialists,13,10,2,0,1
ExodusPoint Capital Management ,Mega Multi-Strats / Quants,Mega Multi-Strats / Quants,10,4,0,0,6
FPA Crescent Fund   First Pacif,Concentrated Value / Quality Compounders,Value / Concentrated Quality,2,1,0,0,0
Fairfax Financial Holdings,Holdco Compounder (Insurance Float) - Tier 1 ('Canadian Buffett'),Value / Concentrated Quality,5,5,0,0,0
Fairholme Capital Management LL,Skin-in-Game / Fat-Pitch Legends,Value / Concentrated Quality,15,10,1,4,0
Findell Capital Management (Bri,Small Concentrated Activists T4,Activists / Special Situations,20,9,0,6,5
Findlay Park Partners (Kingsley,European / Canadian / Spanish / Asia Value,Foreign / EM Value,10,10,0,0,0
First Eagle Investment Manageme,Global Quality + EM Specialists,Foreign / EM Value,18,5,0,4,9
Flagship Pioneering Inc,Biotech Specialists,Biotech Specialists,4,4,0,0,0
Fog Cutter Holdings   Andrew Wi,Microcap-Tactical + International T4,Microcap-Tactical,1,1,0,0,0
Foresite Capital,European + Asia – Tier 2,Foreign / EM Value,8,5,0,2,1
FrontFour Capital Group (Loukas,Small Concentrated Activists T4,Activists / Special Situations,2,0,2,0,0
Fundsmith LLP (Terry Smith),Concentrated Value / Quality Compounders,Value / Concentrated Quality,9,1,0,0,0
Funicular Funds LP   Cable Car ,Small Concentrated Activists T4,Activists / Special Situations,26,10,9,6,1
GAMCO Investors (Mario Gabelli),Small-cap / Multibagger / Special Sits – Tier 2,Small-cap / Multibagger Specialists,16,5,6,3,1
Gardner Russo & Quinn LLC (Tom ,Concentrated Value / Quality Compounders,Value / Concentrated Quality,1,0,0,0,0
Gate City Capital (Michael Melb,VIC-to-Fund Concentrated Managers,Value / Concentrated Quality,8,7,1,0,0
Gator Capital Management,Financial Services Specialist,Value / Concentrated Quality,17,5,1,9,2
Giverny Capital (François Rocho,European / Canadian / Spanish / Asia Value,Foreign / EM Value,16,6,0,0,0
Glazer Capital LLC (Paul Glazer,Warrant Specialists (SPAC + Mining + Tail),Warrant Specialists,19,10,0,7,2
Glenview Capital Management,US Activists – Tier 2,Activists / Special Situations,16,5,3,4,4
Glynn Capital Management,Concentrated Quality Growth,Value / Concentrated Quality,19,10,0,9,0
Goehring & Rozencwajg — Global ,Activist + PE + SPAC + Gold/Mining (gap-fill),Activists / Special Situations,1,0,0,0,0
GoldenTree Asset Management,Distressed / Event-Driven – Tier 2,Distressed / Event-Driven,15,5,1,5,4
Gotham Asset Management LLC   J,Skin-in-Game / Fat-Pitch Legends,Value / Concentrated Quality,23,10,0,4,9
Greenhaven Associates Inc   Edg,Skin-in-Game / Fat-Pitch Legends,Value / Concentrated Quality,19,10,1,3,5
Greenhaven Road Investment Mana,US Activists – Tier 3 (small-cap),Small-cap / Multibagger Specialists,15,9,1,1,4
Greenlea Lane Capital,Ultra-Concentrated Long-Term - Tier 1,Value / Concentrated Quality,3,3,0,0,0
Greenlight Capital (David Einho,Small-cap / Multibagger / Special Sits – Tier 2,Small-cap / Multibagger Specialists,14,7,0,3,4
Greenwood Investors (Steven Woo,VIC-to-Fund Concentrated Managers,Value / Concentrated Quality,6,6,0,0,0
Greystone Capital Management,Concentrated Microcap (Sub-13F),Value / Concentrated Quality,6,5,0,1,0
H Partners Management,P5 Microcap Activist - Concentrated 2-Position,Activists / Special Situations,4,2,1,0,1
HG Vora Capital (Parag Vora),Activist + PE + SPAC + Gold/Mining (gap-fill),Activists / Special Situations,8,5,1,1,0
HGC Investment Management (Kall,Activist + PE + SPAC + Gold/Mining (gap-fill),Activists / Special Situations,2,1,0,0,0
Harbert Discovery Fund,Small-cap / Multibagger / Special Sits – Tier 2,Small-cap / Multibagger Specialists,7,5,1,0,1
Harris Associates LP   Oakmark ,Concentrated Value / Quality Compounders,Value / Concentrated Quality,1,1,0,0,0
Hayden Capital (Fred Liu),VIC-to-Fund Concentrated Managers,Value / Concentrated Quality,8,4,0,0,0
Hayman Capital Management LP (K,Concentrated Macro / Trend Family Offices,CTA / Trend Followers,4,4,0,0,0
Hestia Capital Partners,Small-cap / Multibagger / Special Sits – Tier 2,Small-cap / Multibagger Specialists,8,3,0,3,2
Hibiki Path Advisors,Japan + Distressed – Tier 3,Distressed / Event-Driven,13,3,2,1,2
Highbridge Capital,Activist + PE + SPAC + Gold/Mining (gap-fill),Activists / Special Situations,5,4,0,1,0
Hillspire LLC,Value & Multi-Strat Legends,Mega Multi-Strats / Quants,4,0,0,0,0
Himalaya Capital Management,Value & Multi-Strat Legends,Mega Multi-Strats / Quants,10,8,0,1,1
Holland Advisors (Andrew Hollin,European / Canadian / Spanish / Asia Value,Foreign / EM Value,10,0,0,0,0
Horizon Kinetics Asset Manageme,Skin-in-Game / Fat-Pitch Legends,Value / Concentrated Quality,19,10,1,3,5
Horos Asset Management (Javier ,European / Canadian / Spanish / Asia Value,Foreign / EM Value,18,0,0,5,3
Horton Capital Management,Activist Microcap - Concentrated,Activists / Special Situations,6,3,2,1,0
Hound Partners LLC (Jonathan Au,Tiger Cubs / L/S Legends,Tiger Cubs / L/S Legends,11,5,0,4,2
Hudson Bay Capital Management L,Smaller Activists / Special Sits Tier 4,Activists / Special Situations,23,6,10,2,5
Hummingbird Value Fund (Sonkin),Nanocap (sub-$50M cap focus) - 13F-EXEMPT,Foreign / EM Value,3,3,0,0,0
ISAM (iSAM Funds) (Stanley Fink,Pure CTA / Trend Followers (own money),CTA / Trend Followers,1,0,0,0,0
Icahn Capital   Carl Icahn,US Activists – Tier 2,Activists / Special Situations,11,4,2,2,3
Iconiq Capital LLC,Value & Multi-Strat Legends,Mega Multi-Strats / Quants,18,10,4,1,3
Impactive Capital (Lauren Taylo,Activist + PE + SPAC + Gold/Mining (gap-fill),Activists / Special Situations,11,10,1,0,0
Inclusive Capital Partners,US Activists – Tier 2,Activists / Special Situations,1,0,0,0,0
Indaba Capital Management,Small-cap / Multibagger / Special Sits – Tier 1,Small-cap / Multibagger Specialists,2,1,1,0,0
Indus Capital Partners (Smith G,European / Canadian / Spanish / Asia Value,Foreign / EM Value,3,2,0,0,1
Irenic Capital Management,Small-cap / Multibagger / Special Sits – Tier 1,Small-cap / Multibagger Specialists,17,7,1,5,4
JANA Partners,US Activists – Tier 1,Activists / Special Situations,8,3,2,1,1
JCP Investment Management LLC,Smaller Activists / Special Sits Tier 4,Activists / Special Situations,9,5,0,1,2
Jensen Investment Management,Quality 15% ROE Screen - Tier 2 ($5B),Value / Concentrated Quality,5,5,0,0,0
Joshua Schechter,Family-Office / Individual Filers,Family Offices / Individual Filers,2,2,0,0,0
Kahn Brothers Group,Deep Value (Ben Graham Lineage) - Tier 2,Value / Concentrated Quality,3,3,0,0,0
Karpus Investment Management (P,Warrant Specialists (SPAC + Mining + Tail),Warrant Specialists,16,10,0,5,1
Kerrisdale Capital Management,Long/Short Activist - Public Research Shop,Activists / Special Situations,22,9,8,3,2
Kinderhook Partners,Illiquid Small-Cap Value (No 13F),Small-cap / Multibagger Specialists,2,0,0,0,0
King Street Capital Management,International Activist + Distressed,Distressed / Event-Driven,8,4,1,1,2
Knight Vinke Asset Management,Small-cap / Deep Value – Tier 3,Small-cap / Multibagger Specialists,4,1,0,0,1
Knighthead Capital Management,International Activist + Distressed,Distressed / Event-Driven,8,5,1,1,1
"Kold Investments (Simon Kold, C",European / Canadian / Spanish / Asia Value,Foreign / EM Value,1,0,0,0,0
Kopernik Global Investors LLC,Global Quality + EM Specialists,Foreign / EM Value,8,1,0,2,5
L1 Capital — L1 Gold Fund (LGF.,Activist + PE + SPAC + Gold/Mining (gap-fill),Activists / Special Situations,8,2,0,0,0
Lancero Capital,Small-cap / Deep Value – Tier 3,Small-cap / Multibagger Specialists,1,0,0,0,0
Land & Buildings Investment Man,US Activists – Tier 2,Activists / Special Situations,10,5,1,1,3
Langdon Equity Partners (Greg D,European / Canadian / Spanish / Asia Value,Foreign / EM Value,11,1,0,0,0
Lansdowne Partners,European + Asia – Tier 2,Foreign / EM Value,30,5,2,7,6
Laughing Water Capital (Matt Sw,VIC-to-Fund Concentrated Managers,Value / Concentrated Quality,4,4,0,0,0
Lawndale Capital,Activist (WOUND DOWN ~2024 - Advisory only),Activists / Special Situations,1,0,0,0,0
Legion Partners Asset Managemen,US Activists – Tier 2,Activists / Special Situations,7,5,1,0,1
Lester Asset Management (Stephe,European / Canadian / Spanish / Asia Value,Foreign / EM Value,3,3,0,0,0
Light Street Capital Management,Tiger Cubs / L/S Legends,Tiger Cubs / L/S Legends,11,5,0,1,5
Linden Advisors,Activist + PE + SPAC + Gold/Mining (gap-fill),Activists / Special Situations,1,0,0,0,0
Lindsell Train Limited (Nick Tr,Concentrated Value / Quality Compounders,Value / Concentrated Quality,11,0,0,0,0
Lion Point Capital,Small-cap / Multibagger / Special Sits – Tier 2,Small-cap / Multibagger Specialists,6,3,0,0,3
Lion Selection Group (LSX.AX),Activist + PE + SPAC + Gold/Mining (gap-fill),Activists / Special Situations,11,10,0,0,1
Lone Pine Capital LLC (Stephen ,Tiger Cubs / L/S Legends,Tiger Cubs / L/S Legends,13,5,0,6,2
Long Cast Advisers,Concentrated Microcap SMA (Sub-13F),Value / Concentrated Quality,11,8,0,2,0
M3F Inc M3 Partners,Bank Specialist - Concentrated,Value / Concentrated Quality,18,10,2,3,2
MFN Partners Management,Small-cap / Multibagger / Special Sits – Tier 1,Small-cap / Multibagger Specialists,5,4,0,1,0
MILFAM LLC   Neil Subin (Lloyd ,Family-Office / Individual Filers,Family Offices / Individual Filers,5,3,1,0,0
MILFAM LLC Subin,Microcap Activist Family Office,Family Offices / Individual Filers,10,4,3,1,1
MSD Partners Dell Family Office,Family Office - Mostly Private (13F is 0.4% of AUM),Family Offices / Individual Filers,12,7,3,1,0
Macellum Capital Management,Small-cap / Multibagger / Special Sits – Tier 2,Small-cap / Multibagger Specialists,1,0,0,0,0
Magallanes Value Investors (Ivá,European / Canadian / Spanish / Asia Value,Foreign / EM Value,20,10,0,0,0
Magnetar Capital LLC,Smaller Activists / Special Sits Tier 4,Activists / Special Situations,25,11,5,5,4
Mangrove Partners,Small-cap / Multibagger / Special Sits – Tier 1,Small-cap / Multibagger Specialists,15,7,2,3,3
Mantle Ridge (Paul Hilal),Activist + PE + SPAC + Gold/Mining (gap-fill),Activists / Special Situations,5,2,2,0,1
Maran Capital Management   Mara,Small Concentrated Activists T4,Activists / Special Situations,9,5,1,1,0
Marathon Asset Management,Distressed / Event-Driven – Tier 2,Distressed / Event-Driven,11,4,1,2,4
Marathon Partners Equity Manage,Smaller Activists / Special Sits Tier 4,Activists / Special Situations,11,9,0,1,1
Marc Cohodes — Independent Shor,Elite Shorts + Concentrated Value,Value / Concentrated Quality,6,5,0,1,0
Mark E. Schwarz   Newcastle Cap,Family-Office / Individual Filers,Family Offices / Individual Filers,2,0,0,0,0
Marlowe Partners LP,Soros/Appaloosa Lineage - Sub-13F (Last Q3 2024),Other / Unclassified,10,8,0,1,1
Marlton Partners   ATG Capital ,Small Concentrated Activists T4,Activists / Special Situations,3,1,1,1,0
Marshall Wace LLP,European + Asia – Tier 2,Foreign / EM Value,18,5,1,1,3
Massif Capital (Will Thomson),VIC-to-Fund Concentrated Managers,Value / Concentrated Quality,7,5,0,0,0
Maverick Capital Ltd (Lee Ainsl,Tiger Cubs / L/S Legends,Tiger Cubs / L/S Legends,8,6,1,0,1
Mawer Investment Management (Ca,European / Canadian / Spanish / Asia Value,Foreign / EM Value,24,0,0,0,0
Millennium Management LLC (Isra,Mega Multi-Strats / Quants,Mega Multi-Strats / Quants,15,5,7,0,3
Miller Value Partners LLC (Bill,Concentrated Value / Quality Compounders,Value / Concentrated Quality,1,1,0,0,0
Misaki Capital,Japan + Distressed – Tier 3,Distressed / Event-Driven,9,0,0,0,0
Mithaq Capital SPC (Turki AlRaj,Family-Office / Individual Filers,Family Offices / Individual Filers,7,4,3,0,0
Mittleman Investment Management,VIC-to-Fund Concentrated Managers,Value / Concentrated Quality,3,3,0,0,0
Mobius Capital Partners,Global Quality + EM Specialists,Foreign / EM Value,11,1,0,0,0
Monarch Alternative Capital,Distressed / Event-Driven – Tier 2,Distressed / Event-Driven,6,4,1,0,1
Moore Capital Management LP (Lo,Concentrated Macro / Trend Family Offices,CTA / Trend Followers,5,3,0,0,2
Muddy Waters Capital LLC (Carso,Elite Shorts + Concentrated Value,Value / Concentrated Quality,10,4,3,3,0
Mudrick Capital Management,International Activist + Distressed,Distressed / Event-Driven,5,2,2,0,1
Mulvaney Global Markets (Paul M,Pure CTA / Trend Followers (own money),CTA / Trend Followers,1,0,0,0,0
Nantahala Capital Management,Small-cap / Multibagger / Special Sits – Tier 1,Small-cap / Multibagger Specialists,16,6,1,3,6
Nierenberg Investment Mgmt D3,Microcap Activist - Concentrated,Activists / Special Situations,16,10,2,1,3
Nine Ten Capital Management,Microcap Concentrated (Bares microcap arm),Value / Concentrated Quality,11,8,1,0,2
Nippon Active Value Fund (NAVF.,Japan + Distressed – Tier 3,Distressed / Event-Driven,11,0,1,0,0
Northern Right Capital (Becker ,Activist - Concentrated Mid-Cap,Activists / Special Situations,19,10,2,5,2
Numantia Patrimonio Global (Emé,European / Canadian / Spanish / Asia Value,Foreign / EM Value,19,9,0,0,0
Oakcliff Capital Partners,Concentrated Quality - Tier 2,Value / Concentrated Quality,4,4,0,0,0
Oasis Management,International Activist + Distressed,Distressed / Event-Driven,10,6,2,1,1
Old Farm Partners,Allocator + Co-Invest (No 13F),Other / Unclassified,1,0,0,0,0
Omega Family Office (Omega Advi,Legendary Family Offices,Family Offices / Individual Filers,6,5,0,0,1
Orange Capital Ventures (Daniel,Microcap-Tactical + International T4,Microcap-Tactical,1,0,0,0,0
OrbiMed Advisors LLC,Biotech Specialists,Biotech Specialists,27,10,9,4,4
Osmium Partners,P5 Microcap Activist (Sub-13F),Activists / Special Situations,4,3,1,0,0
Outerbridge Capital Management ,Small Concentrated Activists T4,Activists / Special Situations,5,3,0,0,0
Owl Creek Asset Management,Small-cap / Multibagger / Special Sits – Tier 1,Small-cap / Multibagger Specialists,17,5,1,5,6
P2 Capital Partners,PE-Style Concentrated Public,Value / Concentrated Quality,12,10,0,1,0
Pabrai Investment Funds (Dalal ,Value & Multi-Strat Legends,Mega Multi-Strats / Quants,6,4,0,0,2
Palisades Goldcorp (Collin Kett,Activist + PE + SPAC + Gold/Mining (gap-fill),Activists / Special Situations,1,0,0,0,0
Palliser Capital UK,UK Activist - Multi-Jurisdiction,Activists / Special Situations,13,4,0,2,0
"Pangolin Asia Fund (James Hay, ",European / Canadian / Spanish / Asia Value,Foreign / EM Value,7,0,0,0,0
Park Lane Family Office (Henrik,VIC-to-Fund Concentrated Managers,Value / Concentrated Quality,1,0,0,0,0
Patient Capital Management,Concentrated Deep Value - Tier 1 (Bill Miller Lineage),Value / Concentrated Quality,8,7,0,0,1
Paulson & Co Inc,Legendary Family Offices,Family Offices / Individual Filers,6,5,1,0,0
Pelham Capital Management,Small-cap / Deep Value – Tier 3,Small-cap / Multibagger Specialists,9,5,0,1,3
Pender Fund Capital (David Barr,European / Canadian / Spanish / Asia Value,Foreign / EM Value,13,3,0,0,0
Pentwater Capital Management,Small-cap / Multibagger / Special Sits – Tier 2,Small-cap / Multibagger Specialists,15,5,3,3,4
Perceptive Advisors LLC,Biotech Specialists,Biotech Specialists,22,7,10,1,4
Periscope Capital Inc (Jamie Wi,Warrant Specialists (SPAC + Mining + Tail),Warrant Specialists,12,6,0,4,2
Permian Investment Partners (Du,Activist + PE + SPAC + Gold/Mining (gap-fill),Activists / Special Situations,15,10,1,4,0
Pershing Square Capital Managem,US Activists – Tier 1,Activists / Special Situations,10,4,2,1,3
Peter H. Kamin   3K Limited Par,Family-Office / Individual Filers,Family Offices / Individual Filers,2,1,1,0,0
Petrus Advisers,International Activist + Distressed,Distressed / Event-Driven,7,6,0,0,0
Plural Investing (Chris Waller),VIC-to-Fund Concentrated Managers,Value / Concentrated Quality,7,5,0,0,0
Point72 Asset Management LP,Value & Multi-Strat Legends,Mega Multi-Strats / Quants,33,12,12,4,5
PointState Capital LP,Soros/Druckenmiller Lineage - Active Macro/Equity,Macro / Trend,12,5,3,2,2
Polar Asset Management Partners,Warrant Specialists (SPAC + Mining + Tail),Warrant Specialists,20,8,1,10,1
Polen Capital Management LLC,Global Quality + EM Specialists,Foreign / EM Value,13,5,0,3,5
Politan Capital Management,US Activists – Tier 1,Activists / Special Situations,4,3,1,0,0
Polygon Investment Partners,European + Asia – Tier 2,Foreign / EM Value,10,5,0,5,0
Praesidium Investment Managemen,Small-cap / Multibagger / Special Sits – Tier 1,Small-cap / Multibagger Specialists,12,7,0,0,5
"Praetorian Capital (Harris ""Kup",VIC-to-Fund Concentrated Managers,Value / Concentrated Quality,12,6,3,0,0
PrimeStone Capital,International Activist – Tier 2,Activists / Special Situations,6,0,0,0,0
Privet Fund Management LLC,US Activists – Tier 3 (small-cap),Small-cap / Multibagger Specialists,1,0,1,0,0
Punch Card Capital   Norbert Lo,Skin-in-Game / Fat-Pitch Legends,Value / Concentrated Quality,5,5,0,0,0
Pzena Investment Management,Small-cap / Deep Value – Tier 3,Small-cap / Multibagger Specialists,22,5,4,7,6
Quarz Capital Management,European + Asia – Tier 2,Foreign / EM Value,5,0,0,0,0
Quogue Capital LLC (Wayne P. Ro,Small Concentrated Activists T4,Activists / Special Situations,1,1,0,0,0
R.G. Niederhoffer Capital Manag,Pure CTA / Trend Followers (own money),CTA / Trend Followers,1,0,0,0,0
RA Capital Management,Biotech/Healthcare - Tier 1 Crossover,Biotech Specialists,33,10,14,5,3
RA Capital Management LP,Biotech Specialists,Biotech Specialists,24,4,13,3,3
RIT Capital Partners plc (RCP.L,Value & Multi-Strat Legends,Mega Multi-Strats / Quants,12,0,0,0,1
RTW Investments LP,Biotech Specialists,Biotech Specialists,19,10,1,3,4
RV Capital   Business Owner Fun,European / Canadian / Spanish / Asia Value,Foreign / EM Value,19,11,0,2,5
Radcliffe Capital Management (S,Warrant Specialists (SPAC + Mining + Tail),Warrant Specialists,15,10,0,5,0
Rangeley Capital   YAVF (Andrew,VIC-to-Fund Concentrated Managers,Value / Concentrated Quality,10,10,0,0,0
Redmile Group LLC,Biotech Specialists,Biotech Specialists,17,10,0,2,5
Regal Funds Management (Phil Ki,Activist + PE + SPAC + Gold/Mining (gap-fill),Activists / Special Situations,19,0,0,0,0
Renaissance Technologies LLC,Value & Multi-Strat Legends,Mega Multi-Strats / Quants,16,10,1,0,5
Right Tail Capital,Concentrated Quality (Sub-13F SMA),Value / Concentrated Quality,9,6,0,1,0
RiverNorth Capital   SPCZ ETF (,Activist + PE + SPAC + Gold/Mining (gap-fill),Activists / Special Situations,6,6,0,0,0
Robotti & Co Advisors LLC (Bob ,Concentrated Value / Quality Compounders,Value / Concentrated Quality,2,2,0,0,0
Ronald L. Chez,Family-Office / Individual Filers,Family Offices / Individual Filers,1,0,0,0,0
Roumell Asset Management,Small-cap / Deep Value – Tier 3,Small-cap / Multibagger Specialists,9,5,0,0,4
Royce Investment Partners,Small-Cap Diversified,Small-cap / Multibagger Specialists,13,4,3,6,0
S. Muoio & Co. LLC (Salvatore M,Microcap-Tactical + International T4,Microcap-Tactical,5,5,0,0,0
SPARX Group (Shuhei Abe),European / Canadian / Spanish / Asia Value,Foreign / EM Value,11,0,0,0,0
Saba Capital Management,Small-cap / Multibagger / Special Sits – Tier 1,Small-cap / Multibagger Specialists,21,6,6,3,6
Saber Capital (John Huber),VIC-to-Fund Concentrated Managers,Value / Concentrated Quality,8,8,0,0,0
Sachem Head Capital Management,US Activists – Tier 2,Activists / Special Situations,12,4,0,5,3
Saga Partners (Joe Frankenfield,VIC-to-Fund Concentrated Managers,Value / Concentrated Quality,8,5,0,0,1
Sagard Capital Partners,Wound Down US Public-Equity Activism,Other / Unclassified,1,0,0,0,0
Sandon Capital (Gabriel Radzymi,Microcap-Tactical + International T4,Microcap-Tactical,9,0,0,0,0
Sanford DeLand Buffettology,UK Buffett-Style Quality (OEIC),Value / Concentrated Quality,15,10,0,4,1
Schonfeld Strategic Advisors LL,Mega Multi-Strats / Quants,Mega Multi-Strats / Quants,10,5,0,0,5
Schultze Asset Management,Distressed/Post-BK Equity (No 13F since 2009),Distressed / Event-Driven,1,0,0,0,0
Scion Asset Management LLC   Mi,Skin-in-Game / Fat-Pitch Legends,Value / Concentrated Quality,9,4,0,3,2
Scopia Capital Management,US Activists – Tier 2,Activists / Special Situations,12,5,0,5,2
Sculptor Capital Management,Distressed / Event-Driven – Tier 2,Distressed / Event-Driven,10,4,0,4,2
Seilern Investment Management L,Global Quality + EM Specialists,Foreign / EM Value,9,9,0,0,0
Semper Augustus (Chris Bloomstr,VIC-to-Fund Concentrated Managers,Value / Concentrated Quality,10,10,0,0,0
"Sequoia Fund   Ruane, Cunniff &",Elite Shorts + Concentrated Value,Value / Concentrated Quality,15,10,0,3,2
Sessa Capital (John Petry),Activist + PE + SPAC + Gold/Mining (gap-fill),Activists / Special Situations,13,10,0,1,2
Shaolin Capital,Activist + PE + SPAC + Gold/Mining (gap-fill),Activists / Special Situations,5,4,1,0,0
ShawSpring Partners (Dennis Hon,VIC-to-Fund Concentrated Managers,Value / Concentrated Quality,12,12,0,0,0
Sherborne Investors,International Activist – Tier 2,Activists / Special Situations,1,0,1,0,0
Silver Point Capital,Distressed / Event-Driven – Tier 2,Distressed / Event-Driven,19,5,8,2,4
Sio Capital Management,Healthcare Specialist - Market Neutral,PE / SPAC / Gold / Mining,16,5,5,2,4
Slater Investments (Mark Slater,European / Canadian / Spanish / Asia Value,Foreign / EM Value,10,0,0,0,0
Smoak Capital Management,P5 Microcap Discovery (Sub-13F),Other / Unclassified,5,5,0,0,0
Snow Park Capital Partners (Jef,Small Concentrated Activists T4,Activists / Special Situations,1,0,0,0,0
Solus Alternative Asset Managem,Activist + PE + SPAC + Gold/Mining (gap-fill),Activists / Special Situations,11,10,1,0,0
Soros Fund Management LLC,Legendary Family Offices,Family Offices / Individual Filers,10,5,0,2,3
Soros Fund Management LLC (Geor,Concentrated Macro / Trend Family Offices,CTA / Trend Followers,15,10,0,0,5
Sound Shore Management,Large-Cap Value - Tier 2,Value / Concentrated Quality,5,5,0,0,0
Southeastern Asset Management I,Skin-in-Game / Fat-Pitch Legends,Value / Concentrated Quality,22,10,1,4,7
Sprott Inc   Sprott Asset Manag,Warrant Specialists (SPAC + Mining + Tail),Warrant Specialists,26,10,1,9,3
Spruce House Partnership,Small-cap / Multibagger / Special Sits – Tier 2,Small-cap / Multibagger Specialists,7,4,1,0,2
Spruce Point Capital Management,Smaller Activists / Special Sits Tier 4,Activists / Special Situations,5,5,0,0,0
Stadium Capital Management,P5 Activist - SNBR Campaign Closed,Activists / Special Situations,7,6,1,0,0
Standard General L.P.,US Activists – Tier 3 (small-cap),Small-cap / Multibagger Specialists,4,3,1,0,0
Star Equity Fund LP (Jeffrey Eb,Microcap-Tactical + International T4,Microcap-Tactical,12,4,3,2,1
Starboard Value LP,US Activists – Tier 1,Activists / Special Situations,14,3,6,3,2
Steel Partners Holdings,Activist Conglomerate (Lichtenstein),Activists / Special Situations,13,8,2,2,1
Stilwell Value LLC   Stilwell G,US Activists – Tier 3 (small-cap),Small-cap / Multibagger Specialists,7,3,3,0,1
Stonepine Capital Management,Biotech/Healthcare - Microcap Activist,Biotech Specialists,20,7,8,3,2
Strategic Capital Inc (Tsuyoshi,Japan + Distressed – Tier 3,Distressed / Event-Driven,13,3,0,0,0
Strategic Value Partners (SVPGl,Distressed / Event-Driven – Tier 2,Distressed / Event-Driven,4,2,1,1,0
Suvretta Capital Management,Biotech/Healthcare - Crossover Tier 1,Biotech Specialists,30,10,13,4,3
Symphony Financial Partners,Japan + Distressed – Tier 3,Distressed / Event-Driven,11,1,0,0,0
TCI Fund Management Ltd,UK Activist - Tier 1 ($45B AUM),Activists / Special Situations,15,9,2,1,2
TT International Investment Man,European + Asia – Tier 2,Foreign / EM Value,23,5,0,3,5
Taconic Capital Advisors,Distressed / Event-Driven – Tier 2,Distressed / Event-Driven,11,3,0,6,2
Tactical Investment Management ,Pure CTA / Trend Followers (own money),CTA / Trend Followers,1,0,0,0,0
Taiyo Pacific Partners,International Activist – Tier 2,Activists / Special Situations,6,1,0,0,0
Tekne Capital Management,Ultra-Concentrated EM/Tech (Druckenmiller alum),Foreign / EM Value,4,3,0,1,0
Teleios Capital Partners,International Activist – Tier 2,Activists / Special Situations,3,1,0,0,0
Tellworth (Premier Miton) (Marr,European / Canadian / Spanish / Asia Value,Foreign / EM Value,9,9,0,0,0
The Children's Investment Fund ,Small-cap / Multibagger / Special Sits – Tier 2,Small-cap / Multibagger Specialists,16,5,0,0,3
Third Avenue Management,Small-cap / Deep Value – Tier 3,Small-cap / Multibagger Specialists,11,6,0,4,1
Third Point LLC,US Activists – Tier 1,Activists / Special Situations,18,6,1,6,5
ThreeD Capital Inc (Sheldon Inw,Warrant Specialists (SPAC + Mining + Tail),Warrant Specialists,2,1,1,0,0
Tiburon Holdings   Tiburon Capi,VIC-to-Fund Concentrated Managers,Value / Concentrated Quality,1,0,0,0,0
Tiburon Holdings (Peter Lupoff),Activist + PE + SPAC + Gold/Mining (gap-fill),Activists / Special Situations,1,0,0,0,0
Tiger Global Management LLC (Ch,Tiger Cubs / L/S Legends,Tiger Cubs / L/S Legends,10,5,1,1,3
Tiger Management LLC,Tiger Cubs / L/S Legends,Tiger Cubs / L/S Legends,1,1,0,0,0
Tocqueville Gold Fund (now Spro,Activist + PE + SPAC + Gold/Mining (gap-fill),Activists / Special Situations,1,1,0,0,0
Trian Fund Management,US Activists – Tier 1,Activists / Special Situations,4,3,1,0,0
Tribeca Global Natural Resource,Activist + PE + SPAC + Gold/Mining (gap-fill),Activists / Special Situations,10,0,0,0,1
Tributary Capital Management (W,Microcap-Tactical + International T4,Microcap-Tactical,13,10,0,1,2
Trigran Investments,P5 Microcap Concentrator (Chicago),Other / Unclassified,21,10,6,2,3
Troy Asset Mgmt Trojan Fund,UK Capital Preservation (OEIC),Other / Unclassified,21,8,0,3,0
True Value (Estebaranz),European / Canadian / Spanish / Asia Value,Foreign / EM Value,10,0,0,0,0
Tudor Investment Corp (Paul Tud,Concentrated Macro / Trend Family Offices,CTA / Trend Followers,8,5,0,0,3
Tudor Investment Corporation,Value & Multi-Strat Legends,Mega Multi-Strats / Quants,13,13,0,0,0
Turtle Creek Asset Management,Smaller Activists / Special Sits Tier 4,Activists / Special Situations,11,9,0,0,2
"Tweedy, Browne Company LLC",Global Quality + EM Specialists,Foreign / EM Value,7,5,0,0,2
Two Sigma Investments LP,Mega Multi-Strats / Quants,Mega Multi-Strats / Quants,11,5,0,5,1
U.S. Global Investors (Frank Ho,Activist + PE + SPAC + Gold/Mining (gap-fill),Activists / Special Situations,2,0,0,1,1
Universa Investments LP (Mark S,Warrant Specialists (SPAC + Mining + Tail),Warrant Specialists,1,0,0,0,0
VIEX Capital Advisors (Eric Sin,Microcap-Tactical + International T4,Microcap-Tactical,3,2,0,0,0
"Valentum AM (Luis de Blas, Jesú",European / Canadian / Spanish / Asia Value,Foreign / EM Value,11,0,0,2,0
Valley Forge Capital Management,Ultra-Concentrated Monopoly Quality (Kantesaria),Value / Concentrated Quality,7,6,0,0,1
Value Partners,International Activist – Tier 2,Activists / Special Situations,2,1,1,0,0
ValueAct Capital,US Activists – Tier 1,Activists / Special Situations,11,4,1,3,3
Veradace Partners (Vezendan + C,Small Concentrated Activists T4,Activists / Special Situations,14,5,4,3,2
Viking Global Investors LP (And,Tiger Cubs / L/S Legends,Tiger Cubs / L/S Legends,10,4,1,5,0
Vinik Asset Management LP,Value & Multi-Strat Legends,Mega Multi-Strats / Quants,1,0,0,0,0
Voce Capital Management LLC,US Activists – Tier 3 (small-cap),Small-cap / Multibagger Specialists,1,0,0,0,0
Voloridge Investment Management,Mega Multi-Strats / Quants,Mega Multi-Strats / Quants,12,5,0,0,7
Voss Capital,Small-cap / Deep Value – Tier 3,Small-cap / Multibagger Specialists,17,5,1,6,5
Wedgewood Partners,Concentrated Quality Compounder,Value / Concentrated Quality,10,9,0,0,1
Weiss Asset Management (Boston),Activist + PE + SPAC + Gold/Mining (gap-fill),Activists / Special Situations,6,6,0,0,0
Weitz Investment Management Inc,Concentrated Value / Quality Compounders,Value / Concentrated Quality,1,0,0,0,0
West Face Capital (Gregory Bola,Microcap-Tactical + International T4,Microcap-Tactical,2,1,0,0,1
Westbeck Capital (Jean-Louis Le,Pure CTA / Trend Followers (own money),CTA / Trend Followers,4,0,0,0,0
Westchester Capital   MERFX (Be,Activist + PE + SPAC + Gold/Mining (gap-fill),Activists / Special Situations,9,9,0,0,0
Whale Rock Capital Management (,Tiger Cubs / L/S Legends,Tiger Cubs / L/S Legends,8,5,0,2,1
Whitebox Advisors,Distressed / Event-Driven – Tier 2,Distressed / Event-Driven,17,5,2,6,4
Whitebridge Tactical Strategy,European + Asia – Tier 2,Foreign / EM Value,1,0,0,0,0
Willett Advisors LLC,Legendary Family Offices,Family Offices / Individual Filers,1,0,0,0,0
WindAcre Partnership,Concentrated Quality Compounder - Tier 1,Value / Concentrated Quality,16,11,2,1,2
Woodlock House Family Capital (,VIC-to-Fund Concentrated Managers,Value / Concentrated Quality,3,3,0,0,0
Wynnefield Capital,P5 Microcap Activist (32+ years),Activists / Special Situations,8,6,1,0,1
Yacktman Asset Management LP,Global Quality + EM Specialists,Foreign / EM Value,7,5,0,1,1
Yakira Capital,Activist + PE + SPAC + Gold/Mining (gap-fill),Activists / Special Situations,3,3,0,0,0
azValor Asset Management (Guzmá,European / Canadian / Spanish / Asia Value,Foreign / EM Value,23,9,0,8,0
