ticker,name,weight,sector
NVDA,NVIDIA CORP,7.24,Information Technology
AAPL,APPLE INC,5.97,Information Technology
MSFT,MICROSOFT CORP,4.81,Information Technology
AMZN,AMAZON COM INC,3.68,Consumer Discretionary
GOOGL,ALPHABET INC CLASS A,3.04,Communication
AVGO,BROADCOM INC,2.88,Information Technology
GOOG,ALPHABET INC CLASS C,2.46,Communication
META,META PLATFORMS INC CLASS A,2.30,Communication
TSLA,TESLA INC,1.73,Consumer Discretionary
BRKB,BERKSHIRE HATHAWAY INC CLASS B,1.34,Financials
JPM,JPMORGAN CHASE & CO,1.29,Financials
LLY,ELI LILLY,1.14,Health Care
XOM,EXXON MOBIL CORP,0.95,Energy
JNJ,JOHNSON & JOHNSON,0.86,Health Care
WMT,WALMART INC,0.85,Consumer Staples
V,VISA INC CLASS A,0.82,Financials
MU,MICRON TECHNOLOGY INC,0.78,Information Technology
AMD,ADVANCED MICRO DEVICES INC,0.69,Information Technology
COST,COSTCO WHOLESALE CORP,0.68,Consumer Staples
MA,MASTERCARD INC CLASS A,0.64,Financials
NFLX,NETFLIX INC,0.63,Communication
ABBV,ABBVIE INC,0.57,Health Care
CAT,CATERPILLAR INC,0.56,Industrials
BAC,BANK OF AMERICA CORP,0.54,Financials
HD,HOME DEPOT INC,0.53,Consumer Discretionary
PG,PROCTER & GAMBLE,0.53,Consumer Staples
CVX,CHEVRON CORP,0.53,Energy
CSCO,CISCO SYSTEMS INC,0.53,Information Technology
LRCX,LAM RESEARCH CORP,0.51,Information Technology
PLTR,PALANTIR TECHNOLOGIES INC CLASS A,0.49,Information Technology
GE,GE AEROSPACE,0.48,Industrials
AMAT,APPLIED MATERIAL INC,0.48,Information Technology
INTC,INTEL CORPORATION CORP,0.46,Information Technology
MRK,MERCK & CO INC,0.45,Health Care
UNH,UNITEDHEALTH GROUP INC,0.45,Health Care
ORCL,ORACLE CORP,0.45,Information Technology
KO,COCA-COLA,0.45,Consumer Staples
GS,GOLDMAN SACHS GROUP INC,0.42,Financials
GEV,GE VERNOVA INC,0.41,Industrials
RTX,RTX CORP,0.40,Industrials
WFC,WELLS FARGO,0.39,Financials
PM,PHILIP MORRIS INTERNATIONAL INC,0.38,Consumer Staples
IBM,INTERNATIONAL BUSINESS MACHINES CO,0.36,Information Technology
KLAC,KLA CORP,0.36,Information Technology
LIN,LINDE PLC,0.35,Materials
C,CITIGROUP INC,0.35,Financials
MCD,MCDONALDS CORP,0.34,Consumer Discretionary
PEP,PEPSICO INC,0.33,Consumer Staples
MS,MORGAN STANLEY,0.33,Financials
TXN,TEXAS INSTRUMENT INC,0.32,Information Technology
TMO,THERMO FISHER SCIENTIFIC INC,0.31,Health Care
VZ,VERIZON COMMUNICATIONS INC,0.30,Communication
NEE,NEXTERA ENERGY INC,0.29,Utilities
AMGN,AMGEN INC,0.29,Health Care
DIS,WALT DISNEY,0.29,Communication
APH,AMPHENOL CORP CLASS A,0.28,Information Technology
T,AT&T INC,0.28,Communication
ADI,ANALOG DEVICES INC,0.28,Information Technology
TJX,TJX INC,0.28,Consumer Discretionary
AXP,AMERICAN EXPRESS,0.27,Financials
GILD,GILEAD SCIENCES INC,0.26,Health Care
ANET,ARISTA NETWORKS INC,0.26,Information Technology
BA,BOEING,0.26,Industrials
ABT,ABBOTT LABORATORIES,0.26,Health Care
CRM,SALESFORCE INC,0.25,Information Technology
ISRG,INTUITIVE SURGICAL INC,0.25,Health Care
BLK,BLACKROCK INC,0.25,Financials
ETN,EATON PLC,0.24,Industrials
PFE,PFIZER INC,0.24,Health Care
BKNG,BOOKING HOLDINGS INC,0.24,Consumer Discretionary
UBER,UBER TECHNOLOGIES INC,0.24,Industrials
SCHW,CHARLES SCHWAB CORP,0.24,Financials
UNP,UNION PACIFIC CORP,0.23,Industrials
HON,HONEYWELL INTERNATIONAL INC,0.23,Industrials
QCOM,QUALCOMM INC,0.22,Information Technology
WELL,WELLTOWER INC,0.22,Real Estate
DE,DEERE,0.22,Industrials
COP,CONOCOPHILLIPS,0.22,Energy
LOW,LOWES COMPANIES INC,0.22,Consumer Discretionary
PLD,PROLOGIS REIT INC,0.21,Real Estate
PANW,PALO ALTO NETWORKS INC,0.21,Information Technology
SPGI,S&P GLOBAL INC,0.21,Financials
SNDK,SANDISK CORP,0.20,Information Technology
GLW,CORNING INC,0.20,Information Technology
NEM,NEWMONT,0.20,Materials
WDC,WESTERN DIGITAL CORP,0.19,Information Technology
COF,CAPITAL ONE FINANCIAL CORP,0.19,Financials
PH,PARKER-HANNIFIN CORP,0.19,Industrials
BMY,BRISTOL MYERS SQUIBB,0.19,Health Care
DHR,DANAHER CORP,0.19,Health Care
LMT,LOCKHEED MARTIN CORP,0.19,Industrials
ACN,ACCENTURE PLC CLASS A,0.19,Information Technology
CB,CHUBB,0.19,Financials
PGR,PROGRESSIVE CORP,0.18,Financials
MRVL,MARVELL TECHNOLOGY INC,0.18,Information Technology
SYK,STRYKER CORP,0.18,Health Care
VRT,VERTIV HOLDINGS CLASS A,0.18,Industrials
APP,APPLOVIN CORP CLASS A,0.17,Information Technology
SBUX,STARBUCKS CORP,0.17,Consumer Discretionary
VRTX,VERTEX PHARMACEUTICALS INC,0.17,Health Care
MDT,MEDTRONIC PLC,0.17,Health Care
MO,ALTRIA GROUP INC,0.17,Consumer Staples
INTU,INTUIT INC,0.16,Information Technology
MCK,MCKESSON CORP,0.16,Health Care
CMCSA,COMCAST CORP CLASS A,0.16,Communication
EQIX,EQUINIX REIT INC,0.16,Real Estate
TT,TRANE TECHNOLOGIES PLC,0.16,Industrials
CRWD,CROWDSTRIKE HOLDINGS INC CLASS A,0.16,Information Technology
SO,SOUTHERN,0.16,Utilities
CME,CME GROUP INC CLASS A,0.16,Financials
HWM,HOWMET AEROSPACE INC,0.16,Industrials
NOW,SERVICENOW INC,0.16,Information Technology
ADBE,ADOBE INC,0.15,Information Technology
FCX,FREEPORT MCMORAN INC,0.15,Materials
DUK,DUKE ENERGY CORP,0.15,Utilities
CVS,CVS HEALTH CORP,0.15,Health Care
BX,BLACKSTONE INC,0.15,Financials
TMUS,T MOBILE US INC,0.15,Communication
BSX,BOSTON SCIENTIFIC CORP,0.15,Health Care
BK,BANK OF NEW YORK MELLON CORP,0.14,Financials
CEG,CONSTELLATION ENERGY CORP,0.14,Utilities
ICE,INTERCONTINENTAL EXCHANGE INC,0.14,Financials
NOC,NORTHROP GRUMMAN CORP,0.14,Industrials
USB,US BANCORP,0.14,Financials
PWR,QUANTA SERVICES INC,0.14,Industrials
PNC,PNC FINANCIAL SERVICES GROUP INC,0.13,Financials
WMB,WILLIAMS INC,0.13,Energy
CMI,CUMMINS INC,0.13,Industrials
JCI,JOHNSON CONTROLS INTERNATIONAL PLC,0.13,Industrials
SNPS,SYNOPSYS INC,0.13,Information Technology
MRSH,MARSH INC,0.13,Financials
AMT,AMERICAN TOWER REIT CORP,0.13,Real Estate
GD,GENERAL DYNAMICS CORP,0.13,Industrials
CDNS,CADENCE DESIGN SYSTEMS INC,0.13,Information Technology
FDX,FEDEX CORP,0.13,Industrials
MAR,MARRIOTT INTERNATIONAL INC CLASS A,0.13,Consumer Discretionary
WM,WASTE MANAGEMENT INC,0.13,Industrials
EMR,EMERSON ELECTRIC,0.13,Industrials
SPOT,SPOTIFY TECHNOLOGY SA,0.13,Communication
MMM,3M,0.13,Industrials
CSX,CSX CORP,0.12,Industrials
ADP,AUTOMATIC DATA PROCESSING INC,0.12,Industrials
SHW,SHERWIN WILLIAMS,0.12,Materials
HCA,HCA HEALTHCARE INC,0.12,Health Care
ORLY,OREILLY AUTOMOTIVE INC,0.12,Consumer Discretionary
ITW,ILLINOIS TOOL INC,0.12,Industrials
SLB,SLB NV,0.12,Energy
CRH,CRH PUBLIC LIMITED PLC,0.12,Materials
UPS,UNITED PARCEL SERVICE INC CLASS B,0.12,Industrials
HLT,HILTON WORLDWIDE HOLDINGS INC,0.12,Consumer Discretionary
REGN,REGENERON PHARMACEUTICALS INC,0.12,Health Care
MDLZ,MONDELEZ INTERNATIONAL INC CLASS A,0.11,Consumer Staples
MSI,MOTOROLA SOLUTIONS INC,0.11,Information Technology
GM,GENERAL MOTORS,0.11,Consumer Discretionary
CI,CIGNA,0.11,Health Care
ROST,ROSS STORES INC,0.11,Consumer Discretionary
RCL,ROYAL CARIBBEAN GROUP LTD,0.11,Consumer Discretionary
AEP,AMERICAN ELECTRIC POWER INC,0.11,Utilities
ELV,ELEVANCE HEALTH INC,0.11,Health Care
CIEN,CIENA CORP,0.11,Information Technology
MCO,MOODYS CORP,0.11,Financials
KKR,KKR AND CO INC,0.11,Financials
DLR,DIGITAL REALTY TRUST REIT INC,0.11,Real Estate
EOG,EOG RESOURCES INC,0.11,Energy
TDG,TRANSDIGM GROUP INC,0.11,Industrials
AON,AON PLC CLASS A,0.11,Financials
CL,COLGATE-PALMOLIVE,0.11,Consumer Staples
ECL,ECOLAB INC,0.11,Materials
HOOD,ROBINHOOD MARKETS INC CLASS A,0.11,Financials
NSC,NORFOLK SOUTHERN CORP,0.10,Industrials
VLO,VALERO ENERGY CORP,0.10,Energy
MPWR,MONOLITHIC POWER SYSTEMS INC,0.10,Information Technology
DASH,DOORDASH INC CLASS A,0.10,Consumer Discretionary
SPG,SIMON PROPERTY GROUP REIT INC,0.10,Real Estate
LHX,L3HARRIS TECHNOLOGIES INC,0.10,Industrials
TRV,TRAVELERS COMPANIES INC,0.10,Financials
PCAR,PACCAR INC,0.10,Industrials
APD,AIR PRODUCTS AND CHEMICALS INC,0.10,Materials
MPC,MARATHON PETROLEUM CORP,0.10,Energy
WBD,WARNER BROS. DISCOVERY INC SERIES,0.10,Communication
TFC,TRUIST FINANCIAL CORP,0.10,Financials
PSX,PHILLIPS 66,0.10,Energy
NET,CLOUDFLARE INC CLASS A,0.10,Information Technology
LITE,LUMENTUM HOLDINGS INC,0.10,Information Technology
KMI,KINDER MORGAN INC,0.10,Energy
CTAS,CINTAS CORP,0.09,Industrials
SRE,SEMPRA,0.09,Utilities
DELL,DELL TECHNOLOGIES INC CLASS C,0.09,Information Technology
COHR,COHERENT CORP,0.09,Information Technology
COR,CENCORA INC,0.09,Health Care
O,REALTY INCOME REIT CORP,0.09,Real Estate
AZO,AUTOZONE INC,0.09,Consumer Discretionary
TER,TERADYNE INC,0.09,Information Technology
BKR,BAKER HUGHES CLASS A,0.09,Energy
ABNB,AIRBNB INC CLASS A,0.09,Consumer Discretionary
TGT,TARGET CORP,0.09,Consumer Staples
KEYS,KEYSIGHT TECHNOLOGIES INC,0.09,Information Technology
FIX,COMFORT SYSTEMS USA INC,0.09,Industrials
ALL,ALLSTATE CORP,0.09,Financials
AJG,ARTHUR J GALLAGHER,0.09,Financials
VST,VISTRA CORP,0.08,Utilities
AU,ANGLOGOLD ASHANTI PLC,0.08,Materials
AME,AMETEK INC,0.08,Industrials
CTVA,CORTEVA INC,0.08,Materials
XTSLA,BLK CSH FND TREASURY SL AGENCY,0.08,Cash and/or Derivatives
ZTS,ZOETIS INC CLASS A,0.08,Health Care
AFL,AFLAC INC,0.08,Financials
NKE,NIKE INC CLASS B,0.08,Consumer Discretionary
MNST,MONSTER BEVERAGE CORP,0.08,Consumer Staples
LNG,CHENIERE ENERGY INC,0.08,Energy
D,DOMINION ENERGY INC,0.08,Utilities
FAST,FASTENAL,0.08,Industrials
APO,APOLLO GLOBAL MANAGEMENT INC,0.08,Financials
OKE,ONEOK INC,0.08,Energy
CVNA,CARVANA CLASS A,0.08,Consumer Discretionary
MSTR,STRATEGY INC CLASS A,0.08,Information Technology
ETR,ENTERGY CORP,0.08,Utilities
ADSK,AUTODESK INC,0.08,Information Technology
EA,ELECTRONIC ARTS INC,0.08,Communication
CAH,CARDINAL HEALTH INC,0.08,Health Care
NU,NU HOLDINGS CLASS A,0.08,Financials
GWW,WW GRAINGER INC,0.08,Industrials
FTNT,FORTINET INC,0.08,Information Technology
URI,UNITED RENTALS INC,0.08,Industrials
F,FORD MOTOR CO,0.08,Consumer Discretionary
TRGP,TARGA RESOURCES CORP,0.08,Energy
FERG,FERGUSON ENTERPRISES INC,0.08,Industrials
PSA,PUBLIC STORAGE REIT,0.07,Real Estate
XEL,XCEL ENERGY INC,0.07,Utilities
CARR,CARRIER GLOBAL CORP,0.07,Industrials
PYPL,PAYPAL HOLDINGS INC,0.07,Financials
SNOW,SNOWFLAKE INC,0.07,Information Technology
EXC,EXELON CORP,0.07,Utilities
ROK,ROCKWELL AUTOMATION INC,0.07,Industrials
EBAY,EBAY INC,0.07,Consumer Discretionary
CMG,CHIPOTLE MEXICAN GRILL INC,0.07,Consumer Discretionary
IDXX,IDEXX LABORATORIES INC,0.07,Health Care
DAL,DELTA AIR LINES INC,0.07,Industrials
EW,EDWARDS LIFESCIENCES CORP,0.07,Health Care
COIN,COINBASE GLOBAL INC CLASS A,0.07,Financials
YUM,YUM BRANDS INC,0.07,Consumer Discretionary
BDX,BECTON DICKINSON,0.07,Health Care
FITB,FIFTH THIRD BANCORP,0.07,Financials
CBRE,CBRE GROUP INC CLASS A,0.07,Real Estate
NUE,NUCOR CORP,0.07,Materials
WAB,WESTINGHOUSE AIR BRAKE TECHNOLOGIE,0.07,Industrials
GRMN,GARMIN LTD,0.07,Consumer Discretionary
MET,METLIFE INC,0.07,Financials
AIG,AMERICAN INTERNATIONAL GROUP INC,0.06,Financials
AMP,AMERIPRISE FINANCE INC,0.06,Financials
RSG,REPUBLIC SERVICES INC,0.06,Industrials
MCHP,MICROCHIP TECHNOLOGY INC,0.06,Information Technology
RKLB,ROCKET LAB CORP,0.06,Industrials
PEG,PUBLIC SERVICE ENTERPRISE GROUP IN,0.06,Utilities
MSCI,MSCI INC,0.06,Financials
STT,STATE STREET CORP,0.06,Financials
ODFL,OLD DOMINION FREIGHT LINE INC,0.06,Industrials
NDAQ,NASDAQ INC,0.06,Financials
ED,CONSOLIDATED EDISON INC,0.06,Utilities
VTR,VENTAS REIT INC,0.06,Real Estate
KR,KROGER,0.06,Consumer Staples
DDOG,DATADOG INC CLASS A,0.06,Information Technology
DHI,D R HORTON INC,0.06,Consumer Discretionary
ALNY,ALNYLAM PHARMACEUTICALS INC,0.06,Health Care
HIG,HARTFORD INSURANCE GROUP INC,0.06,Financials
ROP,ROPER TECHNOLOGIES INC,0.06,Information Technology
CCI,CROWN CASTLE INC,0.06,Real Estate
VMC,VULCAN MATERIALS,0.06,Materials
TTWO,TAKE TWO INTERACTIVE SOFTWARE INC,0.06,Communication
XYZ,BLOCK INC CLASS A,0.06,Financials
PCG,PG&E CORP,0.06,Utilities
OXY,OCCIDENTAL PETROLEUM CORP,0.06,Energy
WEC,WEC ENERGY GROUP INC,0.06,Utilities
MLM,MARTIN MARIETTA MATERIALS INC,0.06,Materials
RBLX,ROBLOX CORP CLASS A,0.06,Communication
SYY,SYSCO CORP,0.06,Consumer Staples
EME,EMCOR GROUP INC,0.05,Industrials
FANG,DIAMONDBACK ENERGY INC,0.05,Energy
PRU,PRUDENTIAL FINANCIAL INC,0.05,Financials
EQT,EQT CORP,0.05,Energy
HPE,HEWLETT PACKARD ENTERPRISE,0.05,Information Technology
IBKR,INTERACTIVE BROKERS GROUP INC CLAS,0.05,Financials
A,AGILENT TECHNOLOGIES INC,0.05,Health Care
IRM,IRON MOUNTAIN INC,0.05,Real Estate
ACGL,ARCH CAPITAL GROUP LTD,0.05,Financials
FISV,FISERV INC,0.05,Financials
KDP,KEURIG DR PEPPER INC,0.05,Consumer Staples
NRG,NRG ENERGY INC,0.05,Utilities
GEHC,GE HEALTHCARE TECHNOLOGIES INC,0.05,Health Care
IR,INGERSOLL RAND INC,0.05,Industrials
ON,ON SEMICONDUCTOR CORP,0.05,Information Technology
HBAN,HUNTINGTON BANCSHARES INC,0.05,Financials
JBL,JABIL INC,0.05,Information Technology
KVUE,KENVUE INC,0.05,Consumer Staples
MTB,M&T BANK CORP,0.05,Financials
CCL,CARNIVAL CORP,0.05,Consumer Discretionary
UAL,UNITED AIRLINES HOLDINGS INC,0.05,Industrials
RMD,RESMED INC,0.05,Health Care
KMB,KIMBERLY CLARK CORP,0.05,Consumer Staples
WAT,WATERS CORP,0.05,Health Care
TPR,TAPESTRY INC,0.05,Consumer Discretionary
ADM,ARCHER DANIELS MIDLAND,0.05,Consumer Staples
OTIS,OTIS WORLDWIDE CORP,0.05,Industrials
USD,USD CASH,0.05,Cash and/or Derivatives
CBOE,CBOE GLOBAL MARKETS INC,0.05,Financials
HAL,HALLIBURTON,0.05,Energy
EXPE,EXPEDIA GROUP INC,0.05,Consumer Discretionary
VICI,VICI PPTYS INC,0.05,Real Estate
EXR,EXTRA SPACE STORAGE REIT INC,0.05,Real Estate
FLEX,FLEX LTD,0.05,Information Technology
AXON,AXON ENTERPRISE INC,0.05,Industrials
DTE,DTE ENERGY,0.05,Utilities
AEE,AMEREN CORP,0.05,Utilities
INSM,INSMED INC,0.05,Health Care
NTRS,NORTHERN TRUST CORP,0.05,Financials
DOV,DOVER CORP,0.05,Industrials
ATO,ATMOS ENERGY CORP,0.05,Utilities
TDY,TELEDYNE TECHNOLOGIES INC,0.05,Information Technology
IQV,IQVIA HOLDINGS INC,0.05,Health Care
CTSH,COGNIZANT TECHNOLOGY SOLUTIONS COR,0.05,Information Technology
XYL,XYLEM INC,0.05,Industrials
PAYX,PAYCHEX INC,0.05,Industrials
CPRT,COPART INC,0.05,Industrials
HUBB,HUBBELL INC,0.04,Industrials
PPL,PPL CORP,0.04,Utilities
FTI,TECHNIPFMC PLC,0.04,Energy
WTW,WILLIS TOWERS WATSON PLC,0.04,Financials
Q,QNITY ELECTRONICS INC,0.04,Information Technology
CPNG,COUPANG INC CLASS A,0.04,Consumer Discretionary
CNP,CENTERPOINT ENERGY INC,0.04,Utilities
HSY,HERSHEY FOODS,0.04,Consumer Staples
MTD,METTLER TOLEDO INC,0.04,Health Care
CASY,CASEYS GENERAL STORES INC,0.04,Consumer Staples
DG,DOLLAR GENERAL CORP,0.04,Consumer Staples
CFG,CITIZENS FINANCIAL GROUP INC,0.04,Financials
FE,FIRSTENERGY CORP,0.04,Utilities
NTRA,NATERA INC,0.04,Health Care
DVN,DEVON ENERGY CORP,0.04,Energy
STLD,STEEL DYNAMICS INC,0.04,Materials
SYF,SYNCHRONY FINANCIAL,0.04,Financials
CW,CURTISS WRIGHT CORP,0.04,Industrials
RJF,RAYMOND JAMES INC,0.04,Financials
EIX,EDISON INTERNATIONAL,0.04,Utilities
WDAY,WORKDAY INC CLASS A,0.04,Information Technology
QSR,RESTAURANTS BRANDS INTERNATIONAL I,0.04,Consumer Discretionary
FTAI,FTAI AVIATION LTD,0.04,Industrials
ES,EVERSOURCE ENERGY,0.04,Utilities
PPG,PPG INDUSTRIES INC,0.04,Materials
BIIB,BIOGEN INC,0.04,Health Care
CINF,CINCINNATI FINANCIAL CORP,0.04,Financials
FIS,FIDELITY NATIONAL INFORMATION SERV,0.04,Financials
RVMD,REVOLUTION MEDICINES INC,0.04,Health Care
AWK,AMERICAN WATER WORKS INC,0.04,Utilities
XPO,XPO INC,0.04,Industrials
LPLA,LPL FINANCIAL HOLDINGS INC,0.04,Financials
DOW,DOW INC,0.04,Materials
OMC,OMNICOM GROUP INC,0.04,Communication
FICO,FAIR ISAAC CORP,0.04,Information Technology
VEEV,VEEVA SYSTEMS INC CLASS A,0.04,Health Care
DXCM,DEXCOM INC,0.04,Health Care
UTHR,UNITED THERAPEUTICS CORP,0.04,Health Care
ULTA,ULTA BEAUTY INC,0.04,Consumer Discretionary
LYV,LIVE NATION ENTERTAINMENT INC,0.04,Communication
PHM,PULTEGROUP INC,0.04,Consumer Discretionary
VRSK,VERISK ANALYTICS INC,0.04,Industrials
HUM,HUMANA INC,0.04,Health Care
AVB,AVALONBAY COMMUNITIES REIT INC,0.04,Real Estate
MKL,MARKEL GROUP INC,0.04,Financials
RF,REGIONS FINANCIAL CORP,0.04,Financials
TPL,TEXAS PACIFIC LAND CORP,0.04,Energy
SBAC,SBA COMMUNICATIONS REIT CORP CLASS,0.04,Real Estate
EFX,EQUIFAX INC,0.04,Industrials
TSCO,TRACTOR SUPPLY,0.04,Consumer Discretionary
EQR,EQUITY RESIDENTIAL REIT,0.04,Real Estate
CMS,CMS ENERGY CORP,0.04,Utilities
SOFI,SOFI TECHNOLOGIES INC,0.04,Financials
WWD,WOODWARD INC,0.04,Industrials
ZM,ZOOM COMMUNICATIONS INC CLASS A,0.04,Information Technology
WSM,WILLIAMS SONOMA INC,0.04,Consumer Discretionary
CHD,CHURCH AND DWIGHT INC,0.04,Consumer Staples
DRI,DARDEN RESTAURANTS INC,0.04,Consumer Discretionary
CTRA,COTERRA ENERGY INC,0.04,Energy
ALB,ALBEMARLE CORP,0.04,Materials
NI,NISOURCE INC,0.04,Utilities
STZ,CONSTELLATION BRANDS INC CLASS A,0.04,Consumer Staples
VRSN,VERISIGN INC,0.04,Information Technology
MTZ,MASTEC INC,0.04,Industrials
CPAY,CORPAY INC,0.03,Financials
LH,LABCORP HOLDINGS INC,0.03,Health Care
VLTO,VERALTO CORP,0.03,Industrials
RGLD,ROYAL GOLD INC,0.03,Materials
ALAB,ASTERA LABS INC,0.03,Information Technology
TROW,T ROWE PRICE GROUP INC,0.03,Financials
ATI,ATI INC,0.03,Industrials
ARES,ARES MANAGEMENT CORP CLASS A,0.03,Financials
STE,STERIS,0.03,Health Care
BURL,BURLINGTON STORES INC,0.03,Consumer Discretionary
DGX,QUEST DIAGNOSTICS INC,0.03,Health Care
SW,SMURFIT WESTROCK PLC,0.03,Materials
ENTG,ENTEGRIS INC,0.03,Information Technology
EXE,EXPAND ENERGY CORP,0.03,Energy
CHRW,CH ROBINSON WORLDWIDE INC,0.03,Industrials
NVT,NVENT ELECTRIC PLC,0.03,Industrials
CRS,CARPENTER TECHNOLOGY CORP,0.03,Industrials
BWXT,BWX TECHNOLOGIES INC,0.03,Industrials
RDDT,REDDIT INC CLASS A,0.03,Communication
USFD,US FOODS HOLDING CORP,0.03,Consumer Staples
PFG,PRINCIPAL FINANCIAL GROUP INC,0.03,Financials
P,EVERPURE INC CLASS A,0.03,Information Technology
NTAP,NETAPP INC,0.03,Information Technology
MDB,MONGODB INC CLASS A,0.03,Information Technology
ILMN,ILLUMINA INC,0.03,Health Care
KEY,KEYCORP,0.03,Financials
DLTR,DOLLAR TREE INC,0.03,Consumer Staples
EXPD,EXPEDITORS INTERNATIONAL OF WASHIN,0.03,Industrials
DD,DUPONT DE NEMOURS INC,0.03,Materials
CHTR,CHARTER COMMUNICATIONS INC CLASS A,0.03,Communication
TWLO,TWILIO INC CLASS A,0.03,Information Technology
LDOS,LEIDOS HOLDINGS INC,0.03,Industrials
LUV,SOUTHWEST AIRLINES,0.03,Industrials
SNA,SNAP ON INC,0.03,Industrials
BRO,BROWN & BROWN INC,0.03,Financials
RPRX,ROYALTY PHARMA PLC CLASS A,0.03,Health Care
IP,INTERNATIONAL PAPER,0.03,Materials
WST,WEST PHARMACEUTICAL SERVICES INC,0.03,Health Care
IFF,INTERNATIONAL FLAVORS & FRAGRANCES,0.03,Materials
FSLR,FIRST SOLAR INC,0.03,Information Technology
FTV,FORTIVE CORP,0.03,Industrials
RBA,RB GLOBAL INC,0.03,Industrials
KHC,KRAFT HEINZ,0.03,Consumer Staples
JBHT,JB HUNT TRANSPORT SERVICES INC,0.03,Industrials
LEN,LENNAR A CORP CLASS A,0.03,Consumer Discretionary
AMCR,AMCOR PLC,0.03,Materials
FWONK,LIBERTY MEDIA FORMULA ONE SERIES C,0.03,Communication
MRNA,MODERNA INC,0.03,Health Care
BR,BROADRIDGE FINANCIAL SOLUTIONS INC,0.03,Industrials
L,LOEWS CORP,0.03,Financials
MKSI,MKS,0.03,Information Technology
GIS,GENERAL MILLS INC,0.03,Consumer Staples
EVRG,EVERGY INC,0.03,Utilities
NVR,NVR INC,0.03,Consumer Discretionary
ASTS,AST SPACEMOBILE INC CLASS A,0.03,Communication
ZBH,ZIMMER BIOMET HOLDINGS INC,0.03,Health Care
BAM,BROOKFIELD ASSET MANAGEMENT VOTING,0.03,Financials
PKG,PACKAGING CORP OF AMERICA,0.03,Materials
LNT,ALLIANT ENERGY CORP,0.03,Utilities
EL,ESTEE LAUDER INC CLASS A,0.03,Consumer Staples
HPQ,HP INC,0.03,Information Technology
CNC,CENTENE CORP,0.03,Health Care
ITT,ITT INC,0.03,Industrials
MTSI,MACOM TECHNOLOGY SOLUTIONS INC,0.03,Information Technology
FCNCA,FIRST CITIZENS BANCSHARES INC CLAS,0.03,Financials
WY,WEYERHAEUSER REIT,0.03,Real Estate
RBC,RBC BEARINGS INC,0.03,Industrials
TSN,TYSON FOODS INC CLASS A,0.03,Consumer Staples
LVS,LAS VEGAS SANDS CORP,0.03,Consumer Discretionary
FFIV,F5 INC,0.03,Information Technology
AFRM,AFFIRM HOLDINGS INC CLASS A,0.03,Financials
CDW,CDW CORP,0.03,Information Technology
LULU,LULULEMON ATHLETICA INC,0.03,Consumer Discretionary
BALL,BALL CORP,0.03,Materials
CF,CF INDUSTRIES HOLDINGS INC,0.03,Materials
GPN,GLOBAL PAYMENTS INC,0.03,Financials
FLUT,FLUTTER ENTERTAINMENT PLC,0.03,Consumer Discretionary
APG,API GROUP CORP,0.03,Industrials
VTRS,VIATRIS INC,0.03,Health Care
SGI,SOMNIGROUP INTERNATIONAL INC,0.03,Consumer Discretionary
RS,RELIANCE STEEL & ALUMINUM,0.03,Materials
THC,TENET HEALTHCARE CORP,0.03,Health Care
AA,ALCOA CORP,0.03,Materials
LYB,LYONDELLBASELL INDUSTRIES NV CLASS,0.03,Materials
PTC,PTC INC,0.03,Information Technology
DECK,DECKERS OUTDOOR CORP,0.03,Consumer Discretionary
HEIA,HEICO CORP CLASS A,0.03,Industrials
CSGP,COSTAR GROUP INC,0.03,Real Estate
TLN,TALEN ENERGY CORP,0.03,Utilities
ROL,ROLLINS INC,0.03,Industrials
TRMB,TRIMBLE INC,0.03,Information Technology
INVH,INVITATION HOMES INC,0.03,Real Estate
SNX,TD SYNNEX CORP,0.02,Information Technology
ESS,ESSEX PROPERTY TRUST REIT INC,0.02,Real Estate
SCCO,SOUTHERN COPPER CORP,0.02,Materials
JLL,JONES LANG LASALLE INC,0.02,Real Estate
NLY,ANNALY CAPITAL MANAGEMENT REIT INC,0.02,Financials
WPC,W. P. CAREY REIT INC,0.02,Real Estate
QXO,QXO INC,0.02,Industrials
TXT,TEXTRON INC,0.02,Industrials
EWBC,EAST WEST BANCORP INC,0.02,Financials
LSCC,LATTICE SEMICONDUCTOR CORP,0.02,Information Technology
SUI,SUN COMMUNITIES REIT INC,0.02,Real Estate
KIM,KIMCO REALTY REIT CORP,0.02,Real Estate
WCC,WESCO INTERNATIONAL INC,0.02,Industrials
BG,BUNGE GLOBAL SA,0.02,Consumer Staples
IEX,IDEX CORP,0.02,Industrials
GPC,GENUINE PARTS,0.02,Consumer Discretionary
RKT,ROCKET COMPANIES INC CLASS A,0.02,Financials
INCY,INCYTE CORP,0.02,Health Care
LII,LENNOX INTERNATIONAL INC,0.02,Industrials
MDLN,MEDLINE INC CLASS A,0.02,Health Care
HII,HUNTINGTON INGALLS INDUSTRIES INC,0.02,Industrials
J,JACOBS SOLUTIONS INC,0.02,Industrials
OVV,OVINTIV INC,0.02,Energy
SSNC,SS AND C TECHNOLOGIES HOLDINGS INC,0.02,Industrials
TRU,TRANSUNION,0.02,Industrials
NDSN,NORDSON CORP,0.02,Industrials
CLH,CLEAN HARBORS INC,0.02,Industrials
WRB,WR BERKLEY CORP,0.02,Financials
CSL,CARLISLE COMPANIES INC,0.02,Industrials
MAA,MID AMERICA APARTMENT COMMUNITIES,0.02,Real Estate
VIK,VIKING HOLDINGS,0.02,Consumer Discretionary
WSO,WATSCO INC,0.02,Industrials
PNR,PENTAIR,0.02,Industrials
ROKU,ROKU INC CLASS A,0.02,Communication
EG,EVEREST GROUP LTD,0.02,Financials
TYL,TYLER TECHNOLOGIES INC,0.02,Information Technology
RL,RALPH LAUREN CORP CLASS A,0.02,Consumer Discretionary
SMCI,SUPER MICRO COMPUTER INC,0.02,Information Technology
REG,REGENCY CENTERS REIT CORP,0.02,Real Estate
PFGC,PERFORMANCE FOOD GROUP,0.02,Consumer Staples
HST,HOST HOTELS & RESORTS REIT INC,0.02,Real Estate
GGG,GRACO INC,0.02,Industrials
PODD,INSULET CORP,0.02,Health Care
RNR,RENAISSANCERE HOLDING LTD,0.02,Financials
ONTO,ONTO INNOVATION INC,0.02,Information Technology
DKS,DICKS SPORTING INC,0.02,Consumer Discretionary
PNFP,PINNACLE FINANCIAL PARTNERS INC,0.02,Financials
LECO,LINCOLN ELECTRIC HOLDINGS INC,0.02,Industrials
TOL,TOLL BROTHERS INC,0.02,Consumer Discretionary
MAS,MASCO CORP,0.02,Industrials
COO,COOPER INC,0.02,Health Care
RPM,RPM INTERNATIONAL INC,0.02,Materials
OHI,OMEGA HEALTHCARE INVESTORS REIT IN,0.02,Real Estate
RGA,REINSURANCE GROUP OF AMERICA INC,0.02,Financials
PR,PERMIAN RESOURCES CORP CLASS A,0.02,Energy
TW,TRADEWEB MARKETS INC CLASS A,0.02,Financials
MKC,MCCORMICK & CO NON-VOTING INC,0.02,Consumer Staples
CG,CARLYLE GROUP INC,0.02,Financials
AKAM,AKAMAI TECHNOLOGIES INC,0.02,Information Technology
FOXA,FOX CORP CLASS A,0.02,Communication
RRX,REGAL REXNORD CORP,0.02,Industrials
HAS,HASBRO INC,0.02,Consumer Discretionary
FNF,FIDELITY NATIONAL FINANCIAL INC,0.02,Financials
DTM,DT MIDSTREAM INC,0.02,Energy
ZS,ZSCALER INC,0.02,Information Technology
UNM,UNUM,0.02,Financials
AVY,AVERY DENNISON CORP,0.02,Materials
RIVN,RIVIAN AUTOMOTIVE INC CLASS A,0.02,Consumer Discretionary
TOST,TOAST INC CLASS A,0.02,Financials
MLI,MUELLER INDUSTRIES INC,0.02,Industrials
EVR,EVERCORE INC CLASS A,0.02,Financials
ALGN,ALIGN TECHNOLOGY INC,0.02,Health Care
CLX,CLOROX,0.02,Consumer Staples
GLPI,GAMING AND LEISURE PROPERTIES REIT,0.02,Real Estate
SOLS,SOLSTICE ADVANCED MATERIALS INC,0.02,Materials
APTV,APTIV PLC,0.02,Consumer Discretionary
FIVE,FIVE BELOW INC,0.02,Consumer Discretionary
NBIX,NEUROCRINE BIOSCIENCES INC,0.02,Health Care
NYT,NEW YORK TIMES CLASS A,0.02,Communication
EQH,EQUITABLE HOLDINGS INC,0.02,Financials
TKO,TKO GROUP HOLDINGS INC CLASS A,0.02,Communication
ROIV,ROIVANT SCIENCES LTD,0.02,Health Care
BBY,BEST BUY INC,0.02,Consumer Discretionary
ALLY,ALLY FINANCIAL INC,0.02,Financials
APA,APA CORP,0.02,Energy
CCK,CROWN HOLDINGS INC,0.02,Materials
PEN,PENUMBRA INC,0.02,Health Care
ELS,EQUITY LIFESTYLE PROPERTIES REIT I,0.02,Real Estate
PNW,PINNACLE WEST CORP,0.02,Utilities
HEI,HEICO CORP,0.02,Industrials
ALLE,ALLEGION PLC,0.02,Industrials
SF,STIFEL FINANCIAL CORP,0.02,Financials
GNRC,GENERAC HOLDINGS INC,0.02,Industrials
BJ,BJS WHOLESALE CLUB HOLDINGS INC,0.02,Consumer Staples
FHN,FIRST HORIZON CORP,0.02,Financials
BWA,BORGWARNER INC,0.02,Consumer Discretionary
WBS,WEBSTER FINANCIAL CORP,0.02,Financials
GL,GLOBE LIFE INC,0.02,Financials
AGNC,AGNC INVESTMENT REIT CORP,0.02,Financials
EXEL,EXELIXIS INC,0.02,Health Care
CRCL,CIRCLE INTERNET GROUP INC CLASS A,0.02,Information Technology
DOC,HEALTHPEAK PROPERTIES INC,0.02,Real Estate
JAZZ,JAZZ PHARMACEUTICALS PLC,0.02,Health Care
ZBRA,ZEBRA TECHNOLOGIES CORP CLASS A,0.02,Information Technology
LAMR,LAMAR ADVERTISING COMPANY CLAS,0.02,Real Estate
PINS,PINTEREST INC CLASS A,0.02,Communication
ARMK,ARAMARK,0.02,Consumer Discretionary
GWRE,GUIDEWIRE SOFTWARE INC,0.02,Information Technology
DPZ,DOMINOS PIZZA INC,0.02,Consumer Discretionary
OKTA,OKTA INC CLASS A,0.02,Information Technology
GDDY,GODADDY INC CLASS A,0.02,Information Technology
IONS,IONIS PHARMACEUTICALS INC,0.02,Health Care
BLD,TOPBUILD CORP,0.02,Consumer Discretionary
UDR,UDR REIT INC,0.02,Real Estate
SCI,SERVICE,0.02,Consumer Discretionary
CACI,CACI INTERNATIONAL INC CLASS A,0.02,Industrials
ELAN,ELANCO ANIMAL HEALTH INC,0.02,Health Care
MEDP,MEDPACE HOLDINGS INC,0.02,Health Care
ACM,AECOM,0.02,Industrials
SAIA,SAIA INC,0.02,Industrials
AIZ,ASSURANT INC,0.02,Financials
JKHY,JACK HENRY AND ASSOCIATES INC,0.02,Financials
IT,GARTNER INC,0.02,Information Technology
HUBS,HUBSPOT INC,0.02,Information Technology
CPT,CAMDEN PROPERTY TRUST REIT,0.02,Real Estate
TEAM,ATLASSIAN CORP CLASS A,0.02,Information Technology
WTRG,ESSENTIAL UTILITIES INC,0.02,Utilities
SWK,STANLEY BLACK & DECKER INC,0.02,Industrials
AIT,APPLIED INDUSTRIAL TECHNOLOGIES IN,0.02,Industrials
RVTY,REVVITY INC,0.02,Health Care
TXRH,TEXAS ROADHOUSE INC,0.02,Consumer Discretionary
GEN,GEN DIGITAL INC,0.02,Information Technology
DKNG,DRAFTKINGS INC CLASS A,0.02,Consumer Discretionary
WMS,ADVANCED DRAINAGE SYSTEMS INC,0.02,Industrials
COKE,COCA COLA CONSOLIDATED INC,0.02,Consumer Staples
ALSN,ALLISON TRANSMISSION HOLDINGS INC,0.02,Industrials
GMED,GLOBUS MEDICAL INC CLASS A,0.02,Health Care
FLS,FLOWSERVE CORP,0.02,Industrials
AR,ANTERO RESOURCES CORP,0.02,Energy
DT,DYNATRACE INC,0.02,Information Technology
AES,AES CORP,0.02,Utilities
EGP,EASTGROUP PROPERTIES REIT INC,0.02,Real Estate
EHC,ENCOMPASS HEALTH CORP,0.02,Health Care
AMH,AMERICAN HOMES RENT REIT CLASS A,0.02,Real Estate
SOLV,SOLVENTUM CORP,0.02,Health Care
DCI,DONALDSON INC,0.02,Industrials
OC,OWENS CORNING,0.02,Industrials
BMRN,BIOMARIN PHARMACEUTICAL INC,0.02,Health Care
NTNX,NUTANIX INC CLASS A,0.02,Information Technology
TTD,TRADE DESK INC CLASS A,0.02,Communication
UHS,UNIVERSAL HEALTH SERVICES INC CLAS,0.02,Health Care
GME,GAMESTOP CORP CLASS A,0.02,Consumer Discretionary
SSB,SOUTHSTATE BANK CORP,0.02,Financials
KNX,KNIGHT-SWIFT TRANSPORTATION HOLDIN,0.02,Industrials
NWSA,NEWS CORP CLASS A,0.02,Communication
SN,SHARKNINJA INC,0.02,Consumer Discretionary
BAH,BOOZ ALLEN HAMILTON HOLDING CORP C,0.02,Industrials
OGE,OGE ENERGY CORP,0.02,Utilities
WTFC,WINTRUST FINANCIAL CORP,0.01,Financials
SJM,JM SMUCKER,0.01,Consumer Staples
CNM,CORE & MAIN INC CLASS A,0.01,Industrials
RRC,RANGE RESOURCES CORP,0.01,Energy
ORI,OLD REPUBLIC INTERNATIONAL CORP,0.01,Financials
ZION,ZIONS BANCORPORATION,0.01,Financials
FRT,FEDERAL REALTY INVESTMENT TRUST RE,0.01,Real Estate
BLDR,BUILDERS FIRSTSOURCE INC,0.01,Industrials
OSK,OSHKOSH CORP,0.01,Industrials
IOT,SAMSARA INC CLASS A,0.01,Information Technology
CGNX,COGNEX CORP,0.01,Information Technology
BRX,BRIXMOR PROPERTY GROUP REIT INC,0.01,Real Estate
BAX,BAXTER INTERNATIONAL INC,0.01,Health Care
BPOP,POPULAR INC,0.01,Financials
CAVA,CAVA GROUP INC,0.01,Consumer Discretionary
TECH,BIO TECHNE CORP,0.01,Health Care
LFUS,LITTELFUSE INC,0.01,Information Technology
ARW,ARROW ELECTRONICS INC,0.01,Information Technology
CR,CRANE,0.01,Industrials
NCLH,NORWEGIAN CRUISE LINE HOLDINGS LTD,0.01,Consumer Discretionary
CNH,CNH INDUSTRIAL N.V. NV,0.01,Industrials
TTC,TORO,0.01,Industrials
DOCU,DOCUSIGN INC,0.01,Information Technology
DAR,DARLING INGREDIENTS INC,0.01,Consumer Staples
IVZ,INVESCO LTD,0.01,Financials
DINO,HF SINCLAIR CORP,0.01,Energy
R,RYDER SYSTEM INC,0.01,Industrials
BXP,BXP INC,0.01,Real Estate
AYI,ACUITY INC,0.01,Industrials
SWKS,SKYWORKS SOLUTIONS INC,0.01,Information Technology
ADC,AGREE REALTY REIT CORP,0.01,Real Estate
PRI,PRIMERICA INC,0.01,Financials
CRL,CHARLES RIVER LABORATORIES INTERNA,0.01,Health Care
CUBE,CUBESMART REIT,0.01,Real Estate
FDS,FACTSET RESEARCH SYSTEMS INC,0.01,Financials
ESI,ELEMENT SOLUTIONS INC,0.01,Materials
HLI,HOULIHAN LOKEY INC CLASS A,0.01,Financials
CAR,AVIS BUDGET GROUP INC,0.01,Industrials
COLB,COLUMBIA BANKING SYSTEM INC,0.01,Financials
MTCH,MATCH GROUP INC,0.01,Communication
REXR,REXFORD INDUSTRIAL REALTY REIT INC,0.01,Real Estate
FOX,FOX CORP CLASS B,0.01,Communication
MP,MP MATERIALS CORP CLASS A,0.01,Materials
ATR,APTARGROUP INC,0.01,Materials
AFG,AMERICAN FINANCIAL GROUP INC,0.01,Financials
XP,XP CLASS A INC,0.01,Financials
CRUS,CIRRUS LOGIC INC,0.01,Information Technology
WAL,WESTERN ALLIANCE,0.01,Financials
VNOM,VIPER ENERGY INC CLASS A,0.01,Energy
EMN,EASTMAN CHEMICAL,0.01,Materials
AAL,AMERICAN AIRLINES GROUP INC,0.01,Industrials
QGEN,QIAGEN NV,0.01,Health Care
CFR,CULLEN FROST BANKERS INC,0.01,Financials
AMKR,AMKOR TECHNOLOGY INC,0.01,Information Technology
MUSA,MURPHY USA INC,0.01,Consumer Discretionary
NNN,NNN REIT INC,0.01,Real Estate
TIGO,MILLICOM INTERNATIONAL CELLULAR SA,0.01,Communication
TTEK,TETRA TECH INC,0.01,Industrials
WYNN,WYNN RESORTS LTD,0.01,Consumer Discretionary
ARE,ALEXANDRIA REAL ESTATE EQUITIES RE,0.01,Real Estate
HSIC,HENRY SCHEIN INC,0.01,Health Care
NFG,NATIONAL FUEL GAS,0.01,Utilities
U,UNITY SOFTWARE INC,0.01,Information Technology
AMG,AFFILIATED MANAGERS GROUP INC,0.01,Financials
LKQ,LKQ CORP,0.01,Consumer Discretionary
SEIC,SEI INVESTMENTS,0.01,Financials
MASI,MASIMO CORP,0.01,Health Care
ONON,ON HOLDING AG CLASS A,0.01,Consumer Discretionary
UGI,UGI CORP,0.01,Utilities
VMI,VALMONT INDS INC,0.01,Industrials
HALO,HALOZYME THERAPEUTICS INC,0.01,Health Care
FR,FIRST INDUSTRIAL REALTY TRUST INC,0.01,Real Estate
AXS,AXIS CAPITAL HOLDINGS LTD,0.01,Financials
MANH,MANHATTAN ASSOCIATES INC,0.01,Information Technology
IDA,IDACORP INC,0.01,Utilities
KEX,KIRBY CORP,0.01,Industrials
MGM,MGM RESORTS INTERNATIONAL,0.01,Consumer Discretionary
KNSL,KINSALE CAPITAL GROUP INC,0.01,Financials
MOS,MOSAIC,0.01,Materials
W,WAYFAIR INC CLASS A,0.01,Consumer Discretionary
AWI,ARMSTRONG WORLD INDUSTRIES INC,0.01,Industrials
Z,ZILLOW GROUP INC CLASS C,0.01,Real Estate
TAP,MOLSON COORS BREWING CLASS B,0.01,Consumer Staples
MOH,MOLINA HEALTHCARE INC,0.01,Health Care
AGCO,AGCO CORP,0.01,Industrials
DOX,AMDOCS LTD,0.01,Information Technology
POOL,POOL CORP,0.01,Consumer Discretionary
RBRK,RUBRIK INC CLASS A,0.01,Information Technology
AOS,A O SMITH CORP,0.01,Industrials
SSD,SIMPSON MANUFACTURING INC,0.01,Industrials
VFC,VF CORP,0.01,Consumer Discretionary
WFRD,WEATHERFORD INTERNATIONAL PLC,0.01,Energy
STAG,STAG INDUSTRIAL REIT INC,0.01,Real Estate
JEF,JEFFERIES FINANCIAL GROUP INC,0.01,Financials
BEN,FRANKLIN RESOURCES INC,0.01,Financials
INGR,INGREDION INC,0.01,Consumer Staples
EPAM,EPAM SYSTEMS INC,0.01,Information Technology
SFM,SPROUTS FARMERS MARKET INC,0.01,Consumer Staples
CHRD,CHORD ENERGY CORP,0.01,Energy
AM,ANTERO MIDSTREAM CORP,0.01,Energy
VOYA,VOYA FINANCIAL INC,0.01,Financials
CART,MAPLEBEAR INC,0.01,Consumer Staples
NOV,NOV INC,0.01,Energy
CAG,CONAGRA BRANDS INC,0.01,Consumer Staples
H,HYATT HOTELS CORP CLASS A,0.01,Consumer Discretionary
HXL,HEXCEL CORP,0.01,Industrials
PCOR,PROCORE TECHNOLOGIES INC,0.01,Information Technology
QRVO,QORVO INC,0.01,Information Technology
OMF,ONEMAIN HOLDINGS INC,0.01,Financials
RGEN,REPLIGEN CORP,0.01,Health Care
MIDD,MIDDLEBY CORP,0.01,Industrials
GXO,GXO LOGISTICS INC,0.01,Industrials
WH,WYNDHAM HOTELS RESORTS INC,0.01,Consumer Discretionary
LAD,LITHIA MOTORS INC CLASS A,0.01,Consumer Discretionary
GFS,GLOBALFOUNDRIES INC,0.01,Information Technology
CBSH,COMMERCE BANCSHARES INC,0.01,Financials
CE,CELANESE CORP,0.01,Materials
ECG,EVERUS CONSTRUCTION GROUP INC,0.01,Industrials
TKR,TIMKEN,0.01,Industrials
BROS,DUTCH BROS INC CLASS A,0.01,Consumer Discretionary
JHG,JANUS HENDERSON GROUP PLC,0.01,Financials
EXP,EAGLE MATERIALS INC,0.01,Materials
SITE,SITEONE LANDSCAPE SUPPLY INC,0.01,Industrials
MSA,MSA SAFETY INC,0.01,Industrials
LEA,LEAR CORP,0.01,Consumer Discretionary
PAYC,PAYCOM SOFTWARE INC,0.01,Industrials
MTDR,MATADOR RESOURCES,0.01,Energy
THG,HANOVER INSURANCE GROUP INC,0.01,Financials
AXTA,AXALTA COATING SYSTEMS LTD,0.01,Materials
FNB,FNB CORP,0.01,Financials
LNC,LINCOLN NATIONAL CORP,0.01,Financials
MKTX,MARKETAXESS HOLDINGS INC,0.01,Financials
GTES,GATES INDUSTRIAL PLC,0.01,Industrials
AAON,AAON INC,0.01,Industrials
FAF,FIRST AMERICAN FINANCIAL CORP,0.01,Financials
CHWY,CHEWY INC CLASS A,0.01,Consumer Discretionary
PB,PROSPERITY BANCSHARES INC,0.01,Financials
RYN,RAYONIER REIT INC,0.01,Real Estate
KMX,CARMAX INC,0.01,Consumer Discretionary
WEX,WEX INC,0.01,Financials
ESAB,ESAB CORP,0.01,Industrials
GAP,GAP INC,0.01,Consumer Discretionary
STWD,STARWOOD PROPERTY TRUST REIT INC,0.01,Financials
HRL,HORMEL FOODS CORP,0.01,Consumer Staples
LSTR,LANDSTAR SYSTEM INC,0.01,Industrials
AUR,AURORA INNOVATION INC CLASS A,0.01,Information Technology
MTG,MGIC INVESTMENT CORP,0.01,Financials
SARO,STANDARDAERO,0.01,Industrials
LBRDK,LIBERTY BROADBAND CORP SERIES C,0.01,Communication
LW,LAMB WESTON HOLDINGS INC,0.01,Consumer Staples
HR,HEALTHCARE REALTY TRUST INC CLASS,0.01,Real Estate
PLNT,PLANET FITNESS INC CLASS A,0.01,Consumer Discretionary
OWL,BLUE OWL CAPITAL INC CLASS A,0.01,Financials
ETSY,ETSY INC,0.01,Consumer Discretionary
CHDN,CHURCHILL DOWNS INC,0.01,Consumer Discretionary
AVT,AVNET INC,0.01,Information Technology
LYFT,LYFT INC CLASS A,0.01,Industrials
G,GENPACT LTD,0.01,Industrials
ACI,ALBERTSONS COMPANY INC CLASS A,0.01,Consumer Staples
VSNT,VERSANT MEDIA GROUP INC,0.01,Communication
TFX,TELEFLEX INC,0.01,Health Care
TPG,TPG INC CLASS A,0.01,Financials
CELH,CELSIUS HOLDINGS INC,0.01,Consumer Staples
SON,SONOCO PRODUCTS,0.01,Materials
BIO,BIO RAD LABORATORIES INC CLASS A,0.01,Health Care
ST,SENSATA TECHNOLOGIES HOLDING PLC,0.01,Industrials
AN,AUTONATION INC,0.01,Consumer Discretionary
FND,FLOOR DECOR HOLDINGS INC CLASS A,0.01,Consumer Discretionary
BEPC,BROOKFIELD RENEWABLE SUBORDINATE V,0.01,Utilities
MHK,MOHAWK INDUSTRIES INC,0.01,Consumer Discretionary
OLLI,OLLIES BARGAIN OUTLET HOLDINGS INC,0.01,Consumer Discretionary
NXST,NEXSTAR MEDIA GROUP INC,0.01,Communication
AVTR,AVANTOR INC,0.01,Health Care
FCN,FTI CONSULTING INC,0.01,Industrials
CZR,CAESARS ENTERTAINMENT INC,0.01,Consumer Discretionary
CLF,CLEVELAND CLIFFS INC,0.01,Materials
WTM,WHITE MOUNTAINS INSURANCE GROUP LT,0.01,Financials
AS,AMER SPORTS INC,0.01,Consumer Discretionary
BSY,BENTLEY SYSTEMS INC CLASS B,0.01,Information Technology
VNT,VONTIER CORP,0.01,Information Technology
CHE,CHEMED CORP,0.01,Health Care
WING,WINGSTOP INC,0.01,Consumer Discretionary
RAL,RALLIANT CORP,0.01,Information Technology
MSGS,MADISON SQUARE GARDEN SPORTS CORP,0.01,Communication
OZK,BANK OZK,0.01,Financials
TEM,TEMPUS AI INC CLASS A,0.01,Health Care
PRMB,PRIMO BRANDS CLASS A CORP,0.01,Consumer Staples
CROX,CROCS INC,0.01,Consumer Discretionary
UBFUT,CASH COLLATERAL USD UBFUT,0.01,Cash and/or Derivatives
M,MACYS INC,0.01,Consumer Discretionary
GNTX,GENTEX CORP,0.01,Consumer Discretionary
RITM,RITHM CAPITAL CORP,0.01,Financials
DVA,DAVITA INC,0.01,Health Care
VNO,VORNADO REALTY TRUST REIT,0.01,Real Estate
BC,BRUNSWICK CORP,0.01,Consumer Discretionary
ALK,ALASKA AIR GROUP INC,0.01,Industrials
BYD,BOYD GAMING CORP,0.01,Consumer Discretionary
EXLS,EXLSERVICE HOLDINGS INC,0.01,Industrials
RLI,RLI CORP,0.01,Financials
FBIN,FORTUNE BRANDS INNOVATIONS INC,0.01,Industrials
POST,POST HOLDINGS INC,0.01,Consumer Staples
ALGM,ALLEGRO MICROSYSTEMS INC,0.01,Information Technology
LPX,LOUISIANA PACIFIC CORP,0.01,Materials
UHALB,U HAUL NON VOTING SERIES N,0.01,Industrials
TNL,TRAVEL LEISURE,0.01,Consumer Discretionary
MAT,MATTEL INC,0.01,Consumer Discretionary
LOPE,GRAND CANYON EDUCATION INC,0.01,Consumer Discretionary
SIRI,SIRIUSXM HOLDINGS INC,0.01,Communication
BFAM,BRIGHT HORIZONS FAMILY SOLUTIONS I,0.01,Consumer Discretionary
SLM,SLM CORP,0.01,Financials
KBR,KBR INC,0.01,Industrials
MRP,MILLROSE PROPERTIES INC CLASS A,0.01,Real Estate
MTN,VAIL RESORTS INC,0.01,Consumer Discretionary
TREX,TREX INC,0.01,Industrials
SAIC,SCIENCE APPLICATIONS INTERNATIONAL,0.01,Industrials
NVST,ENVISTA HOLDINGS CORP,0.01,Health Care
UI,UBIQUITI INC,0.01,Information Technology
MDU,MDU RESOURCES GROUP INC,0.01,Utilities
LAZ,LAZARD INC,0.01,Financials
VVV,VALVOLINE INC,0.01,Consumer Discretionary
DBX,DROPBOX INC CLASS A,0.01,Information Technology
PVH,PVH CORP,0.01,Consumer Discretionary
LLYVK,LIBERTY LIVE HOLDINGS INC SERIES C,0.01,Consumer Discretionary
PCTY,PAYLOCITY HOLDING CORP,0.01,Industrials
OLED,UNIVERSAL DISPLAY CORP,0.01,Information Technology
CORT,CORCEPT THERAPEUTICS INC,0.01,Health Care
MORN,MORNINGSTAR INC,0.01,Financials
HLNE,HAMILTON LANE INC CLASS A,0.01,Financials
BFB,BROWN FORMAN CORP CLASS B,0.01,Consumer Staples
ENPH,ENPHASE ENERGY INC,0.01,Information Technology
VIRT,VIRTU FINANCIAL INC CLASS A,0.01,Financials
AMTM,AMENTUM HOLDINGS INC,0.01,Industrials
KRMN,KARMAN HOLDINGS INC,0.01,Industrials
HRB,H&R BLOCK INC,0.01,Consumer Discretionary
MSM,MSC INDUSTRIAL INC CLASS A,0.01,Industrials
APLS,APELLIS PHARMACEUTICALS INC,0.01,Health Care
THO,THOR INDUSTRIES INC,0.01,Consumer Discretionary
BBWI,BATH AND BODY WORKS INC,0.01,Consumer Discretionary
S,SENTINELONE INC CLASS A,0.01,Information Technology
ESTC,ELASTIC NV,0.01,Information Technology
EPR,EPR PROPERTIES REIT,0.01,Real Estate
PATH,UIPATH INC CLASS A,0.01,Information Technology
BRKR,BRUKER CORP,0.01,Health Care
CPB,CAMPBELL SOUP,0.01,Consumer Staples
SHC,SOTERA HEALTH COMPANY,0.01,Health Care
DLB,DOLBY LABORATORIES INC CLASS A,0.01,Information Technology
CUZ,COUSINS PROPERTIES REIT INC,0.01,Real Estate
IRDM,IRIDIUM COMMUNICATIONS INC,0.01,Communication
AGO,ASSURED GUARANTY LTD,0.01,Financials
RYAN,RYAN SPECIALTY HOLDINGS INC CLASS,0.01,Financials
NWS,NEWS CORP CLASS B,0.01,Communication
DUOL,DUOLINGO INC CLASS A,0.01,Consumer Discretionary
PEGA,PEGASYSTEMS INC,0.01,Information Technology
NEU,NEWMARKET CORP,0.01,Materials
ADT,ADT INC,0.01,Consumer Discretionary
VKTX,VIKING THERAPEUTICS INC,0.01,Health Care
WLK,WESTLAKE CORP,0.01,Materials
COLD,AMERICOLD REALTY INC TRUST,0.01,Real Estate
BHF,BRIGHTHOUSE FINANCIAL INC,0.01,Financials
SLGN,SILGAN HOLDINGS INC,0.01,Materials
KRC,KILROY REALTY REIT CORP,0.01,Real Estate
WSC,WILLSCOT HOLDINGS CORP CLASS A,0.01,Industrials
ELF,ELF BEAUTY INC,0.01,Consumer Staples
YETI,YETI HOLDINGS INC,0.01,Consumer Discretionary
RNG,RINGCENTRAL INC CLASS A,0.01,Information Technology
APPF,APPFOLIO INC CLASS A,0.01,Information Technology
FHB,FIRST HAWAIIAN INC,0.01,Financials
CCC,CCC INTELLIGENT SOLUTIONS HOLDINGS,0.01,Information Technology
DRS,LEONARDO DRS INC,0.01,Industrials
KD,KYNDRYL HOLDINGS INC,0.01,Information Technology
FOUR,SHIFT4 PAYMENTS INC CLASS A,0.01,Financials
JHX,JAMES HARDIE INDUSTRIES PLC,0.01,Materials
CWEN,CLEARWAY ENERGY INC CLASS C,0.00,Utilities
IAC,IAC INC,0.00,Communication
FRPT,FRESHPET INC,0.00,Consumer Staples
DOCS,DOXIMITY INC CLASS A,0.00,Health Care
BOKF,BOK FINANCIAL CORP,0.00,Financials
BILL,BILL HOLDINGS INC,0.00,Information Technology
IPGP,IPG PHOTONICS CORP,0.00,Information Technology
CHH,CHOICE HOTELS INTERNATIONAL INC,0.00,Consumer Discretionary
WHR,WHIRLPOOL CORP,0.00,Consumer Discretionary
HAYW,HAYWARD HOLDINGS INC,0.00,Industrials
OLN,OLIN CORP,0.00,Materials
NSA,NATIONAL STORAGE AFFILIATES TRUST,0.00,Real Estate
PSN,PARSONS CORP,0.00,Industrials
SMMT,SUMMIT THERAPEUTICS INC,0.00,Health Care
QS,QUANTUMSCAPE CORP CLASS A,0.00,Consumer Discretionary
GPK,GRAPHIC PACKAGING HOLDING,0.00,Materials
SMG,SCOTTS MIRACLE GRO,0.00,Materials
EEFT,EURONET WORLDWIDE INC,0.00,Financials
LOAR,LOAR HOLDINGS INC,0.00,Industrials
PAG,PENSKE AUTOMOTIVE GROUP VOTING INC,0.00,Consumer Discretionary
FRHC,FREEDOM HOLDING CORP,0.00,Financials
RHI,ROBERT HALF,0.00,Industrials
GTLB,GITLAB INC CLASS A,0.00,Information Technology
TDC,TERADATA CORP,0.00,Information Technology
HOG,HARLEY DAVIDSON INC,0.00,Consumer Discretionary
LINE,LINEAGE INC,0.00,Real Estate
ASH,ASHLAND INC,0.00,Materials
WU,WESTERN UNION,0.00,Financials
MPT,MEDICAL PROPERTIES TRUST REIT INC,0.00,Real Estate
OGN,ORGANON,0.00,Health Care
HIW,HIGHWOODS PROPERTIES REIT INC,0.00,Real Estate
VGNT,VERSIGENT PLC,0.00,Consumer Discretionary
XRAY,DENTSPLY SIRONA INC,0.00,Health Care
PENN,PENN ENTERTAINMENT INC,0.00,Consumer Discretionary
ACHC,ACADIA HEALTHCARE COMPANY INC,0.00,Health Care
CACC,CREDIT ACCEPTANCE CORP,0.00,Financials
PK,PARK HOTELS RESORTS INC,0.00,Real Estate
DXC,DXC TECHNOLOGY,0.00,Information Technology
CXT,CRANE NXT,0.00,Information Technology
HUN,HUNTSMAN CORP,0.00,Materials
ZG,ZILLOW GROUP INC CLASS A,0.00,Real Estate
HHH,HOWARD HUGHES HOLDINGS INC,0.00,Real Estate
RARE,ULTRAGENYX PHARMACEUTICAL INC,0.00,Health Care
FMC,FMC CORP,0.00,Materials
BRBR,BELLRING BRANDS INC,0.00,Consumer Staples
BIRK,BIRKENSTOCK HOLDING PLC,0.00,Consumer Discretionary
GLOB,GLOBANT SA,0.00,Information Technology
LBTYA,LIBERTY GLOBAL LTD CLASS A,0.00,Communication
FWONA,LIBERTY MEDIA FORMULA ONE SERIES A,0.00,Communication
KMPR,KEMPER CORP,0.00,Financials
RH,RH,0.00,Consumer Discretionary
SRPT,SAREPTA THERAPEUTICS INC,0.00,Health Care
NCNO,NCINO INC,0.00,Information Technology
CAI,CARIS LIFE SCIENCES INC,0.00,Health Care
SAM,BOSTON BEER INC CLASS A,0.00,Consumer Staples
DDS,DILLARDS INC CLASS A,0.00,Consumer Discretionary
LLYVA,LIBERTY LIVE HOLDINGS INC SERIES A,0.00,Consumer Discretionary
NWL,NEWELL BRANDS INC,0.00,Consumer Discretionary
GTM,ZOOMINFO TECHNOLOGIES INC,0.00,Communication
INSP,INSPIRE MEDICAL SYSTEMS INC,0.00,Health Care
LBTYK,LIBERTY GLOBAL LTD CLASS C,0.00,Communication
DJT,TRUMP MEDIA TECHNOLOGY GROUP CORP,0.00,Communication
PRGO,PERRIGO PLC,0.00,Health Care
SEB,SEABOARD CORP,0.00,Consumer Staples
FLO,FLOWERS FOODS INC,0.00,Consumer Staples
COLM,COLUMBIA SPORTSWEAR,0.00,Consumer Discretionary
DV,DOUBLEVERIFY HOLDINGS INC,0.00,Communication
BFA,BROWN FORMAN CORP CLASS A,0.00,Consumer Staples
MAN,MANPOWER INC,0.00,Industrials
BLSH,BULLISH,0.00,Financials
SNDR,SCHNEIDER NATIONAL INC CLASS B,0.00,Industrials
CNXC,CONCENTRIX CORP,0.00,Industrials
CWENA,CLEARWAY ENERGY INC CLASS A,0.00,Utilities
PPC,PILGRIMS PRIDE CORP,0.00,Consumer Staples
SFD,SMITHFIELD FOODS INC,0.00,Consumer Staples
FIGR,FIGURE TECHNOLOGY SOLUTIONS INC CL,0.00,Financials
UAA,UNDER ARMOUR INC CLASS A,0.00,Consumer Discretionary
UA,UNDER ARMOUR INC CLASS C,0.00,Consumer Discretionary
WEN,WENDYS,0.00,Consumer Discretionary
REYN,REYNOLDS CONSUMER PRODUCTS INC,0.00,Consumer Staples
CNA,CNA FINANCIAL CORP,0.00,Financials
GLIBK,GCI LIBERTY INC SERIES C,0.00,Communication
CLVT,CLARIVATE PLC,0.00,Industrials
COTY,COTY INC CLASS A,0.00,Consumer Staples
LBRDA,LIBERTY BROADBAND CORP SERIES A,0.00,Communication
LCID,LUCID GROUP INC,0.00,Consumer Discretionary
TFSL,TFS FINANCIAL CORP,0.00,Financials
LENB,LENNAR CORP CLASS B,0.00,Consumer Discretionary
CERT,CERTARA INC,0.00,Health Care
SAIL,SAILPOINT INC,0.00,Information Technology
UWMC,UWM HOLDINGS CORP CLASS A,0.00,Financials
NIQ,NIQ GLOBAL INTELLIGENCE PLC,0.00,Communication
INGM,INGRAM MICRO HOLDING CORP,0.00,Information Technology
CBC,CENTRAL BANCOMPANY INC CLASS A,0.00,Financials
UHAL,U HAUL HOLDING,0.00,Industrials
FRMI,FERMI INC,0.00,Real Estate
GLIBA,GCI LIBERTY INC SERIES A,0.00,Communication
FAM6,S&P MID 400 EMINI JUN 26,0.00,Cash and/or Derivatives
ESM6,S&P500 EMINI JUN 26,0.00,Cash and/or Derivatives
"The content contained herein is owned or licensed by BlackRock and/or its third-party information providers and is protected by applicable copyrights, trademarks, service marks, and/or other intellectual property rights. Such content is solely for your personal, non-commercial use. Accordingly, you may not copy, distribute, modify, post, frame or deep link this content. You may download material displayed on this Website for your personal use provided you also retain all copyright and other proprietary notices contained on the materials. Modification or use of the materials for any other purpose violates BlackRock's intellectual property rights.Holdings subject to change. See www.iShares.com for the most recent funds holdings.The values for “price” shown herein generally represent a price provided by a third-party pricing vendor for the portfolio holding and do not reflect the impact of systematic fair valuation (“the vendor price”). The vendor price is not necessarily the price at which the Fund values the portfolio holding for the purposes of determining its net asset value (the “valuation price”). Additionally, where applicable, foreign currency exchange rates with respect to the portfolio holdings denominated in non-U.S. currencies for the valuation price will be generally determined as of the close of business on the New York Stock Exchange, whereas for the vendor price will be generally determined as of 4 p.m. London. The values shown herein for “market value,” “weight,” and “notional value” (the “calculated values”) are based off of the vendor price and may have been different if the valuation price were to have been used to calculate such values. The vendor price is as of the most recent practicable date and may not necessarily be as of the date shown above.Please see the “Determination of Net Asset Value” section of each Fund’s prospectus for additional information on the Fund’s valuation policies and procedures.CAREFULLY CONSIDER THE FUNDS' INVESTMENT OBJECTIVES, RISK FACTORS, AND CHARGES AND EXPENSES BEFORE INVESTING. THIS AND OTHER INFORMATION CAN BE FOUND IN THE FUNDS' PROSPECTUSES OR, IF AVAILABLE, THE SUMMARY PROSPECTUSES WHICH MAY BE OBTAINED BY VISITING WWW.ISHARES.COM OR WWW.BLACKROCK.COM. READ THE PROSPECTUS CAREFULLY BEFORE INVESTING. INVESTING INVOLVES RISK, INCLUDING POSSIBLE LOSS OF PRINCIPAL.This information should not be relied upon as research, investment advice, or a recommendation regarding any products, strategies, or any security in particular.This material is strictly for illustrative, educational, or informational purposes and is subject to change.The Funds are distributed by BlackRock Investments, LLC (together with its affiliates, “BlackRock”).The iShares Funds are not sponsored, endorsed, issued, sold or promoted by Bloomberg, BlackRock Index Services, LLC, Cboe Global Indices, LLC, Cohen & Steers, European Public Real Estate Association (“EPRA® ”), FTSE International Limited (“FTSE”), ICE Data Indices, LLC, NSE Indices Ltd, JPMorgan, JPX Group, London Stock Exchange Group (“LSEG”), MSCI Inc., Markit Indices Limited, Morningstar, Inc., Nasdaq, Inc., National Association of Real Estate Investment Trusts (“NAREIT”), Nikkei, Inc., Russell, S&P Dow Jones Indices LLC or STOXX Ltd. None of these companies make any representation regarding the advisability of investing in the Funds. With the exception of BlackRock Index Services, LLC, who is an affiliate, BlackRock Investments, LLC is not affiliated with the companies listed above. Neither FTSE, LSEG, nor NAREIT makes any warranty regarding the FTSE Nareit Equity REITS Index, FTSE Nareit All Residential Capped Index or FTSE Nareit All Mortgage Capped Index. Neither FTSE, EPRA, LSEG, nor NAREIT makes any warranty regarding the FTSE EPRA Nareit Developed ex-U.S. Index, FTSE EPRA Nareit Developed Green Target Index or FTSE EPRA Nareit Global REITs Index. “FTSE®” is a trademark of London Stock Exchange Group companies and is used by FTSE under license.©2023 BlackRock, Inc or its affiliates. All rights reserved. iSHARES, iBONDS and BLACKROCK are trademarks of BlackRock, Inc. or its affiliates. All other trademarks are those of their respective owners.",,,
