ticker,bull_1h,bear_1h,bp_1h,sp_1h,cdb_1h,cds_1h,bull_4h,bear_4h,bp_4h,sp_4h,cdb_4h,cds_4h,bull_1d,bear_1d,bp_1d,sp_1d,cdb_1d,cds_1d,bull_1w,bear_1w,bp_1w,sp_1w,cdb_1w,cds_1w,bull_1M,bear_1M,bp_1M,sp_1M,cdb_1M,cds_1M,buy_setup_prop,sell_setup_prop,buy_perfect_prop,sell_perfect_prop,net_setup,net_perfect,cd_buy_sum,cd_sell_sum,tfs_with_data,mr_buy_score,mr_sell_score
ALROC.PA,5,0,False,False,6,0,7,0,False,False,13,0,2,0,False,False,3,0,2,0,False,False,13,0,0,8,False,True,8,0,35.56,17.78,0.0,20.0,17.78,-20.0,43,0,5,18.83,-18.83
4307.T,7,0,False,False,13,0,2,0,False,False,10,0,1,0,False,False,1,0,1,0,False,False,0,13,1,0,False,False,0,2,26.67,0.0,0.0,0.0,26.67,0.0,24,15,5,-11.5,11.5
CIADY,7,0,False,False,0,0,7,0,False,False,0,0,4,0,False,False,13,0,5,0,False,False,0,5,1,0,False,False,13,0,53.33,0.0,0.0,0.0,53.33,0.0,26,5,5,-21.5,21.5
PFGC,3,0,False,False,0,8,1,0,False,False,0,3,2,0,False,False,0,7,0,11,False,False,0,2,0,3,False,False,0,0,13.33,26.67,0.0,0.0,-13.33,0.0,0,20,5,-2.0,2.0
W9C.SG,1,0,False,False,13,0,0,3,False,False,10,0,6,0,False,False,13,0,1,0,False,False,0,1,0,2,False,False,0,0,17.78,11.11,0.0,0.0,6.67,0.0,36,1,5,13.5,-13.5
AMKBF,0,3,False,False,0,0,0,2,False,False,0,0,4,0,False,False,0,5,0,5,False,False,13,0,0,7,False,False,0,4,8.89,37.78,0.0,0.0,-28.89,0.0,13,9,5,19.33,-19.33
GTE.TO,1,0,False,False,13,0,9,0,False,False,0,0,4,0,False,False,7,0,5,0,False,False,0,7,0,8,False,False,1,0,42.22,17.78,0.0,0.0,24.44,0.0,21,7,5,-7.66,7.66
REPA.SG,1,0,False,False,13,0,0,4,False,False,9,0,6,0,False,False,0,13,1,0,False,False,0,4,0,14,False,False,0,3,17.78,28.89,0.0,0.0,-11.11,0.0,22,20,5,7.67,-7.67
IPS.PA,0,1,False,False,0,13,0,2,False,False,0,13,2,0,False,False,0,9,0,10,False,False,0,0,0,5,False,False,1,0,4.44,37.78,0.0,0.0,-33.33,0.0,1,35,5,3.0,-3.0
0709.HK,0,0,False,False,0,0,2,0,False,False,9,0,1,0,False,False,13,0,3,0,False,False,13,0,1,0,False,False,9,0,15.56,0.0,0.0,0.0,15.56,0.0,44,0,5,12.66,-12.66
QHH.F,0,30,False,False,0,13,0,30,False,False,0,13,0,11,False,False,0,3,0,6,False,False,0,9,0,7,False,False,0,13,0.0,88.89,0.0,0.0,-88.89,0.0,0,51,5,27.83,-27.83
SOFT.BR,0,0,False,False,0,13,0,0,False,False,0,13,0,0,False,False,13,0,0,7,False,False,13,0,0,4,False,False,11,0,0.0,24.44,0.0,0.0,-24.44,0.0,37,26,5,20.16,-20.16
4008.T,0,1,False,False,11,0,0,1,False,False,0,13,1,0,False,False,0,13,0,5,False,False,0,0,1,0,False,False,0,1,4.44,15.56,0.0,0.0,-11.11,0.0,11,27,5,-1.33,1.33
GDDY,0,2,False,False,0,0,4,0,False,False,3,0,0,2,False,False,1,0,4,0,False,False,7,0,12,0,False,False,2,0,37.78,8.89,0.0,0.0,28.89,0.0,13,0,5,-10.83,10.83
EVH,0,1,False,False,0,6,3,0,False,False,0,13,1,0,False,False,0,13,0,10,False,False,0,2,0,2,False,False,0,0,8.89,26.67,0.0,0.0,-17.78,0.0,0,34,5,-6.33,6.33
3329.HK,2,0,False,False,13,0,4,0,False,False,0,4,1,0,False,False,0,12,2,0,False,False,13,0,0,3,False,False,13,0,20.0,6.67,0.0,0.0,13.33,0.0,39,16,5,3.5,-3.5
4206.T,3,0,False,False,0,4,0,16,False,False,0,5,0,8,False,True,13,0,0,3,False,False,0,13,3,0,False,False,4,0,13.33,44.44,0.0,20.0,-31.11,-20.0,17,22,5,24.17,-24.17
CSU.TO,1,0,False,False,0,4,5,0,False,False,0,13,6,0,False,False,13,0,0,5,False,False,0,13,0,2,False,False,0,0,26.67,15.56,0.0,0.0,11.11,0.0,13,30,5,-15.17,15.17
3561.T,0,5,False,False,0,0,4,0,False,False,0,7,2,0,False,False,0,0,0,4,False,False,0,8,1,0,False,False,0,2,15.56,20.0,0.0,0.0,-4.44,0.0,0,17,5,-5.84,5.84
0245.HK,0,0,False,False,0,8,0,8,False,False,0,0,0,4,False,False,13,0,0,1,False,False,0,11,0,1,False,False,13,0,0.0,31.11,0.0,0.0,-31.11,0.0,26,19,5,22.17,-22.17
SPEL.PA,2,0,False,False,0,0,2,0,False,False,0,0,3,0,False,False,13,0,3,0,False,False,0,13,1,0,False,False,0,3,24.44,0.0,0.0,0.0,24.44,0.0,13,16,5,-16.16,16.16
YAR.OL,1,0,False,False,3,0,10,0,False,False,0,0,5,0,False,False,0,13,5,0,False,False,0,10,1,0,False,False,7,0,46.67,0.0,0.0,0.0,46.67,0.0,10,23,5,-34.5,34.5
RYCEY,0,6,False,False,0,12,0,1,False,False,0,1,0,6,False,False,0,13,0,2,False,False,0,13,0,7,False,False,0,13,0.0,48.89,0.0,0.0,-48.89,0.0,0,52,5,3.33,-3.33
BCE.TO,2,0,False,False,11,0,12,0,False,False,2,0,5,0,False,False,11,0,1,0,False,False,0,5,3,0,False,False,1,0,44.44,0.0,0.0,0.0,44.44,0.0,25,5,5,-16.66,16.66
SIX2.HM,2,0,False,False,0,7,2,0,False,False,0,7,1,0,False,False,13,0,0,5,False,False,4,0,0,2,False,False,13,0,11.11,15.56,0.0,0.0,-4.44,0.0,30,14,5,10.66,-10.66
STRRP,0,4,False,False,0,0,1,0,False,False,4,0,0,1,False,False,0,13,5,0,False,False,0,3,1,0,False,False,0,0,15.56,11.11,0.0,0.0,4.44,0.0,4,16,5,-8.66,8.66
7607.T,2,0,False,False,13,0,0,12,False,False,0,2,0,6,False,False,0,11,0,2,False,False,0,13,4,0,False,False,0,3,13.33,37.78,0.0,0.0,-24.44,0.0,13,29,5,6.66,-6.66
ADDDF,0,3,False,False,0,3,0,3,False,False,0,0,0,1,False,False,13,0,0,10,False,False,0,0,0,2,False,False,3,0,0.0,40.0,0.0,0.0,-40.0,0.0,16,3,5,30.5,-30.5
SIX2.F,0,3,False,False,13,0,0,1,False,False,13,0,2,0,False,False,0,4,0,5,False,False,5,0,0,2,False,False,13,0,4.44,24.44,0.0,0.0,-20.0,0.0,44,4,5,32.0,-32.0
3041.T,1,0,False,False,13,0,1,0,False,False,6,0,1,0,False,False,3,0,3,0,False,False,0,7,0,6,False,False,5,0,13.33,13.33,0.0,0.0,0.0,0.0,27,7,5,10.0,-10.0
GBT.TO,9,0,True,False,1,0,6,0,False,False,0,0,5,0,False,False,13,0,3,0,False,False,0,13,1,0,False,False,0,0,53.33,0.0,20.0,0.0,53.33,20.0,14,13,5,-39.5,39.5
SUMA.F,0,1,False,False,8,0,0,1,False,False,6,0,1,0,False,False,1,0,3,0,False,False,0,11,1,0,False,False,0,8,11.11,4.44,0.0,0.0,6.67,0.0,15,19,5,-6.0,6.0
1938.T,8,0,False,False,13,0,0,1,False,False,13,0,1,0,False,False,0,7,0,1,False,False,0,13,1,0,False,False,0,7,22.22,4.44,0.0,0.0,17.78,0.0,26,27,5,-11.17,11.17
ZIL2.DE,0,10,False,False,0,2,0,3,False,False,0,13,0,1,False,False,0,2,2,0,False,False,0,1,0,5,False,False,8,0,4.44,40.0,0.0,0.0,-35.56,0.0,8,18,5,16.34,-16.34
EHC,0,1,False,False,13,0,12,0,False,False,3,0,4,0,False,False,13,0,4,0,False,False,6,0,1,0,False,False,0,7,40.0,2.22,0.0,0.0,37.78,0.0,35,7,5,-8.67,8.67
4506.TWO,1,0,False,False,0,13,0,2,False,False,13,0,0,5,False,False,0,13,3,0,False,False,9,0,0,2,False,False,0,3,8.89,20.0,0.0,0.0,-11.11,0.0,22,29,5,3.17,-3.17
3550.T,0,0,False,False,13,0,1,0,False,False,0,13,1,0,False,False,0,13,7,0,False,False,0,5,2,0,False,False,0,4,24.44,0.0,0.0,0.0,24.44,0.0,13,35,5,-25.66,25.66
NAH.L,0,0,False,False,12,0,0,0,False,False,10,0,0,0,False,False,0,10,2,0,False,False,1,0,0,1,False,False,4,0,4.44,2.22,0.0,0.0,2.22,0.0,27,10,5,7.17,-7.17
8234.TWO,2,0,False,False,2,0,0,1,False,False,7,0,1,0,False,False,2,0,3,0,False,False,3,0,9,0,False,False,0,0,33.33,2.22,0.0,0.0,31.11,0.0,14,0,5,-11.67,11.67
DGE.L,0,2,False,False,0,2,0,5,False,False,9,0,0,2,False,False,0,13,3,0,False,False,8,0,18,0,False,False,6,0,26.67,20.0,0.0,0.0,6.67,0.0,23,15,5,-0.0,0.0
AZZ,0,7,False,False,0,12,0,3,False,False,0,5,0,11,False,False,0,1,0,2,False,False,0,13,0,6,False,False,0,12,0.0,60.0,0.0,0.0,-60.0,0.0,0,43,5,14.5,-14.5
065690.KQ,1,0,False,False,4,0,2,0,False,False,11,0,1,0,False,False,3,0,4,0,False,False,13,0,2,0,False,False,11,0,22.22,0.0,0.0,0.0,22.22,0.0,42,0,5,7.67,-7.67
SONY,0,3,False,False,13,0,3,0,False,False,9,0,10,0,False,False,1,0,2,0,False,False,9,0,7,0,False,False,0,5,46.67,6.67,0.0,0.0,40.0,0.0,32,5,5,-10.5,10.5
9308.T,3,0,False,False,0,9,0,4,False,False,13,0,5,0,False,False,0,13,2,0,False,False,9,0,1,0,False,False,0,0,24.44,8.89,0.0,0.0,15.56,0.0,22,22,5,-9.34,9.34
NANO.PA,0,4,False,False,0,0,0,0,False,False,13,0,2,0,False,False,2,0,3,0,False,False,0,13,0,14,False,False,0,4,11.11,28.89,0.0,0.0,-17.78,0.0,15,17,5,9.67,-9.67
6091.T,3,0,False,False,0,13,0,14,False,False,0,3,0,6,False,False,13,0,0,2,False,False,0,12,1,0,False,False,0,5,8.89,37.78,0.0,0.0,-28.89,0.0,13,33,5,7.33,-7.33
KLIN.SW,7,0,False,False,13,0,3,0,False,False,0,0,6,0,False,False,0,4,0,3,False,False,8,0,0,1,False,False,6,0,35.56,8.89,0.0,0.0,26.67,0.0,27,4,5,-4.5,4.5
1100.HK,0,1,False,False,0,0,0,3,False,False,0,13,0,3,False,False,0,9,4,0,False,False,7,0,1,0,False,False,9,0,11.11,15.56,0.0,0.0,-4.44,0.0,16,22,5,-0.34,0.34
3066.TWO,0,7,False,False,11,0,0,2,False,False,13,0,0,3,False,False,0,9,0,5,False,False,9,0,0,5,False,False,2,0,0.0,48.89,0.0,0.0,-48.89,0.0,35,9,5,42.33,-42.33
DOX.MI,0,0,False,False,1,0,6,0,False,False,13,0,2,0,False,False,5,0,3,0,False,False,0,0,1,0,False,False,0,1,26.67,0.0,0.0,0.0,26.67,0.0,19,1,5,-7.0,7.0
CRP.NZ,0,2,False,False,7,0,0,2,False,False,5,0,0,3,False,False,13,0,4,0,False,False,13,0,1,0,False,False,0,0,11.11,15.56,0.0,0.0,-4.44,0.0,38,0,5,21.66,-21.66
CWW0.F,0,0,False,False,0,0,0,0,False,False,0,0,0,0,False,False,0,13,7,0,False,False,0,13,1,0,False,False,0,10,17.78,0.0,0.0,0.0,17.78,0.0,0,36,5,-28.67,28.67
8095.T,0,2,False,False,13,0,0,6,False,False,0,6,0,3,False,False,0,13,0,5,False,False,0,10,1,0,False,False,0,10,2.22,35.56,0.0,0.0,-33.33,0.0,13,39,5,7.0,-7.0
AWE.V,0,0,False,False,3,0,0,0,False,False,2,0,0,0,False,False,5,0,2,0,False,False,0,5,0,7,False,False,6,0,4.44,15.56,0.0,0.0,-11.11,0.0,16,5,5,12.17,-12.17
NB2.DE,0,1,False,False,0,6,2,0,False,False,13,0,0,4,False,False,1,0,3,0,False,False,3,0,1,0,False,False,4,0,13.33,11.11,0.0,0.0,2.22,0.0,21,6,5,6.17,-6.17
ORON.SW,0,4,False,False,7,0,0,8,False,True,0,11,0,7,False,False,0,0,0,2,False,False,13,0,0,2,False,False,13,0,0.0,51.11,0.0,20.0,-51.11,-20.0,33,11,5,49.67,-49.67
3929.T,6,0,False,False,13,0,2,0,False,False,11,0,4,0,False,False,9,0,4,0,False,False,0,9,1,0,False,False,0,2,37.78,0.0,0.0,0.0,37.78,0.0,33,11,5,-11.67,11.67
RSH.F,4,0,False,False,0,13,4,0,False,False,0,13,3,0,False,False,13,0,0,9,False,False,0,0,10,0,False,False,0,0,44.44,20.0,0.0,0.0,24.44,0.0,13,26,5,-21.16,21.16
4165.T,0,3,False,False,12,0,22,0,False,False,11,0,10,0,False,False,1,0,2,0,False,False,13,0,11,0,False,False,1,0,64.44,6.67,0.0,0.0,57.78,0.0,38,0,5,-15.67,15.67
MIKN.SW,1,0,False,False,0,13,0,3,False,False,13,0,6,0,False,False,0,3,0,4,False,False,13,0,6,0,False,False,0,1,28.89,15.56,0.0,0.0,13.33,0.0,26,17,5,-3.5,3.5
ZIL2.SG,1,0,False,False,13,0,0,5,False,False,0,8,0,1,False,False,0,2,2,0,False,False,0,1,0,5,False,False,9,0,6.67,24.44,0.0,0.0,-17.78,0.0,22,11,5,16.17,-16.17
AJ91.F,3,0,False,False,13,0,3,0,False,False,13,0,6,0,False,False,0,9,4,0,False,False,0,13,2,0,False,False,0,5,40.0,0.0,0.0,0.0,40.0,0.0,26,27,5,-24.5,24.5
EVO.ST,7,0,False,False,11,0,9,0,False,False,0,0,3,0,False,False,0,13,1,0,False,False,0,4,0,3,False,False,9,0,44.44,6.67,0.0,0.0,37.78,0.0,20,17,5,-21.17,21.17
0058.HK,2,0,False,False,6,0,2,0,False,False,0,10,0,2,False,False,9,0,4,0,False,False,13,0,0,8,False,False,13,0,17.78,22.22,0.0,0.0,-4.44,0.0,41,10,5,18.16,-18.16
DNQA.SG,0,11,False,False,0,3,0,4,False,False,10,0,7,0,False,False,13,0,2,0,False,False,0,6,0,6,False,False,0,12,20.0,42.22,0.0,0.0,-22.22,0.0,23,21,5,14.33,-14.33
3841.T,5,0,False,False,7,0,5,0,False,False,5,0,1,0,False,False,13,0,3,0,False,False,13,0,8,0,False,False,0,6,48.89,0.0,0.0,0.0,48.89,0.0,38,6,5,-13.33,13.33
PKG,3,0,False,False,0,13,1,0,False,False,0,12,0,6,False,False,0,5,0,2,False,False,0,8,2,0,False,False,0,11,13.33,17.78,0.0,0.0,-4.44,0.0,0,49,5,-21.84,21.84
7552.T,0,4,False,False,13,0,2,0,False,False,0,0,0,5,False,False,7,0,0,5,False,False,0,0,1,0,False,False,0,13,6.67,31.11,0.0,0.0,-24.44,0.0,20,13,5,18.16,-18.16
6894.T,3,0,False,False,0,6,1,0,False,False,5,0,0,5,False,False,5,0,3,0,False,False,3,0,2,0,False,False,0,0,20.0,11.11,0.0,0.0,8.89,0.0,13,6,5,-1.83,1.83
4475.T,0,2,False,False,13,0,6,0,False,False,8,0,11,0,False,False,1,0,2,0,False,False,9,0,0,1,False,False,0,4,37.78,6.67,0.0,0.0,31.11,0.0,31,4,5,-5.17,5.17
TRATF,0,0,False,False,0,0,0,0,False,False,0,0,3,0,False,False,13,0,0,5,False,False,0,13,1,0,False,False,0,13,8.89,11.11,0.0,0.0,-2.22,0.0,13,26,3,-5.17,5.17
WOP.F,6,0,False,False,13,0,6,0,False,False,13,0,6,0,False,False,0,13,5,0,False,False,0,4,0,6,False,False,10,0,51.11,13.33,0.0,0.0,37.78,0.0,36,17,5,-13.17,13.17
0M09.L,0,7,False,False,0,0,0,5,False,False,0,0,0,3,False,False,13,0,0,4,False,False,13,0,0,1,False,False,1,0,0.0,44.44,0.0,0.0,-44.44,0.0,27,0,5,40.16,-40.16
0771.HK,1,0,False,False,0,13,0,0,False,False,13,0,0,0,False,False,0,13,4,0,False,False,0,0,2,0,False,False,13,0,15.56,0.0,0.0,0.0,15.56,0.0,26,26,5,-9.34,9.34
8057.T,0,3,False,False,8,0,0,1,False,False,7,0,4,0,False,False,13,0,3,0,False,False,0,10,4,0,False,False,0,1,24.44,8.89,0.0,0.0,15.56,0.0,28,11,5,-0.84,0.84
TA.TO,2,0,False,False,13,0,0,14,False,False,0,4,0,7,False,False,0,12,0,6,False,False,7,0,0,2,False,False,0,8,4.44,53.33,0.0,0.0,-48.89,0.0,20,24,5,27.33,-27.33
SY1.DE,0,3,False,False,0,13,0,9,False,True,0,0,0,3,False,False,0,8,0,5,False,False,4,0,0,5,False,False,0,0,0.0,55.56,0.0,20.0,-55.56,-20.0,4,21,5,32.84,-32.84
ADYA.V,0,0,False,False,0,0,0,0,False,False,0,0,0,0,False,False,0,13,0,0,False,False,12,0,0,3,False,False,0,3,0.0,6.67,0.0,0.0,-6.67,0.0,12,16,3,2.0,-2.0
COV.V,2,0,False,False,0,13,1,0,False,False,0,0,0,0,False,False,0,1,0,6,False,False,6,0,0,3,False,False,0,4,6.67,20.0,0.0,0.0,-13.33,0.0,6,18,5,2.0,-2.0
7314.T,0,1,False,False,0,13,0,1,False,False,13,0,0,2,False,False,4,0,0,1,False,False,0,13,7,0,False,False,0,5,15.56,11.11,0.0,0.0,4.44,0.0,17,31,5,-9.66,9.66
7914.T,0,1,False,False,5,0,0,5,False,False,13,0,0,2,False,False,10,0,0,5,False,False,0,0,3,0,False,False,0,6,6.67,28.89,0.0,0.0,-22.22,0.0,28,6,5,24.33,-24.33
ARLP,8,0,True,False,13,0,11,0,False,False,2,0,8,0,True,False,13,0,2,0,False,False,0,4,1,0,False,False,0,3,62.22,0.0,40.0,0.0,62.22,40.0,28,7,5,-42.83,42.83
LBLCF,4,0,False,False,0,1,3,0,False,False,6,0,4,0,False,False,13,0,0,3,False,False,0,7,2,0,False,False,0,10,28.89,6.67,0.0,0.0,22.22,0.0,19,18,5,-12.83,12.83
SFCA.PA,1,0,False,False,0,7,1,0,False,False,0,6,0,0,False,False,0,4,0,1,False,False,0,0,0,3,False,False,0,0,4.44,8.89,0.0,0.0,-4.44,0.0,0,17,5,-5.84,5.84
ADS.VI,3,0,False,False,8,0,0,4,False,False,3,0,1,0,False,False,0,11,0,10,False,False,0,2,0,2,False,False,4,0,8.89,33.33,0.0,0.0,-24.44,0.0,15,13,5,15.66,-15.66
DGV.MI,4,0,False,False,0,0,0,0,False,False,0,0,0,0,False,False,13,0,2,0,False,False,5,0,0,3,False,False,7,0,13.33,6.67,0.0,0.0,6.67,0.0,25,0,5,8.5,-8.5
AD.VI,2,0,False,False,4,0,13,0,False,False,4,0,3,0,False,False,5,0,8,0,True,False,13,0,1,0,False,False,0,10,51.11,0.0,20.0,0.0,51.11,20.0,26,10,5,-30.67,30.67
7997.T,3,0,False,False,0,13,0,0,False,False,2,0,0,2,False,False,0,3,1,0,False,False,0,12,0,3,False,False,0,7,8.89,11.11,0.0,0.0,-2.22,0.0,2,35,5,-15.17,15.17
6445.T,8,0,False,False,0,6,3,0,False,False,0,7,0,9,False,False,0,0,0,6,False,False,0,8,1,0,False,False,0,0,26.67,33.33,0.0,0.0,-6.67,0.0,0,21,5,-6.5,6.5
1375.T,0,8,False,True,0,9,0,8,False,True,0,11,0,11,False,False,0,3,0,3,False,False,1,0,0,1,False,False,0,3,0.0,64.44,0.0,40.0,-64.44,-40.0,1,26,5,42.16,-42.16
DXCM,0,1,False,False,13,0,8,0,False,False,0,11,5,0,False,False,13,0,0,5,False,False,0,0,1,0,False,False,0,0,31.11,13.33,0.0,0.0,17.78,0.0,26,11,5,-3.17,3.17
PHX.TO,0,5,False,False,4,0,0,4,False,False,0,4,6,0,False,False,13,0,2,0,False,False,0,4,1,0,False,False,0,5,20.0,20.0,0.0,0.0,0.0,0.0,17,13,5,2.0,-2.0
S19.F,1,0,False,False,0,11,1,0,False,False,0,11,1,0,False,False,0,10,6,0,False,False,0,9,2,0,False,False,0,0,24.44,0.0,0.0,0.0,24.44,0.0,0,41,5,-35.16,35.16
E1QN34.SA,5,0,False,False,11,0,6,0,False,False,13,0,7,0,False,False,13,0,2,0,False,False,0,6,0,6,False,False,0,11,44.44,13.33,0.0,0.0,31.11,0.0,37,17,5,-8.67,8.67
EQT,2,0,False,False,9,0,2,0,False,False,3,0,10,0,False,False,0,0,12,0,False,False,4,0,2,0,False,False,0,3,53.33,0.0,0.0,0.0,53.33,0.0,16,3,5,-25.5,25.5
2340.T,0,0,False,False,0,0,3,0,False,False,13,0,1,0,False,False,4,0,9,0,False,False,0,0,2,0,False,False,0,9,33.33,0.0,0.0,0.0,33.33,0.0,17,9,5,-16.0,16.0
6870.T,0,3,False,False,0,13,2,0,False,False,0,0,0,4,False,False,13,0,0,2,False,False,0,4,0,11,False,False,0,3,4.44,40.0,0.0,0.0,-35.56,0.0,13,20,5,17.84,-17.84
SCANA.OL,1,0,False,False,0,13,0,2,False,False,3,0,0,2,False,False,13,0,3,0,False,False,13,0,1,0,False,False,0,8,11.11,8.89,0.0,0.0,2.22,0.0,29,21,5,2.67,-2.67
4163.TWO,4,0,False,False,0,7,0,2,False,False,4,0,0,3,False,False,13,0,0,1,False,False,0,4,0,5,False,False,0,7,8.89,24.44,0.0,0.0,-15.56,0.0,17,18,5,8.84,-8.84
3489.T,1,0,False,False,0,5,0,10,False,False,0,2,0,6,False,False,7,0,0,2,False,False,3,0,4,0,False,False,0,3,11.11,37.78,0.0,0.0,-26.67,0.0,10,10,5,16.0,-16.0
9656.T,0,0,False,False,13,0,0,5,False,False,0,2,0,2,False,False,0,12,5,0,False,False,3,0,2,0,False,False,0,11,15.56,15.56,0.0,0.0,0.0,0.0,16,25,5,-4.5,4.5
8630.T,6,0,False,False,7,0,0,4,False,False,13,0,0,10,False,False,0,1,0,4,False,False,0,10,0,11,False,False,0,1,13.33,57.78,0.0,0.0,-44.44,0.0,20,12,5,30.66,-30.66
FAST,0,1,False,False,8,0,7,0,False,False,0,8,2,0,False,False,13,0,0,3,False,False,9,0,1,0,False,False,0,13,22.22,8.89,0.0,0.0,13.33,0.0,30,21,5,-3.5,3.5
BYFC,3,0,False,False,0,6,3,0,False,False,9,0,4,0,False,False,0,10,0,1,False,False,9,0,0,6,False,False,4,0,22.22,15.56,0.0,0.0,6.67,0.0,22,16,5,-1.0,1.0
7482.T,1,0,False,False,0,13,0,13,False,False,0,2,0,6,False,False,12,0,0,1,False,False,2,0,3,0,False,False,0,0,8.89,35.56,0.0,0.0,-26.67,0.0,14,15,5,15.5,-15.5
BGF.V,0,1,False,False,0,0,1,0,False,False,0,13,0,0,False,False,13,0,3,0,False,False,0,0,0,1,False,False,13,0,8.89,4.44,0.0,0.0,4.44,0.0,26,13,5,3.84,-3.84
3158.TWO,3,0,False,False,13,0,3,0,False,False,13,0,2,0,False,False,4,0,10,0,False,False,1,0,13,0,False,False,2,0,57.78,0.0,0.0,0.0,57.78,0.0,33,0,5,-18.17,18.17
GRB.V,3,0,False,False,0,0,1,0,False,False,0,13,0,6,False,False,0,13,0,1,False,False,13,0,0,3,False,False,2,0,8.89,22.22,0.0,0.0,-13.33,0.0,15,26,5,2.5,-2.5
UNC.F,0,1,False,False,0,13,0,1,False,False,0,7,4,0,False,False,0,4,0,4,False,False,0,13,0,1,False,False,0,0,8.89,15.56,0.0,0.0,-6.67,0.0,0,37,5,-14.5,14.5
2226.T,2,0,False,False,0,0,0,0,False,False,0,0,0,2,False,False,0,13,0,4,False,False,0,13,0,5,False,False,0,5,4.44,24.44,0.0,0.0,-20.0,0.0,0,31,5,-3.5,3.5
6143.TWO,0,0,False,False,13,0,0,2,False,False,0,10,1,0,False,False,2,0,2,0,False,False,9,0,7,0,False,False,0,0,22.22,4.44,0.0,0.0,17.78,0.0,24,10,5,-3.67,3.67
9930.T,7,0,False,False,0,4,3,0,False,False,0,6,0,0,False,False,8,0,0,2,False,False,0,13,0,1,False,False,0,0,22.22,6.67,0.0,0.0,15.56,0.0,8,23,5,-16.84,16.84
4175.T,0,3,False,False,13,0,4,0,False,False,2,0,10,0,False,False,2,0,1,0,False,False,9,0,0,4,False,False,6,0,31.11,15.56,0.0,0.0,15.56,0.0,32,0,5,6.66,-6.66
B.MI,0,2,False,False,0,0,0,1,False,False,13,0,3,0,False,False,0,5,8,0,True,False,8,0,1,0,False,False,0,1,26.67,6.67,20.0,0.0,20.0,20.0,21,6,5,-12.5,12.5
DT,0,4,False,False,0,13,2,0,False,False,4,0,0,4,False,False,0,10,0,7,False,False,4,0,0,2,False,False,0,12,4.44,37.78,0.0,0.0,-33.33,0.0,8,35,5,6.5,-6.5
9271.T,0,2,False,False,1,0,2,0,False,False,0,13,0,3,False,False,0,4,2,0,False,False,0,13,1,0,False,False,0,0,11.11,11.11,0.0,0.0,0.0,0.0,1,30,5,-14.5,14.5
4995.TWO,0,4,False,False,13,0,0,1,False,False,0,13,1,0,False,False,0,13,1,0,False,False,0,0,0,3,False,False,2,0,4.44,17.78,0.0,0.0,-13.33,0.0,15,26,5,2.5,-2.5
CCEP.MC,0,2,False,False,5,0,1,0,False,False,0,13,2,0,False,False,0,1,0,3,False,False,9,0,1,0,False,False,0,10,8.89,11.11,0.0,0.0,-2.22,0.0,14,24,5,-3.67,3.67
CLE.MI,0,2,False,False,0,0,0,3,False,False,0,0,0,8,False,True,13,0,0,1,False,False,13,0,0,4,False,False,6,0,0.0,40.0,0.0,20.0,-40.0,-20.0,32,0,5,48.0,-48.0
EVVTY,15,0,False,False,5,0,7,0,False,False,0,0,2,0,False,False,0,13,1,0,False,False,2,0,0,3,False,False,8,0,42.22,6.67,0.0,0.0,35.56,0.0,15,13,5,-20.34,20.34
SIX2.SG,1,0,False,False,13,0,0,5,False,False,13,0,2,0,False,False,0,2,0,5,False,False,3,0,0,2,False,False,13,0,6.67,26.67,0.0,0.0,-20.0,0.0,42,2,5,32.0,-32.0
MOTR.L,1,0,False,False,0,13,0,3,False,False,13,0,2,0,False,False,13,0,1,0,False,False,9,0,9,0,False,False,0,0,28.89,6.67,0.0,0.0,22.22,0.0,35,13,5,-2.33,2.33
PBH.AX,0,1,False,False,0,10,0,1,False,False,0,13,0,2,False,False,13,0,0,0,False,False,8,0,0,3,False,False,0,5,0.0,15.56,0.0,0.0,-15.56,0.0,21,28,5,5.84,-5.84
LITH.V,3,0,False,False,13,0,3,0,False,False,8,0,2,0,False,False,0,4,3,0,False,False,0,6,0,6,False,False,0,0,24.44,13.33,0.0,0.0,11.11,0.0,21,10,5,-1.17,1.17
122310.KQ,6,0,False,False,0,7,2,0,False,False,13,0,2,0,False,False,3,0,5,0,False,False,8,0,2,0,False,False,9,0,37.78,0.0,0.0,0.0,37.78,0.0,33,7,5,-9.67,9.67
TGM.AX,0,0,False,False,0,0,4,0,False,False,0,0,0,0,False,False,13,0,0,1,False,False,0,4,1,0,False,False,11,0,11.11,2.22,0.0,0.0,8.89,0.0,24,4,5,4.67,-4.67
COVH.PA,0,1,False,False,13,0,0,0,False,False,13,0,1,0,False,False,13,0,0,4,False,False,0,13,1,0,False,False,0,5,4.44,11.11,0.0,0.0,-6.67,0.0,39,18,5,14.5,-14.5
MBFJF,0,0,False,False,0,0,0,0,False,False,0,0,0,4,False,False,0,13,0,6,False,False,0,13,0,1,False,False,0,5,0.0,24.44,0.0,0.0,-24.44,0.0,0,31,3,-0.84,0.84
2066.TWO,0,15,False,False,0,4,0,11,False,False,0,3,0,15,False,False,0,5,0,6,False,False,13,0,0,2,False,False,8,0,0.0,77.78,0.0,0.0,-77.78,0.0,21,12,5,51.17,-51.17
DR3.F,3,0,False,False,0,0,3,0,False,False,0,0,2,0,False,False,0,13,0,2,False,False,0,12,4,0,False,False,0,13,26.67,4.44,0.0,0.0,22.22,0.0,0,38,5,-32.33,32.33
CRSR,0,1,False,False,0,10,0,2,False,False,9,0,0,1,False,False,0,11,0,11,False,False,0,1,0,3,False,False,6,0,0.0,35.56,0.0,0.0,-35.56,0.0,15,22,5,17.84,-17.84
AAP,2,0,False,False,6,0,1,0,False,False,2,0,2,0,False,False,0,2,0,4,False,False,0,13,0,5,False,False,13,0,11.11,20.0,0.0,0.0,-8.89,0.0,21,15,5,8.33,-8.33
3683.T,0,1,False,False,13,0,0,1,False,False,7,0,0,2,False,False,1,0,2,0,False,False,8,0,7,0,False,False,0,0,20.0,8.89,0.0,0.0,11.11,0.0,29,0,5,7.83,-7.83
1793.T,4,0,False,False,0,3,0,8,False,False,13,0,0,4,False,False,11,0,0,1,False,False,0,10,1,0,False,False,0,2,11.11,28.89,0.0,0.0,-17.78,0.0,24,15,5,15.17,-15.17
ISU.F,0,4,False,False,13,0,0,4,False,False,13,0,0,5,False,False,0,13,0,1,False,False,4,0,4,0,False,False,0,0,8.89,31.11,0.0,0.0,-22.22,0.0,30,13,5,21.83,-21.83
Y35.SI,0,3,False,False,0,0,0,1,False,False,0,0,2,0,False,False,0,13,3,0,False,False,0,10,1,0,False,False,7,0,13.33,8.89,0.0,0.0,4.44,0.0,7,23,5,-10.66,10.66
ALMDG.PA,0,0,False,False,13,0,6,0,False,False,13,0,2,0,False,False,2,0,3,0,False,False,0,1,0,5,False,False,0,0,24.44,11.11,0.0,0.0,13.33,0.0,28,1,5,5.5,-5.5
STAA,0,2,False,False,8,0,0,6,False,False,0,12,0,2,False,False,0,5,2,0,False,False,0,0,0,3,False,False,4,0,4.44,28.89,0.0,0.0,-24.44,0.0,12,17,5,12.16,-12.16
6614.T,0,14,False,False,0,4,0,10,False,False,0,2,0,4,False,False,13,0,2,0,False,False,0,3,1,0,False,False,8,0,6.67,48.89,0.0,0.0,-42.22,0.0,21,9,5,31.33,-31.33
BIX.SI,0,1,False,False,0,0,1,0,False,False,0,13,0,0,False,False,0,13,0,0,False,False,13,0,0,1,False,False,0,4,2.22,4.44,0.0,0.0,-2.22,0.0,13,30,5,-7.17,7.17
ELDN,0,7,False,False,4,0,0,4,False,False,8,0,0,3,False,False,0,4,0,1,False,False,0,4,0,4,False,False,0,7,0.0,42.22,0.0,0.0,-42.22,0.0,12,15,5,23.83,-23.83
4792.T,1,0,False,False,12,0,2,0,False,False,0,0,4,0,False,False,13,0,1,0,False,False,1,0,7,0,False,False,3,0,33.33,0.0,0.0,0.0,33.33,0.0,29,0,5,-5.5,5.5
SXYAY,0,6,False,False,0,9,0,2,False,False,0,13,0,6,False,False,13,0,0,2,False,False,11,0,1,0,False,False,13,0,2.22,35.56,0.0,0.0,-33.33,0.0,37,22,5,27.5,-27.5
SFPI.PA,0,1,False,False,0,12,0,1,False,False,0,6,3,0,False,False,0,7,0,2,False,False,1,0,0,3,False,False,13,0,6.67,15.56,0.0,0.0,-8.89,0.0,14,25,5,-0.17,0.17
DB.V,0,0,False,False,0,13,0,1,False,False,0,0,0,0,False,False,0,13,4,0,False,False,0,2,0,4,False,False,13,0,8.89,11.11,0.0,0.0,-2.22,0.0,13,28,5,-6.17,6.17
CBDG.PA,0,0,False,False,0,0,3,0,False,False,0,0,0,3,False,False,0,13,0,1,False,False,13,0,0,5,False,False,0,11,6.67,20.0,0.0,0.0,-13.33,0.0,13,24,5,2.5,-2.5
RMNI,1,0,False,False,0,13,1,0,False,False,0,4,0,0,False,False,0,2,0,3,False,False,0,13,0,2,False,False,0,3,4.44,11.11,0.0,0.0,-6.67,0.0,0,35,5,-13.5,13.5
PUM.SG,0,1,False,False,13,0,0,1,False,False,0,6,0,1,False,False,0,5,1,0,False,False,0,0,0,8,False,True,0,0,2.22,24.44,0.0,20.0,-22.22,-20.0,13,11,5,22.33,-22.33
2818.T,2,0,False,False,0,13,1,0,False,False,0,0,1,0,False,False,4,0,0,1,False,False,2,0,4,0,False,False,8,0,17.78,2.22,0.0,0.0,15.56,0.0,14,13,5,-8.84,8.84
ADS.DE,0,2,False,False,0,13,1,0,False,False,2,0,1,0,False,False,0,10,0,5,False,False,13,0,0,2,False,False,4,0,4.44,20.0,0.0,0.0,-15.56,0.0,19,23,5,7.34,-7.34
8128.HK,3,0,False,False,0,0,3,0,False,False,0,0,1,0,False,False,13,0,4,0,False,False,13,0,8,0,True,False,0,0,42.22,0.0,20.0,0.0,42.22,20.0,26,0,5,-20.33,20.33
6564.T,10,0,False,False,1,0,2,0,False,False,5,0,1,0,False,False,5,0,4,0,False,False,0,13,1,0,False,False,6,0,37.78,0.0,0.0,0.0,37.78,0.0,17,13,5,-20.67,20.67
6411.TWO,0,0,False,False,0,11,0,3,False,False,0,13,0,5,False,False,0,6,0,10,False,False,0,0,0,3,False,False,1,0,0.0,44.44,0.0,0.0,-44.44,0.0,1,30,5,12.16,-12.16
VLE.TO,1,0,False,False,13,0,1,0,False,False,0,8,4,0,False,False,4,0,5,0,False,False,0,10,0,7,False,False,0,0,24.44,15.56,0.0,0.0,8.89,0.0,17,18,5,-5.83,5.83
3558.TWO,4,0,False,False,5,0,6,0,False,False,0,0,3,0,False,False,13,0,0,7,False,False,0,0,1,0,False,False,4,0,31.11,15.56,0.0,0.0,15.56,0.0,22,0,5,1.66,-1.66
REC.MI,5,0,False,False,13,0,12,0,False,False,3,0,0,1,False,False,0,10,2,0,False,False,0,13,0,3,False,False,6,0,35.56,8.89,0.0,0.0,26.67,0.0,22,23,5,-16.5,16.5
ALARF.PA,2,0,False,False,0,0,3,0,False,False,0,0,0,0,False,False,0,13,0,0,False,False,0,2,0,3,False,False,5,0,11.11,6.67,0.0,0.0,4.44,0.0,5,15,5,-7.66,7.66
KVUE,3,0,False,False,0,5,3,0,False,False,0,3,2,0,False,False,0,13,0,3,False,False,8,0,2,0,False,False,0,0,22.22,6.67,0.0,0.0,15.56,0.0,8,21,5,-15.84,15.84
MAD.AX,0,3,False,False,13,0,1,0,False,False,4,0,0,1,False,False,0,11,2,0,False,False,0,13,1,0,False,False,1,0,8.89,8.89,0.0,0.0,0.0,0.0,18,24,5,-3.0,3.0
ADS.HA,1,0,False,False,0,6,1,0,False,False,0,4,2,0,False,False,0,9,0,10,False,False,0,2,0,2,False,False,3,0,8.89,24.44,0.0,0.0,-15.56,0.0,3,21,5,0.34,-0.34
FOU.BR,0,0,False,False,0,0,0,0,False,False,0,0,0,0,False,False,6,0,5,0,False,False,0,13,1,0,False,False,0,0,13.33,0.0,0.0,0.0,13.33,0.0,6,13,5,-11.5,11.5
CNSWF,0,3,False,False,10,0,10,0,False,False,2,0,5,0,False,False,13,0,1,0,False,False,0,13,0,2,False,False,0,0,33.33,11.11,0.0,0.0,22.22,0.0,25,13,5,-7.33,7.33
6579.T,5,0,False,False,10,0,1,0,False,False,0,0,1,0,False,False,13,0,1,0,False,False,10,0,0,2,False,False,11,0,17.78,4.44,0.0,0.0,13.33,0.0,44,0,5,14.0,-14.0
1539.HK,2,0,False,False,0,3,0,7,False,False,0,13,0,2,False,False,13,0,0,0,False,False,9,0,1,0,False,False,0,7,6.67,20.0,0.0,0.0,-13.33,0.0,22,23,5,7.5,-7.5
CVGI,1,0,False,False,8,0,2,0,False,False,10,0,1,0,False,False,0,13,1,0,False,False,0,2,0,5,False,False,13,0,11.11,11.11,0.0,0.0,0.0,0.0,31,15,5,8.0,-8.0
WHLRP,0,1,False,False,13,0,0,1,False,False,0,0,0,4,False,False,0,8,0,4,False,False,0,10,0,7,False,False,0,10,0.0,37.78,0.0,0.0,-37.78,0.0,13,28,5,15.17,-15.17
UCB.BR,0,1,False,False,13,0,0,1,False,False,2,0,5,0,False,False,0,5,0,5,False,False,0,13,3,0,False,False,0,0,17.78,15.56,0.0,0.0,2.22,0.0,15,18,5,-2.83,2.83
SNM.F,0,1,False,False,0,8,0,1,False,False,0,13,0,1,False,False,13,0,0,2,False,False,0,4,1,0,False,False,0,0,2.22,11.11,0.0,0.0,-8.89,0.0,13,25,5,-0.67,0.67
6659.T,0,1,False,False,13,0,2,0,False,False,8,0,2,0,False,False,13,0,1,0,False,False,4,0,0,2,False,False,7,0,11.11,6.67,0.0,0.0,4.44,0.0,45,0,5,19.84,-19.84
4420.T,4,0,False,False,0,9,0,8,False,False,0,13,0,4,False,False,0,12,0,6,False,False,13,0,0,3,False,False,2,0,8.89,46.67,0.0,0.0,-37.78,0.0,15,34,5,13.17,-13.17
THAL.VI,0,1,False,False,3,0,0,5,False,False,1,0,0,1,False,False,0,5,0,4,False,False,8,0,2,0,False,False,0,0,4.44,24.44,0.0,0.0,-20.0,0.0,12,5,5,15.5,-15.5
EAM.V,0,0,False,False,0,0,0,0,False,False,0,0,0,0,False,False,13,0,3,0,False,False,0,13,2,0,False,False,3,0,11.11,0.0,0.0,0.0,11.11,0.0,16,13,5,-5.17,5.17
3359.T,0,0,False,False,0,13,1,0,False,False,13,0,1,0,False,False,0,13,0,2,False,False,0,12,1,0,False,False,13,0,6.67,4.44,0.0,0.0,2.22,0.0,26,38,5,-7.33,7.33
SWSDF,0,0,False,False,0,0,0,0,False,False,0,0,0,7,False,False,0,13,0,1,False,False,0,11,4,0,False,False,0,2,8.89,17.78,0.0,0.0,-8.89,0.0,0,26,3,-7.67,7.67
BHV,3,0,False,False,0,13,5,0,False,False,0,9,2,0,False,False,0,2,0,11,False,False,0,1,0,3,False,False,10,0,22.22,26.67,0.0,0.0,-4.44,0.0,10,25,5,-4.84,4.84
BCE1.F,5,0,False,False,0,10,5,0,False,False,0,9,4,0,False,False,0,5,1,0,False,False,0,7,2,0,False,False,2,0,37.78,0.0,0.0,0.0,37.78,0.0,2,31,5,-37.17,37.17
DASTF,0,0,False,False,0,0,0,0,False,False,0,0,5,0,False,False,13,0,3,0,False,False,5,0,14,0,False,False,2,0,37.78,0.0,0.0,0.0,37.78,0.0,20,0,3,-12.67,12.67
PIIPPO.HE,1,0,False,False,0,9,3,0,False,False,0,0,1,0,False,False,13,0,4,0,False,False,9,0,1,0,False,False,13,0,22.22,0.0,0.0,0.0,22.22,0.0,35,9,5,-0.33,0.33
CMPGY,1,0,False,False,8,0,6,0,False,False,13,0,2,0,False,False,0,2,0,7,False,False,0,13,0,2,False,False,0,6,20.0,20.0,0.0,0.0,0.0,0.0,21,21,5,0.0,0.0
SVB.TO,1,0,False,False,0,2,2,0,False,False,0,11,0,0,False,False,0,13,3,0,False,False,0,13,1,0,False,False,0,2,15.56,0.0,0.0,0.0,15.56,0.0,0,41,5,-29.84,29.84
0762.HK,0,2,False,False,7,0,4,0,False,False,11,0,3,0,False,False,0,13,3,0,False,False,10,0,8,0,True,False,0,0,40.0,4.44,20.0,0.0,35.56,20.0,28,13,5,-21.84,21.84
0GFE.L,0,2,False,False,6,0,7,0,False,False,13,0,11,0,False,False,3,0,2,0,False,False,0,0,0,3,False,False,3,0,40.0,11.11,0.0,0.0,28.89,0.0,25,0,5,-4.83,4.83
SIT4.F,0,2,False,False,13,0,0,2,False,False,13,0,0,3,False,False,0,12,4,0,False,False,0,13,2,0,False,False,0,9,13.33,15.56,0.0,0.0,-2.22,0.0,26,34,5,-2.67,2.67
PTF.V,2,0,False,False,0,0,1,0,False,False,0,0,2,0,False,False,0,13,5,0,False,False,3,0,3,0,False,False,0,0,28.89,0.0,0.0,0.0,28.89,0.0,3,13,5,-22.33,22.33
SOFF.OL,0,2,False,False,13,0,1,0,False,False,8,0,5,0,False,False,0,13,2,0,False,False,6,0,0,5,False,False,0,12,17.78,15.56,0.0,0.0,2.22,0.0,27,25,5,-0.33,0.33
OREGE.PA,0,0,False,False,0,13,7,0,False,False,0,13,5,0,False,False,13,0,0,9,False,False,0,0,0,2,False,False,11,0,26.67,24.44,0.0,0.0,2.22,0.0,24,26,5,-2.33,2.33
VIZ.V,0,2,False,False,0,0,0,2,False,False,0,0,0,1,False,False,0,13,0,0,False,False,13,0,2,0,False,False,13,0,4.44,11.11,0.0,0.0,-6.67,0.0,26,13,5,10.5,-10.5
NOEJ.F,0,1,False,False,0,13,0,1,False,False,0,13,0,5,False,False,0,13,0,1,False,False,0,7,0,2,False,False,13,0,0.0,22.22,0.0,0.0,-22.22,0.0,13,46,5,-3.17,3.17
WHN.V,0,0,False,False,4,0,6,0,False,False,0,0,1,0,False,False,0,13,0,0,False,False,0,13,1,0,False,False,0,1,17.78,0.0,0.0,0.0,17.78,0.0,4,27,5,-22.17,22.17
4751.T,0,3,False,False,11,0,2,0,False,False,13,0,0,1,False,False,9,0,1,0,False,False,11,0,9,0,False,False,0,0,26.67,8.89,0.0,0.0,17.78,0.0,44,0,5,11.33,-11.33
XYZ,0,5,False,False,0,12,0,1,False,False,0,1,0,4,False,False,0,12,0,1,False,False,0,11,0,3,False,False,13,0,0.0,31.11,0.0,0.0,-31.11,0.0,13,36,5,7.17,-7.17
UCB.VI,1,0,False,False,11,0,3,0,False,False,3,0,5,0,False,False,0,5,0,4,False,False,0,13,3,0,False,False,0,0,26.67,8.89,0.0,0.0,17.78,0.0,14,18,5,-12.67,12.67
RDED.SG,0,1,False,False,13,0,0,1,False,False,13,0,8,0,True,False,0,13,1,0,False,False,13,0,14,0,False,False,4,0,40.0,4.44,20.0,0.0,35.56,20.0,43,13,5,-14.34,14.34
DIEG.BR,3,0,False,False,0,0,3,0,False,False,0,0,4,0,False,False,13,0,1,0,False,False,13,0,1,0,False,False,0,0,26.67,0.0,0.0,0.0,26.67,0.0,26,0,5,-3.0,3.0
7215.T,0,2,False,False,0,13,2,0,False,False,2,0,8,0,False,False,0,13,2,0,False,False,13,0,0,3,False,False,13,0,26.67,11.11,0.0,0.0,15.56,0.0,28,26,5,-8.34,8.34
PAX.ST,0,0,False,False,13,0,1,0,False,False,12,0,11,0,False,False,2,0,1,0,False,False,13,0,1,0,False,False,0,0,26.67,0.0,0.0,0.0,26.67,0.0,40,0,5,4.0,-4.0
4565.T,7,0,False,False,13,0,2,0,False,False,13,0,0,2,False,False,3,0,3,0,False,False,8,0,1,0,False,False,2,0,28.89,4.44,0.0,0.0,24.44,0.0,39,0,5,4.84,-4.84
0896.HK,0,0,False,False,0,0,3,0,False,False,0,0,3,0,False,False,0,13,1,0,False,False,0,4,0,3,False,False,13,0,15.56,6.67,0.0,0.0,8.89,0.0,13,17,5,-7.33,7.33
ALFRE.PA,0,5,False,False,0,13,0,1,False,False,13,0,3,0,False,False,13,0,0,9,False,False,0,0,0,2,False,False,9,0,6.67,37.78,0.0,0.0,-31.11,0.0,35,13,5,29.67,-29.67
CNXN,0,5,False,False,7,0,11,0,False,False,2,0,4,0,False,False,0,2,0,5,False,False,0,13,0,4,False,False,0,8,28.89,31.11,0.0,0.0,-2.22,0.0,9,23,5,-5.67,5.67
URF.AX,1,0,False,False,0,0,1,0,False,False,0,0,0,1,False,False,13,0,1,0,False,False,13,0,14,0,False,False,5,0,26.67,2.22,0.0,0.0,24.44,0.0,31,0,5,0.84,-0.84
POOL.V,3,0,False,False,0,0,3,0,False,False,0,0,0,0,False,False,0,0,3,0,False,False,0,13,1,0,False,False,0,0,22.22,0.0,0.0,0.0,22.22,0.0,0,13,5,-19.83,19.83
4967.T,0,1,False,False,0,0,11,0,False,False,1,0,14,0,False,False,5,0,3,0,False,False,13,0,1,0,False,False,8,0,48.89,2.22,0.0,0.0,46.67,0.0,27,0,5,-14.5,14.5
BNN.DE,0,2,False,False,0,13,0,1,False,False,0,13,0,6,False,False,0,7,3,0,False,False,3,0,0,3,False,False,11,0,6.67,26.67,0.0,0.0,-20.0,0.0,14,33,5,2.5,-2.5
EXL.HM,1,0,False,False,0,2,1,0,False,False,0,2,1,0,False,False,0,2,1,0,False,False,0,0,0,1,False,False,13,0,8.89,2.22,0.0,0.0,6.67,0.0,13,6,5,-0.5,0.5
CPX.F,0,0,False,False,0,0,0,0,False,False,0,0,0,0,False,False,0,13,0,0,False,False,0,13,1,0,False,False,0,0,2.22,0.0,0.0,0.0,2.22,0.0,0,26,5,-14.33,14.33
1993.HK,0,1,False,False,0,0,7,0,False,False,0,0,10,0,False,False,0,0,2,0,False,False,9,0,0,3,False,False,1,0,40.0,8.89,0.0,0.0,31.11,0.0,10,0,5,-13.67,13.67
RSG,9,0,False,False,0,0,3,0,False,False,13,0,4,0,False,False,13,0,1,0,False,False,9,0,3,0,False,False,0,8,44.44,0.0,0.0,0.0,44.44,0.0,35,8,5,-13.16,13.16
SNMYF,0,0,False,False,0,0,0,0,False,False,0,0,0,0,False,False,0,0,0,0,False,False,0,0,0,2,False,False,0,9,0.0,4.44,0.0,0.0,-4.44,0.0,0,9,3,-1.84,1.84
HVRRY,0,1,False,False,13,0,3,0,False,False,6,0,0,1,False,False,4,0,8,0,False,False,0,13,3,0,False,False,0,11,31.11,4.44,0.0,0.0,26.67,0.0,23,24,5,-16.5,16.5
DYA.TO,0,2,False,False,0,13,0,1,False,False,13,0,0,4,False,False,0,13,5,0,False,False,13,0,0,4,False,False,2,0,11.11,24.44,0.0,0.0,-13.33,0.0,28,26,5,9.0,-9.0
CSF.F,1,0,False,False,5,0,0,4,False,False,3,0,4,0,False,False,13,0,0,4,False,False,9,0,2,0,False,False,0,0,15.56,17.78,0.0,0.0,-2.22,0.0,30,0,5,16.33,-16.33
EXEEL,0,0,False,False,0,0,0,0,False,False,0,0,0,1,False,False,6,0,0,2,False,False,7,0,0,4,False,False,0,4,0.0,15.56,0.0,0.0,-15.56,0.0,13,4,3,13.84,-13.84
SIX2.DE,0,4,False,False,1,0,0,2,False,False,13,0,2,0,False,False,0,13,0,5,False,False,3,0,0,2,False,False,13,0,4.44,28.89,0.0,0.0,-24.44,0.0,30,13,5,23.16,-23.16
005725.KS,0,0,False,False,13,0,1,0,False,False,0,13,2,0,False,False,2,0,5,0,False,False,0,13,2,0,False,False,0,0,22.22,0.0,0.0,0.0,22.22,0.0,15,26,5,-18.83,18.83
AD.AS,5,0,False,False,8,0,9,0,True,False,0,0,3,0,False,False,5,0,8,0,True,False,9,0,1,0,False,False,0,10,57.78,0.0,40.0,0.0,57.78,40.0,22,10,5,-44.67,44.67
F03.SI,0,1,False,False,13,0,0,3,False,False,13,0,0,5,False,False,0,13,0,1,False,False,0,1,1,0,False,False,0,3,2.22,22.22,0.0,0.0,-20.0,0.0,26,17,5,16.5,-16.5
SCHP.PA,0,1,False,False,13,0,0,2,False,False,13,0,5,0,False,False,0,12,7,0,False,False,0,1,0,4,False,False,4,0,26.67,15.56,0.0,0.0,11.11,0.0,30,13,5,1.83,-1.83
0571.HK,5,0,False,False,0,0,4,0,False,False,0,0,2,0,False,False,13,0,5,0,False,False,13,0,2,0,False,False,4,0,40.0,0.0,0.0,0.0,40.0,0.0,30,0,5,-9.0,9.0
ETH.MI,0,3,False,False,0,4,7,0,False,False,7,0,0,4,False,False,0,3,0,6,False,False,13,0,0,2,False,False,6,0,15.56,33.33,0.0,0.0,-17.78,0.0,26,7,5,20.17,-20.17
MZH.SI,0,0,False,False,13,0,0,2,False,False,0,4,1,0,False,False,0,0,5,0,False,False,9,0,0,3,False,False,12,0,13.33,11.11,0.0,0.0,2.22,0.0,34,4,5,13.67,-13.67
EDT.TO,0,0,False,False,13,0,1,0,False,False,0,0,2,0,False,False,13,0,3,0,False,False,0,13,0,2,False,False,0,0,13.33,4.44,0.0,0.0,8.89,0.0,26,13,5,1.17,-1.17
016450.KS,12,0,False,False,3,0,4,0,False,False,0,13,1,0,False,False,7,0,1,0,False,False,0,3,1,0,False,False,0,0,35.56,0.0,0.0,0.0,35.56,0.0,10,16,5,-24.34,24.34
Z25.SI,0,0,False,False,6,0,7,0,False,False,10,0,2,0,False,False,0,13,3,0,False,False,13,0,4,0,False,False,11,0,35.56,0.0,0.0,0.0,35.56,0.0,40,13,5,-7.84,7.84
093520.KQ,13,0,False,False,3,0,6,0,False,False,6,0,2,0,False,False,2,0,5,0,False,False,0,13,2,0,False,False,0,2,53.33,0.0,0.0,0.0,53.33,0.0,11,15,5,-34.0,34.0
ADYE.VI,6,0,False,False,7,0,1,0,False,False,0,5,0,5,False,False,3,0,6,0,False,False,13,0,10,0,False,False,0,0,48.89,11.11,0.0,0.0,37.78,0.0,23,5,5,-13.67,13.67
3696.T,0,2,False,False,13,0,2,0,False,False,6,0,1,0,False,False,13,0,4,0,False,False,9,0,0,1,False,False,13,0,15.56,6.67,0.0,0.0,8.89,0.0,54,0,5,21.67,-21.67
NONOF,2,0,False,False,0,13,2,0,False,False,2,0,1,0,False,False,0,0,3,0,False,False,0,0,0,1,False,False,5,0,17.78,2.22,0.0,0.0,15.56,0.0,7,13,5,-12.34,12.34
NTOIF,0,0,False,False,0,0,0,0,False,False,0,0,7,0,False,False,13,0,2,0,False,False,0,10,0,13,False,False,0,3,20.0,20.0,0.0,0.0,0.0,0.0,13,13,3,0.0,0.0
H9W.F,3,0,False,False,0,0,3,0,False,False,0,0,3,0,False,False,13,0,0,3,False,False,0,4,0,1,False,False,13,0,20.0,8.89,0.0,0.0,11.11,0.0,26,4,5,4.33,-4.33
B7E.DE,2,0,False,False,0,0,0,0,False,False,0,13,0,1,False,False,0,13,2,0,False,False,0,0,0,3,False,False,12,0,8.89,8.89,0.0,0.0,0.0,0.0,12,26,5,-7.0,7.0
WILLF,0,0,False,False,0,0,0,0,False,False,0,0,0,0,False,False,13,0,0,0,False,False,0,13,0,1,False,False,0,11,0.0,2.22,0.0,0.0,-2.22,0.0,13,24,3,-4.17,4.17
INV.AX,3,0,False,False,0,0,3,0,False,False,0,0,3,0,False,False,0,13,0,5,False,False,13,0,0,2,False,False,12,0,20.0,15.56,0.0,0.0,4.44,0.0,25,13,5,3.34,-3.34
PUM.DE,0,5,False,False,7,0,1,0,False,False,13,0,0,7,False,False,0,5,1,0,False,False,0,0,0,8,False,True,0,0,4.44,44.44,0.0,20.0,-40.0,-20.0,20,5,5,39.5,-39.5
EQNR,0,3,False,False,13,0,10,0,False,False,2,0,10,0,False,False,2,0,2,0,False,False,0,6,0,6,False,False,0,11,44.44,20.0,0.0,0.0,24.44,0.0,17,17,5,-14.66,14.66
4950.TWO,0,1,False,False,13,0,0,1,False,False,8,0,2,0,False,False,0,13,4,0,False,False,13,0,0,1,False,False,12,0,13.33,6.67,0.0,0.0,6.67,0.0,46,13,5,12.5,-12.5
IDIA.SW,1,0,False,False,0,3,1,0,False,False,0,5,0,7,False,False,0,13,0,11,False,False,0,1,0,2,False,False,0,2,4.44,40.0,0.0,0.0,-35.56,0.0,0,24,5,9.34,-9.34
OLVAS.HE,0,2,False,False,1,0,11,0,False,False,2,0,3,0,False,False,0,0,0,5,False,False,0,7,3,0,False,False,0,0,33.33,15.56,0.0,0.0,17.78,0.0,3,7,5,-12.67,12.67
0725.HK,14,0,False,False,6,0,9,0,True,False,1,0,6,0,False,False,0,13,0,10,False,False,0,1,0,5,False,False,0,0,53.33,31.11,20.0,0.0,22.22,20.0,7,14,5,-24.83,24.83
8032.TWO,2,0,False,False,0,12,0,1,False,False,0,13,0,5,False,False,13,0,0,10,False,False,0,1,0,3,False,False,0,0,4.44,40.0,0.0,0.0,-35.56,0.0,13,26,5,14.84,-14.84
005720.KS,14,0,False,False,5,0,3,0,False,False,0,0,1,0,False,False,9,0,5,0,False,False,0,13,1,0,False,False,0,0,42.22,0.0,0.0,0.0,42.22,0.0,14,13,5,-24.83,24.83
CRBN.AS,0,1,False,False,8,0,1,0,False,False,0,5,1,0,False,False,13,0,0,5,False,False,0,11,0,1,False,False,2,0,4.44,15.56,0.0,0.0,-11.11,0.0,23,16,5,10.17,-10.17
IKGR.MI,1,0,False,False,0,0,1,0,False,False,0,0,1,0,False,False,13,0,0,1,False,False,11,0,0,6,False,False,0,6,6.67,15.56,0.0,0.0,-8.89,0.0,24,6,5,14.33,-14.33
NYF.ST,7,0,False,False,0,9,2,0,False,False,13,0,3,0,False,False,12,0,1,0,False,False,9,0,1,0,False,False,7,0,31.11,0.0,0.0,0.0,31.11,0.0,41,9,5,-2.67,2.67
3310.TWO,1,0,False,False,13,0,0,2,False,False,0,6,13,0,False,False,3,0,2,0,False,False,0,13,3,0,False,False,0,6,33.33,4.44,0.0,0.0,28.89,0.0,16,25,5,-21.83,21.83
2501.T,3,0,False,False,0,7,0,6,False,False,0,6,0,10,False,False,0,2,0,2,False,False,0,13,0,1,False,False,0,11,6.67,40.0,0.0,0.0,-33.33,0.0,0,39,5,0.5,-0.5
TLX.F,0,10,False,False,0,1,0,11,False,False,0,2,0,6,False,False,1,0,8,0,False,False,0,13,4,0,False,False,0,2,26.67,53.33,0.0,0.0,-26.67,0.0,1,18,5,7.5,-7.5
HNR1.F,0,1,False,False,13,0,0,5,False,False,13,0,0,10,False,False,0,2,8,0,False,False,0,13,3,0,False,False,0,13,24.44,33.33,0.0,0.0,-8.89,0.0,26,28,5,4.33,-4.33
ANB.MX,0,0,False,False,0,0,0,0,False,False,0,0,0,0,False,False,0,13,0,0,False,False,13,0,1,0,False,False,0,0,2.22,0.0,0.0,0.0,2.22,0.0,13,13,3,-1.33,1.33
3363.TWO,0,5,False,False,13,0,0,1,False,False,5,0,8,0,True,False,0,13,2,0,False,False,0,4,0,12,False,False,0,3,22.22,33.33,20.0,0.0,-11.11,20.0,18,20,5,-2.33,2.33
1612.HK,1,0,False,False,0,0,0,0,False,False,2,0,0,3,False,False,13,0,4,0,False,False,4,0,2,0,False,False,13,0,15.56,6.67,0.0,0.0,8.89,0.0,32,0,5,10.67,-10.67
PHBA.F,7,0,False,False,0,7,7,0,False,False,0,7,7,0,False,False,0,6,1,0,False,False,5,0,17,0,False,False,4,0,68.89,0.0,0.0,0.0,68.89,0.0,9,20,5,-46.83,46.83
140070.KQ,12,0,False,False,4,0,6,0,False,False,13,0,2,0,False,False,2,0,5,0,False,False,9,0,2,0,False,False,0,0,53.33,0.0,0.0,0.0,53.33,0.0,28,0,5,-18.0,18.0
CBRL,3,0,False,False,0,8,0,4,False,False,0,5,0,1,False,False,13,0,0,11,False,False,0,3,0,3,False,False,0,0,6.67,37.78,0.0,0.0,-31.11,0.0,13,16,5,17.17,-17.17
YOC.F,1,0,False,False,0,0,1,0,False,False,0,0,1,0,False,False,0,11,4,0,False,False,13,0,14,0,False,False,4,0,35.56,0.0,0.0,0.0,35.56,0.0,17,11,5,-18.34,18.34
0081.HK,21,0,False,False,7,0,7,0,False,False,8,0,3,0,False,False,8,0,3,0,False,False,0,13,1,0,False,False,5,0,51.11,0.0,0.0,0.0,51.11,0.0,28,13,5,-23.17,23.17
5905.T,0,0,False,False,0,0,6,0,False,False,0,0,2,0,False,False,13,0,0,0,False,False,13,0,0,6,False,False,0,10,17.78,13.33,0.0,0.0,4.44,0.0,26,10,5,5.34,-5.34
2982.T,0,3,False,False,13,0,0,1,False,False,13,0,0,6,False,False,0,13,3,0,False,False,0,12,7,0,False,False,0,1,22.22,22.22,0.0,0.0,0.0,0.0,26,26,5,0.0,0.0
136490.KS,0,1,False,False,2,0,4,0,False,False,13,0,2,0,False,False,0,13,5,0,False,False,11,0,2,0,False,False,6,0,28.89,2.22,0.0,0.0,26.67,0.0,32,13,5,-6.5,6.5
PCG.AX,2,0,False,False,0,0,2,0,False,False,0,0,3,0,False,False,13,0,3,0,False,False,13,0,1,0,False,False,13,0,24.44,0.0,0.0,0.0,24.44,0.0,39,0,5,4.84,-4.84
EXL.F,2,0,False,False,13,0,2,0,False,False,13,0,5,0,False,False,13,0,1,0,False,False,0,0,0,1,False,False,13,0,22.22,2.22,0.0,0.0,20.0,0.0,52,0,5,14.0,-14.0
ABSI,0,5,False,False,0,13,0,2,False,False,0,13,0,6,False,False,0,11,0,14,False,False,0,3,0,3,False,False,13,0,0.0,55.56,0.0,0.0,-55.56,0.0,13,40,5,19.84,-19.84
6096.T,0,7,False,False,6,0,0,2,False,False,0,7,0,1,False,False,0,13,0,8,False,True,13,0,0,3,False,False,10,0,0.0,46.67,0.0,20.0,-46.67,-20.0,29,20,5,40.5,-40.5
BMA.OL,0,4,False,False,0,13,0,2,False,False,0,13,0,6,False,False,0,13,0,1,False,False,10,0,0,5,False,False,7,0,0.0,40.0,0.0,0.0,-40.0,0.0,17,39,5,13.0,-13.0
1881.HK,5,0,False,False,0,13,4,0,False,False,13,0,11,0,False,False,3,0,3,0,False,False,9,0,1,0,False,False,13,0,48.89,0.0,0.0,0.0,48.89,0.0,38,13,5,-16.83,16.83
QZG.SI,1,0,False,False,0,0,0,0,False,False,0,4,0,7,False,False,0,13,0,8,False,True,13,0,0,8,False,True,12,0,2.22,51.11,0.0,40.0,-48.89,-40.0,25,17,5,49.33,-49.33
020000.KS,19,0,False,False,7,0,6,0,False,False,0,0,3,0,False,False,0,6,5,0,False,False,0,3,1,0,False,False,3,0,53.33,0.0,0.0,0.0,53.33,0.0,10,9,5,-31.5,31.5
PAG,0,1,False,False,0,0,5,0,False,False,0,1,2,0,False,False,0,3,0,2,False,False,7,0,0,3,False,False,0,6,15.56,13.33,0.0,0.0,2.22,0.0,7,10,5,-2.83,2.83
YOC.DE,0,0,False,False,0,13,3,0,False,False,13,0,0,0,False,False,13,0,1,0,False,False,4,0,15,0,False,False,3,0,28.89,0.0,0.0,0.0,28.89,0.0,33,13,5,-7.33,7.33
3053.T,0,0,False,False,0,13,0,0,False,False,0,0,0,0,False,False,0,0,0,5,False,False,0,13,0,3,False,False,13,0,0.0,17.78,0.0,0.0,-17.78,0.0,13,26,5,4.17,-4.17
CYB.MI,0,2,False,False,13,0,0,3,False,False,0,13,0,3,False,False,13,0,0,10,False,False,0,2,0,1,False,False,7,0,0.0,40.0,0.0,0.0,-40.0,0.0,33,15,5,33.0,-33.0
9279.T,0,2,False,False,13,0,0,4,False,False,0,13,1,0,False,False,3,0,9,0,False,False,0,0,1,0,False,False,0,13,24.44,13.33,0.0,0.0,11.11,0.0,16,26,5,-11.67,11.67
BMS.L,0,3,False,False,0,0,5,0,False,False,0,13,2,0,False,False,0,12,1,0,False,False,5,0,0,2,False,False,0,0,17.78,11.11,0.0,0.0,6.67,0.0,5,25,5,-14.0,14.0
4624.T,0,1,False,False,13,0,0,1,False,False,0,0,8,0,False,False,11,0,4,0,False,False,0,13,1,0,False,False,0,2,28.89,4.44,0.0,0.0,24.44,0.0,24,15,5,-10.16,10.16
NSE.V,0,2,False,False,13,0,1,0,False,False,0,0,0,0,False,False,0,13,3,0,False,False,0,2,0,6,False,False,0,10,8.89,17.78,0.0,0.0,-8.89,0.0,13,25,5,-0.67,0.67
4015.T,0,2,False,False,6,0,2,0,False,False,7,0,0,3,False,False,13,0,0,3,False,False,2,0,0,1,False,False,0,0,4.44,20.0,0.0,0.0,-15.56,0.0,28,0,5,23.34,-23.34
ADXN.SW,0,3,False,False,13,0,0,2,False,False,0,0,0,2,False,False,13,0,5,0,False,False,13,0,8,0,False,False,13,0,28.89,15.56,0.0,0.0,13.33,0.0,52,0,5,18.0,-18.0
EFSCP,1,0,False,False,9,0,4,0,False,False,6,0,1,0,False,False,3,0,3,0,False,False,12,0,2,0,False,False,13,0,24.44,0.0,0.0,0.0,24.44,0.0,43,0,5,6.84,-6.84
290720.KQ,2,0,False,False,0,6,8,0,False,False,0,0,3,0,False,False,13,0,1,0,False,False,0,3,0,5,False,False,9,0,31.11,11.11,0.0,0.0,20.0,0.0,22,9,5,-5.5,5.5
CAT.AX,0,3,False,False,13,0,3,0,False,False,5,0,0,3,False,False,13,0,1,0,False,False,10,0,8,0,False,False,0,11,26.67,13.33,0.0,0.0,13.33,0.0,41,11,5,7.0,-7.0
E3G1.F,7,0,False,False,13,0,6,0,False,False,0,1,3,0,False,False,13,0,1,0,False,False,11,0,0,3,False,False,10,0,37.78,6.67,0.0,0.0,31.11,0.0,47,1,5,4.33,-4.33
6947.T,0,3,False,False,13,0,2,0,False,False,7,0,11,0,False,False,1,0,2,0,False,False,0,13,11,0,False,False,1,0,48.89,6.67,0.0,0.0,42.22,0.0,22,13,5,-20.83,20.83
BJZ.SI,0,3,False,False,0,0,0,3,False,False,0,0,0,5,False,False,0,13,0,0,False,False,13,0,0,11,False,False,0,1,0.0,44.44,0.0,0.0,-44.44,0.0,13,14,5,26.16,-26.16
4996.T,4,0,False,False,7,0,0,3,False,False,13,0,1,0,False,False,11,0,3,0,False,False,0,1,1,0,False,False,5,0,20.0,6.67,0.0,0.0,13.33,0.0,36,1,5,9.5,-9.5
0225.HK,0,0,False,False,0,0,0,4,False,False,0,0,0,3,False,False,0,13,1,0,False,False,13,0,6,0,False,False,13,0,15.56,15.56,0.0,0.0,0.0,0.0,26,13,5,6.5,-6.5
8014.T,2,0,False,False,4,0,6,0,False,False,13,0,3,0,False,False,5,0,9,0,True,False,1,0,1,0,False,False,0,8,46.67,0.0,20.0,0.0,46.67,20.0,23,8,5,-28.5,28.5
DNQA.F,11,0,False,False,3,0,11,0,False,False,3,0,6,0,False,False,13,0,2,0,False,False,0,6,0,6,False,False,0,11,57.78,13.33,0.0,0.0,44.44,0.0,19,17,5,-25.66,25.66
SY1U.F,0,1,False,False,0,9,0,1,False,False,0,9,0,1,False,False,0,9,0,5,False,False,0,6,0,5,False,False,0,0,0.0,28.89,0.0,0.0,-28.89,0.0,0,33,5,0.83,-0.83
MLHPE.PA,1,0,False,False,0,0,1,0,False,False,0,0,4,0,False,False,0,13,1,0,False,False,13,0,3,0,False,False,4,0,22.22,0.0,0.0,0.0,22.22,0.0,17,13,5,-11.33,11.33
2678.HK,0,3,False,False,13,0,2,0,False,False,10,0,1,0,False,False,3,0,5,0,False,False,0,6,1,0,False,False,9,0,20.0,6.67,0.0,0.0,13.33,0.0,35,6,5,6.5,-6.5
8850.T,1,0,False,False,0,13,1,0,False,False,12,0,1,0,False,False,3,0,9,0,False,False,0,0,2,0,False,False,0,6,31.11,0.0,0.0,0.0,31.11,0.0,15,19,5,-20.67,20.67
1N8.SG,0,1,False,False,1,0,4,0,False,False,0,7,0,5,False,False,3,0,6,0,False,False,13,0,10,0,False,False,0,0,42.22,13.33,0.0,0.0,28.89,0.0,17,7,5,-12.33,12.33
8315.HK,2,0,False,False,0,0,5,0,False,False,0,0,0,0,False,False,13,0,2,0,False,False,13,0,10,0,False,False,1,0,40.0,0.0,0.0,0.0,40.0,0.0,27,0,5,-10.5,10.5
YAMHF,0,0,False,False,0,0,0,0,False,False,0,0,0,0,False,False,0,13,2,0,False,False,0,13,1,0,False,False,3,0,6.67,0.0,0.0,0.0,6.67,0.0,3,26,3,-15.5,15.5
T,6,0,False,False,13,0,6,0,False,False,13,0,3,0,False,False,2,0,12,0,False,False,3,0,2,0,False,False,0,13,57.78,0.0,0.0,0.0,57.78,0.0,31,13,5,-25.67,25.67
7955.T,0,1,False,False,13,0,0,4,False,False,7,0,0,6,False,False,0,13,0,1,False,False,1,0,1,0,False,False,0,3,2.22,26.67,0.0,0.0,-24.44,0.0,21,16,5,17.16,-17.16
015360.KS,0,1,False,False,2,0,6,0,False,False,13,0,2,0,False,False,7,0,4,0,False,False,0,10,2,0,False,False,0,3,31.11,2.22,0.0,0.0,28.89,0.0,22,13,5,-12.83,12.83
228850.KQ,3,0,False,False,5,0,5,0,False,False,0,13,4,0,False,False,0,13,1,0,False,False,9,0,0,5,False,False,9,0,28.89,11.11,0.0,0.0,17.78,0.0,23,26,5,-12.17,12.17
NORTHM.CO,0,4,False,False,13,0,0,1,False,False,0,13,0,1,False,False,13,0,5,0,False,False,0,10,1,0,False,False,6,0,13.33,13.33,0.0,0.0,0.0,0.0,32,23,5,4.5,-4.5
ZM,0,3,False,False,1,0,6,0,False,False,10,0,10,0,False,False,2,0,4,0,False,False,0,0,0,3,False,False,10,0,42.22,13.33,0.0,0.0,28.89,0.0,23,0,5,-5.83,5.83
8929.T,7,0,False,False,13,0,2,0,False,False,9,0,7,0,False,False,6,0,4,0,False,False,3,0,7,0,False,False,0,0,60.0,0.0,0.0,0.0,60.0,0.0,31,0,5,-20.5,20.5
KSF1.F,0,5,False,False,0,0,0,5,False,False,0,0,0,5,False,False,0,13,0,3,False,False,0,13,0,0,False,False,0,3,0.0,40.0,0.0,0.0,-40.0,0.0,0,29,5,9.5,-9.5
3182.T,5,0,False,False,13,0,2,0,False,False,3,0,6,0,False,False,0,13,0,6,False,False,2,0,0,2,False,False,0,8,28.89,17.78,0.0,0.0,11.11,0.0,18,21,5,-8.17,8.17
FSF.NZ,0,5,False,False,0,13,0,5,False,False,0,13,0,2,False,False,0,9,0,7,False,False,0,13,3,0,False,False,0,13,6.67,42.22,0.0,0.0,-35.56,0.0,0,61,5,-9.16,9.16
6144.T,2,0,False,False,0,12,0,4,False,False,7,0,0,6,False,False,0,0,0,1,False,False,0,7,0,2,False,False,0,0,4.44,28.89,0.0,0.0,-24.44,0.0,7,19,5,8.66,-8.66
ATOM,0,6,False,False,0,0,0,1,False,False,5,0,0,0,False,False,0,13,1,0,False,False,0,4,0,5,False,False,0,0,2.22,26.67,0.0,0.0,-24.44,0.0,5,17,5,8.66,-8.66
MAU.AX,14,0,False,False,6,0,11,0,False,False,3,0,0,0,False,False,0,13,2,0,False,False,0,3,1,0,False,False,13,0,46.67,0.0,0.0,0.0,46.67,0.0,22,16,5,-25.0,25.0
3362.TWO,0,5,False,False,13,0,0,8,False,False,0,13,0,14,False,False,0,5,0,5,False,False,8,0,0,3,False,False,6,0,0.0,66.67,0.0,0.0,-66.67,0.0,27,18,5,44.5,-44.5
NESTE.HE,4,0,False,False,0,11,5,0,False,False,0,8,5,0,False,False,0,9,2,0,False,False,0,6,0,13,False,False,0,3,35.56,20.0,0.0,0.0,15.56,0.0,0,37,5,-27.84,27.84
BCBP,0,1,False,False,8,0,2,0,False,False,0,12,1,0,False,False,0,0,0,4,False,False,8,0,0,5,False,False,0,0,6.67,22.22,0.0,0.0,-15.56,0.0,16,12,5,11.34,-11.34
RAD.NZ,1,0,False,False,0,13,1,0,False,False,0,0,0,0,False,False,0,13,4,0,False,False,12,0,0,0,False,False,0,4,13.33,0.0,0.0,0.0,13.33,0.0,12,30,5,-17.0,17.0
RML.V,1,0,False,False,13,0,5,0,False,False,0,0,3,0,False,False,0,13,1,0,False,False,5,0,0,1,False,False,0,5,22.22,2.22,0.0,0.0,20.0,0.0,18,18,5,-12.0,12.0
CDON.ST,0,1,False,False,1,0,0,1,False,False,6,0,0,1,False,False,1,0,4,0,False,False,13,0,2,0,False,False,5,0,13.33,6.67,0.0,0.0,6.67,0.0,26,0,5,9.0,-9.0
NICO.ST,0,1,False,False,0,0,0,1,False,False,0,0,0,2,False,False,0,13,3,0,False,False,11,0,2,0,False,False,0,5,11.11,8.89,0.0,0.0,2.22,0.0,11,18,5,-4.83,4.83
SME.V,0,1,False,False,0,0,0,0,False,False,0,0,0,0,False,False,13,0,2,0,False,False,13,0,2,0,False,False,0,0,8.89,2.22,0.0,0.0,6.67,0.0,26,0,5,9.0,-9.0
7097.T,0,2,False,False,0,6,0,6,False,False,0,0,0,3,False,False,10,0,0,1,False,False,0,8,0,2,False,False,0,5,0.0,31.11,0.0,0.0,-31.11,0.0,10,19,5,14.17,-14.17
BNZL.L,2,0,False,False,6,0,0,1,False,False,0,7,5,0,False,False,0,13,0,3,False,False,2,0,0,4,False,False,0,0,15.56,17.78,0.0,0.0,-2.22,0.0,8,20,5,-4.67,4.67
SHLAF,0,0,False,False,0,0,0,0,False,False,0,0,0,1,False,False,0,13,0,2,False,False,0,6,4,0,False,False,13,0,8.89,6.67,0.0,0.0,2.22,0.0,13,19,3,-4.33,4.33
5237.T,0,5,False,False,0,11,0,4,False,False,0,11,0,6,False,False,13,0,0,2,False,False,0,4,0,14,False,False,0,3,0.0,57.78,0.0,0.0,-57.78,0.0,13,29,5,26.67,-26.67
6464.T,6,0,False,False,0,4,2,0,False,False,2,0,0,4,False,False,13,0,0,11,False,False,0,1,0,2,False,False,7,0,17.78,33.33,0.0,0.0,-15.56,0.0,22,5,5,17.84,-17.84
6577.TWO,5,0,False,False,0,13,7,0,False,False,0,13,8,0,True,False,0,13,1,0,False,False,13,0,0,5,False,False,0,7,46.67,11.11,20.0,0.0,35.56,20.0,13,46,5,-45.84,45.84
KIN.BR,0,3,False,False,0,13,0,4,False,False,0,3,0,15,False,False,0,5,0,3,False,False,5,0,0,3,False,False,13,0,0.0,48.89,0.0,0.0,-48.89,0.0,18,21,5,27.83,-27.83
MTLHF,0,0,False,False,0,0,0,0,False,False,0,0,0,0,False,False,13,0,0,6,False,False,13,0,1,0,False,False,0,1,2.22,13.33,0.0,0.0,-11.11,0.0,26,1,3,19.17,-19.17
HNRB.F,0,0,False,False,9,0,0,0,False,False,9,0,2,0,False,False,3,0,8,0,False,False,0,2,3,0,False,False,0,9,28.89,0.0,0.0,0.0,28.89,0.0,21,11,5,-12.33,12.33
Z77.SI,0,0,False,False,13,0,1,0,False,False,0,0,0,4,False,False,4,0,5,0,False,False,0,13,2,0,False,False,0,4,17.78,8.89,0.0,0.0,8.89,0.0,17,17,5,-5.33,5.33
8233.T,0,1,False,False,0,7,0,16,False,False,0,4,0,8,False,True,0,13,0,6,False,False,0,13,0,11,False,False,0,2,0.0,73.33,0.0,20.0,-73.33,-20.0,0,39,5,32.5,-32.5
5DO.SI,0,0,False,False,0,0,0,0,False,False,0,0,0,0,False,False,0,13,0,3,False,False,5,0,0,0,False,False,5,0,0.0,6.67,0.0,0.0,-6.67,0.0,10,13,5,2.5,-2.5
COL.MC,0,2,False,False,13,0,0,2,False,False,10,0,4,0,False,False,0,5,0,5,False,False,0,9,1,0,False,False,0,0,11.11,20.0,0.0,0.0,-8.89,0.0,23,14,5,9.83,-9.83
XMF.F,0,5,False,False,0,13,0,4,False,False,0,13,0,7,False,False,13,0,0,7,False,False,0,13,0,11,False,False,0,2,0.0,71.11,0.0,0.0,-71.11,0.0,13,41,5,28.67,-28.67
043360.KQ,3,0,False,False,10,0,1,0,False,False,5,0,1,0,False,False,0,6,3,0,False,False,0,5,1,0,False,False,0,0,20.0,0.0,0.0,0.0,20.0,0.0,15,11,5,-10.0,10.0
SRAIL.SW,0,3,False,False,10,0,1,0,False,False,0,3,0,6,False,False,6,0,0,1,False,False,0,13,0,6,False,False,6,0,2.22,35.56,0.0,0.0,-33.33,0.0,22,16,5,23.0,-23.0
CCH.L,0,2,False,False,0,12,6,0,False,False,0,13,1,0,False,False,0,0,0,3,False,False,0,11,1,0,False,False,0,10,17.78,11.11,0.0,0.0,6.67,0.0,0,46,5,-27.0,27.0
4924.TWO,4,0,False,False,5,0,5,0,False,False,0,0,2,0,False,False,0,4,1,0,False,False,8,0,0,2,False,False,2,0,26.67,4.44,0.0,0.0,22.22,0.0,15,4,5,-7.83,7.83
0722.HK,0,4,False,False,13,0,0,2,False,False,0,0,0,1,False,False,13,0,0,0,False,False,0,13,1,0,False,False,3,0,2.22,15.56,0.0,0.0,-13.33,0.0,29,13,5,16.0,-16.0
PNV.AX,2,0,False,False,0,4,1,0,False,False,1,0,0,2,False,False,3,0,2,0,False,False,0,0,0,2,False,False,5,0,11.11,8.89,0.0,0.0,2.22,0.0,9,4,5,1.17,-1.17
2533.T,2,0,False,False,13,0,0,4,False,False,0,13,0,1,False,False,13,0,0,1,False,False,6,0,0,2,False,False,13,0,4.44,17.78,0.0,0.0,-13.33,0.0,45,13,5,24.0,-24.0
BZLFF,0,0,False,False,0,0,0,0,False,False,0,0,2,0,False,False,0,13,1,0,False,False,13,0,0,3,False,False,0,0,6.67,6.67,0.0,0.0,0.0,0.0,13,13,3,0.0,0.0
BSPA.F,6,0,False,False,0,8,6,0,False,False,0,8,5,0,False,False,9,0,1,0,False,False,12,0,1,0,False,False,0,10,42.22,0.0,0.0,0.0,42.22,0.0,21,26,5,-27.83,27.83
2755.TWO,0,6,False,False,0,0,0,2,False,False,13,0,0,4,False,False,13,0,0,3,False,False,0,12,0,5,False,False,0,4,0.0,44.44,0.0,0.0,-44.44,0.0,26,16,5,31.66,-31.66
TES.V,0,0,False,False,0,0,0,0,False,False,0,0,2,0,False,False,0,0,0,0,False,False,0,0,1,0,False,False,0,0,6.67,0.0,0.0,0.0,6.67,0.0,0,0,5,-4.0,4.0
2HRA.F,1,0,False,False,0,0,1,0,False,False,0,0,1,0,False,False,13,0,0,1,False,False,11,0,0,3,False,False,8,0,6.67,8.89,0.0,0.0,-2.22,0.0,32,0,5,17.33,-17.33
CABA,1,0,False,False,13,0,0,2,False,False,11,0,14,0,False,False,3,0,3,0,False,False,0,8,1,0,False,False,6,0,31.11,4.44,0.0,0.0,26.67,0.0,33,8,5,-3.5,3.5
EML,0,8,False,True,13,0,0,3,False,False,0,13,0,3,False,False,0,3,0,2,False,False,0,3,0,4,False,False,4,0,0.0,44.44,0.0,20.0,-44.44,-20.0,17,19,5,33.66,-33.66
4721.TWO,0,4,False,False,0,13,0,1,False,False,13,0,0,8,False,False,0,7,0,2,False,False,0,2,0,4,False,False,3,0,0.0,42.22,0.0,0.0,-42.22,0.0,16,22,5,22.33,-22.33
9142.T,2,0,False,False,2,0,0,1,False,False,2,0,4,0,False,False,7,0,16,0,False,False,5,0,4,0,False,False,0,0,42.22,2.22,0.0,0.0,40.0,0.0,16,0,5,-16.0,16.0
SJ7.SG,1,0,False,False,13,0,4,0,False,False,0,13,0,7,False,False,0,13,0,7,False,False,12,0,0,3,False,False,7,0,11.11,37.78,0.0,0.0,-26.67,0.0,32,26,5,19.0,-19.0
COLR.BR,5,0,False,False,13,0,0,2,False,False,0,8,2,0,False,False,0,13,0,5,False,False,0,13,1,0,False,False,0,11,17.78,15.56,0.0,0.0,2.22,0.0,13,45,5,-17.33,17.33
5985.T,0,7,False,False,0,13,0,10,False,False,0,2,0,4,False,False,0,13,0,1,False,False,0,6,0,5,False,False,0,0,0.0,57.78,0.0,0.0,-57.78,0.0,0,34,5,17.67,-17.67
6942.T,1,0,False,False,0,13,0,1,False,False,0,13,0,3,False,False,0,4,1,0,False,False,0,5,1,0,False,False,13,0,6.67,8.89,0.0,0.0,-2.22,0.0,13,35,5,-9.67,9.67
6189.T,4,0,False,False,0,7,4,0,False,False,10,0,0,5,False,False,13,0,12,0,False,False,1,0,0,6,False,False,8,0,37.78,24.44,0.0,0.0,13.33,0.0,32,7,5,4.5,-4.5
SUGR.V,1,0,False,False,0,0,0,4,False,False,0,0,0,3,False,False,0,13,2,0,False,False,0,13,7,0,False,False,0,4,22.22,15.56,0.0,0.0,6.67,0.0,0,30,5,-19.0,19.0
8481.HK,0,0,False,False,0,0,0,0,False,False,0,0,2,0,False,False,13,0,5,0,False,False,13,0,7,0,False,False,0,5,31.11,0.0,0.0,0.0,31.11,0.0,26,5,3,-8.17,8.17
4189.T,4,0,False,False,0,2,0,13,False,False,0,3,0,6,False,False,0,0,0,1,False,False,0,13,1,0,False,False,0,2,11.11,35.56,0.0,0.0,-24.44,0.0,0,20,5,4.66,-4.66
USS.V,0,3,False,False,0,0,0,0,False,False,0,0,0,4,False,False,0,13,6,0,False,False,0,13,0,1,False,False,0,3,13.33,17.78,0.0,0.0,-4.44,0.0,0,29,5,-11.84,11.84
SGE.V,3,0,False,False,0,0,0,0,False,False,0,0,0,0,False,False,0,13,0,0,False,False,0,6,0,7,False,False,9,0,6.67,15.56,0.0,0.0,-8.89,0.0,9,19,4,0.33,-0.33
SW.PA,0,2,False,False,0,13,3,0,False,False,0,13,0,6,False,False,0,5,0,7,False,False,11,0,0,2,False,False,7,0,6.67,37.78,0.0,0.0,-31.11,0.0,18,31,5,12.17,-12.17
DANT.CO,2,0,False,False,13,0,2,0,False,False,0,2,0,7,False,False,0,9,5,0,False,False,6,0,0,1,False,False,0,7,20.0,17.78,0.0,0.0,2.22,0.0,19,18,5,-0.83,0.83
ACCO,0,5,False,False,7,0,1,0,False,False,0,7,4,0,False,False,0,10,0,2,False,False,0,6,1,0,False,False,13,0,13.33,15.56,0.0,0.0,-2.22,0.0,20,23,5,-0.17,0.17
ULVR.PR,0,0,False,False,0,0,0,0,False,False,0,0,0,0,False,False,0,13,0,0,False,False,0,13,3,0,False,False,0,0,6.67,0.0,0.0,0.0,6.67,0.0,0,26,3,-17.0,17.0
2750.T,0,0,False,False,9,0,0,1,False,False,13,0,7,0,False,False,0,13,2,0,False,False,3,0,4,0,False,False,0,3,28.89,2.22,0.0,0.0,26.67,0.0,25,16,5,-11.5,11.5
1783.HK,0,1,False,False,0,8,0,3,False,False,0,11,0,4,False,False,0,3,0,4,False,False,0,13,0,2,False,False,0,10,0.0,31.11,0.0,0.0,-31.11,0.0,0,45,5,-3.83,3.83
7523.T,0,5,False,False,13,0,0,1,False,False,0,6,0,11,False,False,0,1,0,9,False,True,0,1,0,2,False,False,4,0,0.0,57.78,0.0,20.0,-57.78,-20.0,17,8,5,47.17,-47.17
6123.HK,2,0,False,False,0,13,10,0,False,False,0,0,5,0,False,False,0,5,3,0,False,False,0,9,1,0,False,False,4,0,44.44,0.0,0.0,0.0,44.44,0.0,4,27,5,-38.16,38.16
5213.TWO,3,0,False,False,0,13,0,1,False,False,13,0,1,0,False,False,13,0,2,0,False,False,7,0,1,0,False,False,1,0,15.56,2.22,0.0,0.0,13.33,0.0,34,13,5,2.5,-2.5
3597.TWO,0,1,False,False,5,0,6,0,False,False,4,0,2,0,False,False,0,13,1,0,False,False,0,0,0,2,False,False,0,6,20.0,6.67,0.0,0.0,13.33,0.0,9,19,5,-13.0,13.0
XGR2.F,5,0,False,False,0,7,5,0,False,False,0,7,3,0,False,False,0,4,0,7,False,False,0,13,0,2,False,False,0,9,28.89,20.0,0.0,0.0,8.89,0.0,0,40,5,-25.33,25.33
3300.T,0,2,False,False,13,0,2,0,False,False,13,0,1,0,False,False,0,13,10,0,False,False,1,0,2,0,False,False,0,8,31.11,4.44,0.0,0.0,26.67,0.0,27,21,5,-13.0,13.0
6667.TWO,1,0,False,False,0,13,0,2,False,False,0,13,0,4,False,False,0,3,0,4,False,False,0,13,0,2,False,False,0,7,2.22,26.67,0.0,0.0,-24.44,0.0,0,49,5,-9.84,9.84
SMN.V,0,0,False,False,13,0,3,0,False,False,6,0,1,0,False,False,13,0,3,0,False,False,13,0,1,0,False,False,13,0,17.78,0.0,0.0,0.0,17.78,0.0,58,0,5,18.33,-18.33
NN6.SG,1,0,False,False,0,13,0,1,False,False,0,13,0,6,False,False,0,7,0,10,False,False,0,1,0,3,False,False,13,0,2.22,42.22,0.0,0.0,-40.0,0.0,13,34,5,13.5,-13.5
AZA.ST,3,0,False,False,2,0,6,0,False,False,0,13,0,12,False,False,0,2,0,4,False,False,13,0,0,1,False,False,0,7,20.0,31.11,0.0,0.0,-11.11,0.0,15,22,5,3.17,-3.17
FLEXQ.ST,3,0,False,False,0,13,3,0,False,False,5,0,1,0,False,False,0,13,1,0,False,False,0,1,0,5,False,False,10,0,17.78,11.11,0.0,0.0,6.67,0.0,15,27,5,-10.0,10.0
1162.HK,0,1,False,False,13,0,0,1,False,False,3,0,0,0,False,False,1,0,4,0,False,False,8,0,1,0,False,False,8,0,11.11,4.44,0.0,0.0,6.67,0.0,33,0,5,12.5,-12.5
CMP,0,3,False,False,0,10,3,0,False,False,4,0,1,0,False,False,0,2,1,0,False,False,0,0,0,7,False,False,8,0,11.11,22.22,0.0,0.0,-11.11,0.0,12,12,5,6.67,-6.67
SHJ.AX,7,0,False,False,0,0,13,0,False,False,4,0,5,0,False,False,13,0,7,0,False,False,13,0,2,0,False,False,0,0,66.67,0.0,0.0,0.0,66.67,0.0,30,0,5,-25.0,25.0
6310.T,2,0,False,False,0,5,3,0,False,False,9,0,0,4,False,False,0,8,0,1,False,False,9,0,7,0,False,False,0,3,26.67,11.11,0.0,0.0,15.56,0.0,18,16,5,-8.34,8.34
7812.T,0,1,False,False,0,13,0,15,False,False,0,3,0,14,False,False,0,5,0,5,False,False,0,13,0,2,False,False,7,0,0.0,57.78,0.0,0.0,-57.78,0.0,7,34,5,21.17,-21.17
BTM.SI,0,3,False,False,13,0,0,3,False,False,0,0,0,2,False,False,13,0,0,1,False,False,0,0,1,0,False,False,0,6,2.22,20.0,0.0,0.0,-17.78,0.0,26,6,5,20.67,-20.67
SIGN.SW,0,2,False,False,0,7,0,2,False,False,0,1,0,5,False,False,5,0,0,1,False,False,0,6,1,0,False,False,1,0,2.22,22.22,0.0,0.0,-20.0,0.0,6,14,5,8.0,-8.0
CCEP.AS,0,1,False,False,0,13,1,0,False,False,0,13,3,0,False,False,0,1,0,3,False,False,9,0,1,0,False,False,0,10,11.11,8.89,0.0,0.0,2.22,0.0,9,37,5,-15.33,15.33
ADS.SG,4,0,False,False,3,0,4,0,False,False,0,12,1,0,False,False,0,9,0,5,False,False,13,0,0,2,False,False,3,0,20.0,15.56,0.0,0.0,4.44,0.0,19,21,5,-3.66,3.66
CTRA,8,0,True,False,0,10,2,0,False,False,0,9,3,0,False,False,0,0,1,0,False,False,0,4,0,7,False,False,0,13,31.11,15.56,20.0,0.0,15.56,20.0,0,36,5,-35.34,35.34
3501.T,1,0,False,False,0,13,1,0,False,False,8,0,0,3,False,False,3,0,4,0,False,False,0,4,2,0,False,False,0,13,17.78,6.67,0.0,0.0,11.11,0.0,11,30,5,-16.17,16.17
EVLV,0,5,False,False,0,0,7,0,False,False,6,0,2,0,False,False,0,1,1,0,False,False,4,0,0,3,False,False,13,0,22.22,17.78,0.0,0.0,4.44,0.0,23,1,5,8.34,-8.34
1711.HK,7,0,False,False,0,13,4,0,False,False,0,7,5,0,False,False,0,13,2,0,False,False,13,0,0,4,False,False,0,3,40.0,8.89,0.0,0.0,31.11,0.0,13,36,5,-30.17,30.17
7731.T,2,0,False,False,0,0,0,5,False,False,0,5,0,6,False,False,0,10,0,1,False,False,13,0,0,1,False,False,0,0,4.44,28.89,0.0,0.0,-24.44,0.0,13,15,5,13.66,-13.66
3848.HK,0,1,False,False,0,0,0,1,False,False,0,0,0,0,False,False,13,0,3,0,False,False,0,13,0,0,False,False,0,2,6.67,4.44,0.0,0.0,2.22,0.0,13,15,5,-2.33,2.33
0124.HK,14,0,False,False,6,0,6,0,False,False,0,9,3,0,False,False,0,4,3,0,False,False,10,0,1,0,False,False,13,0,48.89,0.0,0.0,0.0,48.89,0.0,29,13,5,-21.33,21.33
0732.HK,1,0,False,False,13,0,2,0,False,False,0,13,7,0,False,False,9,0,6,0,False,False,3,0,8,0,True,False,0,3,53.33,0.0,20.0,0.0,53.33,20.0,25,16,5,-35.5,35.5
PUM.F,1,0,False,False,13,0,5,0,False,False,13,0,2,0,False,False,0,10,1,0,False,False,0,0,0,8,False,True,0,0,20.0,17.78,0.0,20.0,2.22,-20.0,26,10,5,14.67,-14.67
CTE.AX,4,0,False,False,0,0,4,0,False,False,0,0,0,0,False,False,13,0,1,0,False,False,0,13,1,0,False,False,0,0,22.22,0.0,0.0,0.0,22.22,0.0,13,13,5,-13.33,13.33
CRC,0,3,False,False,1,0,11,0,False,False,2,0,10,0,False,False,1,0,7,0,False,False,0,4,1,0,False,False,0,0,57.78,6.67,0.0,0.0,51.11,0.0,4,4,5,-30.67,30.67
4776.T,7,0,False,False,0,7,0,1,False,False,4,0,1,0,False,False,0,2,2,0,False,False,8,0,0,2,False,False,0,4,22.22,6.67,0.0,0.0,15.56,0.0,12,13,5,-9.84,9.84
7979.T,2,0,False,False,0,10,0,4,False,False,0,7,4,0,False,False,0,2,0,6,False,False,10,0,0,1,False,False,3,0,13.33,24.44,0.0,0.0,-11.11,0.0,13,19,5,3.67,-3.67
SR9A.SG,0,0,False,False,13,0,0,0,False,False,13,0,0,2,False,False,1,0,0,1,False,False,0,13,8,0,True,False,0,2,17.78,6.67,20.0,0.0,11.11,20.0,27,15,5,-8.67,8.67
2876.T,2,0,False,False,0,4,1,0,False,False,6,0,0,3,False,False,9,0,3,0,False,False,0,12,1,0,False,False,0,0,15.56,6.67,0.0,0.0,8.89,0.0,15,16,5,-5.83,5.83
ALCUR.PA,0,1,False,False,2,0,6,0,False,False,0,0,1,0,False,False,12,0,2,0,False,False,8,0,1,0,False,False,0,0,22.22,2.22,0.0,0.0,20.0,0.0,22,0,5,-1.0,1.0
SJ7.F,0,2,False,False,0,13,0,2,False,False,0,13,0,6,False,False,0,13,0,7,False,False,12,0,0,2,False,False,8,0,0.0,42.22,0.0,0.0,-42.22,0.0,20,39,5,15.83,-15.83
D2G.F,0,2,False,False,11,0,0,2,False,False,6,0,12,0,False,False,3,0,4,0,False,False,0,13,1,0,False,False,0,0,31.11,8.89,0.0,0.0,22.22,0.0,20,13,5,-9.83,9.83
2926.T,0,1,False,False,0,0,0,0,False,False,10,0,0,1,False,False,4,0,3,0,False,False,13,0,1,0,False,False,13,0,8.89,4.44,0.0,0.0,4.44,0.0,40,0,5,17.34,-17.34
7458.T,0,6,False,False,8,0,0,1,False,False,0,7,4,0,False,False,9,0,2,0,False,False,0,6,3,0,False,False,7,0,20.0,15.56,0.0,0.0,4.44,0.0,24,13,5,2.84,-2.84
ER0.SI,0,0,False,False,0,0,0,0,False,False,0,0,0,0,False,False,8,0,3,0,False,False,0,13,1,0,False,False,10,0,8.89,0.0,0.0,0.0,8.89,0.0,18,13,5,-2.83,2.83
RNK.L,0,2,False,False,5,0,5,0,False,False,0,2,4,0,False,False,8,0,0,2,False,False,8,0,0,2,False,False,13,0,20.0,13.33,0.0,0.0,6.67,0.0,34,2,5,12.0,-12.0
8219.HK,0,4,False,False,0,0,0,1,False,False,0,0,2,0,False,False,0,12,1,0,False,False,13,0,0,4,False,False,6,0,6.67,20.0,0.0,0.0,-13.33,0.0,19,12,5,11.5,-11.5
STRINV.CO,3,0,False,False,5,0,0,0,False,False,2,0,5,0,False,False,13,0,2,0,False,False,4,0,2,0,False,False,1,0,26.67,0.0,0.0,0.0,26.67,0.0,25,0,5,-3.5,3.5
VG,2,0,False,False,10,0,10,0,False,False,0,0,4,0,False,False,13,0,2,0,False,False,8,0,0,5,False,False,0,0,37.78,11.11,0.0,0.0,26.67,0.0,31,0,5,-0.5,0.5
0480.HK,8,0,True,False,13,0,2,0,False,False,11,0,1,0,False,False,13,0,4,0,False,False,0,3,2,0,False,False,0,2,37.78,0.0,20.0,0.0,37.78,20.0,37,5,5,-14.67,14.67
6588.T,2,0,False,False,10,0,2,0,False,False,0,0,1,0,False,False,0,3,1,0,False,False,13,0,1,0,False,False,0,4,15.56,0.0,0.0,0.0,15.56,0.0,23,7,5,-1.34,1.34
2121.T,0,1,False,False,2,0,4,0,False,False,0,6,7,0,False,False,13,0,1,0,False,False,12,0,10,0,False,False,0,0,46.67,2.22,0.0,0.0,44.44,0.0,27,6,5,-16.16,16.16
EVE.SW,0,3,False,False,7,0,0,1,False,False,0,0,0,1,False,False,0,1,0,10,False,False,0,1,0,4,False,False,0,0,0.0,40.0,0.0,0.0,-40.0,0.0,7,2,5,26.5,-26.5
1145.HK,1,0,False,False,0,0,0,1,False,False,0,0,0,1,False,False,13,0,3,0,False,False,10,0,0,1,False,False,0,3,8.89,6.67,0.0,0.0,2.22,0.0,23,3,5,8.67,-8.67
BIIB,0,3,False,False,9,0,0,1,False,False,0,13,2,0,False,False,0,13,0,9,False,True,0,0,0,11,False,False,0,2,4.44,48.89,0.0,20.0,-44.44,-20.0,9,28,5,25.16,-25.16
RTG.AX,0,1,False,False,0,13,0,1,False,False,0,13,0,0,False,False,0,13,4,0,False,False,0,13,1,0,False,False,10,0,11.11,4.44,0.0,0.0,6.67,0.0,10,52,5,-25.0,25.0
EDD3.F,1,0,False,False,0,0,0,4,False,False,0,0,0,0,False,False,13,0,0,1,False,False,13,0,0,3,False,False,11,0,2.22,17.78,0.0,0.0,-15.56,0.0,37,0,5,27.84,-27.84
NXT,0,1,False,False,0,3,0,1,False,False,3,0,0,4,False,False,0,13,2,0,False,False,0,13,0,18,False,False,0,6,4.44,33.33,0.0,0.0,-28.89,0.0,3,35,5,1.33,-1.33
7744.T,4,0,False,False,0,1,0,4,False,False,4,0,0,5,False,False,1,0,3,0,False,False,0,6,2,0,False,False,0,1,20.0,20.0,0.0,0.0,0.0,0.0,5,8,5,-1.5,1.5
DOC,0,5,False,False,11,0,7,0,False,False,0,3,4,0,False,False,13,0,1,0,False,False,13,0,0,3,False,False,7,0,26.67,17.78,0.0,0.0,8.89,0.0,44,3,5,15.17,-15.17
5PO.SI,0,1,False,False,7,0,1,0,False,False,2,0,0,3,False,False,0,13,4,0,False,False,0,5,2,0,False,False,0,12,15.56,8.89,0.0,0.0,6.67,0.0,9,30,5,-14.5,14.5
9423.T,0,0,False,False,0,0,0,0,False,False,0,0,1,0,False,False,0,13,1,0,False,False,0,13,4,0,False,False,0,0,13.33,0.0,0.0,0.0,13.33,0.0,0,26,5,-21.0,21.0
REPYF,0,0,False,False,0,0,0,0,False,False,0,0,3,0,False,False,13,0,1,0,False,False,0,3,0,17,False,False,0,7,8.89,20.0,0.0,0.0,-11.11,0.0,13,10,3,8.17,-8.17
BJD.SI,3,0,False,False,0,0,1,0,False,False,0,0,1,0,False,False,0,13,0,1,False,False,0,13,3,0,False,False,13,0,17.78,2.22,0.0,0.0,15.56,0.0,13,26,5,-15.84,15.84
8563.T,2,0,False,False,13,0,2,0,False,False,11,0,1,0,False,False,0,3,3,0,False,False,0,12,2,0,False,False,0,0,22.22,0.0,0.0,0.0,22.22,0.0,24,15,5,-8.83,8.83
NRXS,0,6,False,False,0,13,0,2,False,False,13,0,0,1,False,False,0,13,5,0,False,False,0,7,0,14,False,False,0,4,11.11,40.0,0.0,0.0,-28.89,0.0,13,37,5,5.33,-5.33
NPS.F,2,0,False,False,13,0,2,0,False,False,13,0,1,0,False,False,6,0,17,0,False,False,4,0,5,0,False,False,8,0,42.22,0.0,0.0,0.0,42.22,0.0,44,0,5,-3.33,3.33
LEH.F,2,0,False,False,0,0,2,0,False,False,0,0,4,0,False,False,0,13,0,7,False,False,8,0,0,4,False,False,13,0,17.78,24.44,0.0,0.0,-6.67,0.0,21,13,5,8.0,-8.0
7228.T,1,0,False,False,13,0,0,2,False,False,13,0,0,3,False,False,5,0,0,1,False,False,0,9,7,0,False,False,0,0,17.78,13.33,0.0,0.0,4.44,0.0,31,9,5,8.34,-8.34
VXL.V,7,0,False,False,0,3,6,0,False,False,0,0,0,0,False,False,13,0,5,0,False,False,13,0,0,4,False,False,0,0,40.0,8.89,0.0,0.0,31.11,0.0,26,3,5,-7.17,7.17
RDED.F,11,0,False,False,3,0,11,0,False,False,3,0,8,0,True,False,13,0,1,0,False,False,0,13,12,0,False,False,2,0,80.0,0.0,20.0,0.0,80.0,20.0,21,13,5,-52.0,52.0
CIM,2,0,False,False,0,11,4,0,False,False,0,8,2,0,False,False,0,12,0,2,False,False,6,0,1,0,False,False,8,0,20.0,4.44,0.0,0.0,15.56,0.0,14,31,5,-17.84,17.84
STOHF,0,0,False,False,0,0,0,0,False,False,0,0,0,0,False,False,0,13,2,0,False,False,0,9,0,6,False,False,0,11,4.44,13.33,0.0,0.0,-8.89,0.0,0,33,3,-11.17,11.17
8097.TWO,0,5,False,False,13,0,0,3,False,False,0,13,0,1,False,False,0,6,0,6,False,False,5,0,0,2,False,False,1,0,0.0,37.78,0.0,0.0,-37.78,0.0,19,19,5,22.67,-22.67
GNFT.PA,0,5,False,False,0,8,0,8,False,True,0,6,0,7,False,False,0,11,0,5,False,False,0,11,0,9,False,True,0,1,0.0,75.56,0.0,40.0,-75.56,-40.0,0,37,5,42.84,-42.84
MEKO.ST,3,0,False,False,0,13,4,0,False,False,0,0,0,4,False,False,6,0,2,0,False,False,7,0,0,2,False,False,4,0,20.0,13.33,0.0,0.0,6.67,0.0,17,13,5,-2.0,2.0
APA,0,3,False,False,1,0,10,0,False,False,2,0,5,0,False,False,0,9,2,0,False,False,0,5,0,11,False,False,0,1,35.56,26.67,0.0,0.0,8.89,0.0,3,15,5,-11.33,11.33
ITB.DE,6,0,False,False,10,0,9,0,True,False,1,0,3,0,False,False,4,0,1,0,False,False,1,0,4,0,False,False,0,8,51.11,0.0,20.0,0.0,51.11,20.0,16,8,5,-34.67,34.67
INF.PA,1,0,False,False,13,0,0,1,False,False,0,13,2,0,False,False,13,0,3,0,False,False,13,0,0,1,False,False,0,0,13.33,4.44,0.0,0.0,8.89,0.0,39,13,5,7.67,-7.67
ESAU.MI,0,0,False,False,13,0,1,0,False,False,0,0,0,0,False,False,13,0,6,0,False,False,0,13,2,0,False,False,0,0,20.0,0.0,0.0,0.0,20.0,0.0,26,13,5,-5.5,5.5
9684.T,0,1,False,False,13,0,2,0,False,False,5,0,1,0,False,False,13,0,2,0,False,False,13,0,9,0,True,False,0,0,31.11,2.22,20.0,0.0,28.89,20.0,44,0,5,-3.33,3.33
ALMDT.PA,0,4,False,False,0,13,4,0,False,False,0,1,0,4,False,False,0,0,2,0,False,False,0,6,0,12,False,False,0,0,13.33,37.78,0.0,0.0,-24.44,0.0,0,20,5,4.66,-4.66
AFC.L,2,0,False,False,9,0,1,0,False,False,0,7,1,0,False,False,0,13,3,0,False,False,0,13,0,7,False,False,2,0,15.56,15.56,0.0,0.0,0.0,0.0,11,33,5,-11.0,11.0
NLOP,0,1,False,False,1,0,4,0,False,False,0,4,1,0,False,False,8,0,1,0,False,False,9,0,11,0,False,False,0,0,33.33,2.22,0.0,0.0,31.11,0.0,18,4,5,-11.67,11.67
ISU.SG,0,1,False,False,13,0,0,8,False,True,0,10,0,5,False,False,1,0,0,1,False,False,4,0,4,0,False,False,0,0,8.89,33.33,0.0,20.0,-24.44,-20.0,18,10,5,26.66,-26.66
ALI2S.PA,0,0,False,False,0,0,0,0,False,False,0,0,2,0,False,False,13,0,4,0,False,False,13,0,2,0,False,False,0,4,17.78,0.0,0.0,0.0,17.78,0.0,26,4,5,0.33,-0.33
4341.T,0,4,False,False,13,0,0,2,False,False,0,13,4,0,False,False,13,0,1,0,False,False,5,0,1,0,False,False,0,0,13.33,13.33,0.0,0.0,0.0,0.0,31,13,5,9.0,-9.0
1159.HK,0,2,False,False,0,13,0,3,False,False,0,7,0,4,False,False,11,0,0,1,False,False,13,0,0,1,False,False,8,0,0.0,24.44,0.0,0.0,-24.44,0.0,32,20,5,20.66,-20.66
6194.T,0,3,False,False,0,13,2,0,False,False,0,13,2,0,False,False,0,3,2,0,False,False,9,0,4,0,False,False,13,0,22.22,6.67,0.0,0.0,15.56,0.0,22,29,5,-12.84,12.84
1686.HK,0,2,False,False,13,0,0,1,False,False,5,0,1,0,False,False,0,4,4,0,False,False,0,4,2,0,False,False,9,0,15.56,6.67,0.0,0.0,8.89,0.0,27,8,5,4.17,-4.17
6656.T,1,0,False,False,4,0,0,3,False,False,0,4,5,0,False,False,0,6,0,10,False,False,0,1,0,3,False,False,8,0,13.33,33.33,0.0,0.0,-20.0,0.0,12,11,5,12.5,-12.5
